5775 5581
0 118 1 99.374 11.176
1 869 1 93.422 11.176
1 2003 1 16.337 11.11111124992
2 3 1 204.84 11.176
2 118 1 65.4 11.176
2 1806 1 77.373 11.176
3 2 1 204.84 11.176
3 4 1 19.623 11.176
3 12 1 85.65 11.176
4 3 1 19.623 11.176
4 117 1 159.853 11.176
4 455 1 70.611 11.176
5 6 1 101.722 6.7056
5 454 1 36.516 11.176
5 1301 1 198.065 11.176
6 5 1 101.722 6.7056
6 7 1 136.503 11.176
6 2110 1 180.582 6.7056
7 6 1 136.503 11.176
7 252 1 429.772 11.176
8 9 1 164.248 11.176
8 1301 1 149.694 11.176
8 2114 1 236.915 11.176
9 8 1 164.248 11.176
9 10 1 194.198 11.176
9 11 1 182.449 11.176
10 9 1 194.198 11.176
10 2111 1 330.699 11.176
11 9 1 182.449 11.176
12 3 1 85.65 11.176
13 1376 5 556.02 29.0576
14 820 1 82.873 11.176
14 956 1 44.169 11.176
15 16 1 365.981 11.176
15 495 1 81.069 11.176
15 559 1 173.4 11.176
15 2089 1 190.847 11.176
16 15 1 365.981 11.176
16 821 1 80.868 11.176
16 1127 1 83.163 11.176
17 1370 1 609.806 11.11111124992
18 1657 1 148.233 11.11111124992
19 124 2 133.468 11.176
19 473 1 163.26 11.176
19 1304 1 105.951 11.176
20 2131 1 80.626 11.176
20 2133 1 26.061 11.11111124992
21 44 5 476.351 29.0576
22 13 2 388.56 11.11111124992
22 28 2 149.315 15.6464
23 786 1 132.67 11.176
23 1505 1 65.204 11.11111124992
24 23 1 94.358 11.11111124992
24 29 1 25.066 11.176
24 1153 1 132.983 11.176
25 1159 3 110.5 11.176
25 2049 1 11.57 11.176
26 404 1 175.52 11.11111124992
27 32 1 160.23 11.11111124992
28 27 1 93.169 11.11111124992
28 33 2 60.286 15.6464
29 24 1 25.066 11.176
29 458 1 140.956 11.176
30 1810 1 58.513 11.11111124992
30 1811 1 97.591 11.11111124992
31 30 1 155.04 11.11111124992
31 34 1 308.205 11.11111124992
32 31 1 35.122 11.11111124992
33 27 1 62.677 11.11111124992
33 1378 3 39.201 15.6464
34 39 5 1326.041 29.0576
35 741 1 87.349 11.176
35 778 1 140.579 11.176
35 1381 1 212.952 11.176
36 890 2 202.01 11.176
36 1090 1 100.972 11.176
37 38 1 116.518 11.11111124992
37 1586 1 224.97 11.11111124992
38 1372 1 134.659 11.11111124992
38 1373 1 174.951 11.11111124992
39 40 1 247.501 11.11111124992
40 17 2 121.661 11.11111124992
40 41 1 64.164 11.11111124992
41 42 1 57.945 11.11111124992
41 1763 1 35.559 11.11111124992
42 1490 2 1953.156 15.6464
42 1763 2 48.546 15.6464
43 252 1 114.679 11.176
43 2019 1 37.935 11.176
44 32 1 294.024 11.11111124992
44 34 5 635.385 29.0576
45 212 1 100.015 11.176
45 976 3 203.026 13.4112
45 1524 1 11.156 11.176
46 47 1 20.565 11.176
46 1286 1 29.945 11.176
46 1524 2 63.679 11.176
47 46 1 20.565 11.176
47 48 1 79.217 11.176
47 583 1 110.292 11.176
48 47 1 79.217 11.176
48 49 1 80.638 11.176
48 584 1 82.804 11.176
48 1262 1 65.944 11.176
49 48 1 80.638 11.176
49 640 1 101.126 11.176
49 1646 1 23.278 11.176
49 1924 1 185.953 11.176
50 51 1 67.64 11.176
50 172 1 539.031 11.176
50 173 1 25.598 11.176
50 1646 1 45.043 11.176
51 50 1 67.64 11.176
51 52 1 49.788 11.176
52 51 1 49.788 11.176
52 53 1 129.242 11.176
53 52 1 129.242 11.176
53 54 1 145.083 11.176
53 675 1 334.243 11.176
54 53 1 145.083 11.176
54 55 1 169.396 11.176
54 676 1 218.644 11.176
54 713 1 59.589 11.176
55 54 1 169.396 11.176
55 56 1 44.18 11.176
55 366 1 87.568 11.176
56 55 1 44.18 11.176
56 57 1 65.483 11.176
56 375 1 98.059 11.176
57 56 1 65.483 11.176
57 58 1 56.089 11.176
57 366 1 74.936 11.176
58 57 1 56.089 11.176
58 525 1 166.593 11.176
58 1625 1 78.641 11.176
59 60 1 61.555 11.176
59 1625 1 26.176 11.176
59 1626 2 26.535 11.176
60 59 1 61.555 11.176
60 61 1 76.047 11.176
60 525 1 166.685 11.176
61 60 1 76.047 11.176
61 62 1 78.118 11.176
61 715 1 221.43 11.176
61 725 1 349.373 11.176
62 61 1 78.118 11.176
62 715 1 111.196 11.176
62 1357 1 88.621 11.176
63 64 1 93.236 11.176
63 830 1 266.351 11.176
63 1357 1 10.541 11.176
64 63 1 93.236 11.176
64 65 1 269.88 11.176
64 549 1 158.304 11.176
65 64 1 269.88 11.176
65 554 1 181.193 11.176
65 1634 1 86.417 11.176
66 67 1 169.855 11.176
66 357 2 97.707 11.176
66 900 2 64.359 11.176
66 1463 1 49.079 11.176
67 66 1 169.855 11.176
67 68 1 131.614 11.176
67 1014 1 203.343 11.176
68 67 1 131.614 11.176
68 1464 2 116.351 11.176
68 1652 1 274.201 11.176
69 1144 1 181.6 11.176
69 1439 1 26.421 11.176
69 1464 2 47.48 11.176
69 1633 1 23.925 11.176
70 690 1 135.336 11.176
70 740 1 116.45 11.176
70 1079 1 254.306 11.176
71 72 1 326.199 11.176
71 266 1 83.647 11.176
71 1649 1 174.871 11.176
72 71 1 326.199 11.176
72 1034 1 176.155 11.176
72 1192 1 94.741 11.176
73 74 1 78.137 11.176
74 73 1 78.137 11.176
74 75 1 93.247 11.176
74 635 1 201.981 11.176
75 74 1 93.247 11.176
75 76 1 104.271 11.176
75 636 1 202.58 11.176
76 75 1 104.271 11.176
76 77 1 94.646 11.176
76 1619 1 50.653 11.176
77 76 1 94.646 11.176
77 78 2 100.416 11.176
77 916 2 200.787 11.176
77 1620 1 33.549 11.176
77 1621 2 20.844 11.176
78 77 2 100.416 11.176
78 79 1 100.408 11.176
78 638 1 202.258 11.176
78 917 1 202.121 11.176
79 78 1 100.408 11.176
79 80 1 99.867 11.176
79 476 1 201.72 11.176
79 2125 1 199.848 11.176
80 79 1 99.867 11.176
80 81 1 100.654 11.176
80 202 1 202.095 11.176
80 203 1 202.373 11.176
81 80 1 100.654 11.176
81 870 2 95.994 13.4112
81 1565 1 11.455 11.176
82 83 1 77.661 11.176
82 615 1 201.291 11.176
82 1565 1 66.012 11.176
83 82 1 77.661 11.176
83 84 1 49.724 11.176
83 184 1 201.4 11.176
84 83 1 49.724 11.176
84 85 1 41.467 11.176
84 1976 1 91.739 11.176
85 84 1 41.467 11.176
85 86 1 90.857 11.176
85 616 1 201.2 11.176
86 85 1 90.857 11.176
86 87 1 31.708 11.176
86 617 1 201.359 11.176
87 86 1 31.708 11.176
87 88 1 77.256 11.176
87 871 1 97.821 11.176
88 87 1 77.256 11.176
88 89 1 73.004 11.176
88 1894 1 196.794 11.176
89 88 1 73.004 11.176
89 90 1 50.329 11.176
89 618 1 201.073 11.176
90 89 1 50.329 11.176
90 91 1 14.36 11.176
90 1615 1 91.405 11.176
91 90 1 14.36 11.176
91 92 1 84.959 11.176
91 388 1 201.728 11.176
92 91 1 84.959 11.176
92 93 1 82.122 11.176
92 1898 1 197.553 11.176
93 92 1 82.122 11.176
93 431 2 98.412 13.4112
93 1537 1 13.694 11.176
94 619 1 202.786 11.176
94 1537 1 84.09 11.176
94 2082 1 87.129 11.176
95 872 1 93.73 11.176
95 2083 1 29.809 11.176
96 97 1 106.485 11.176
96 620 1 203.219 11.176
96 2083 1 53.379 11.176
97 96 1 106.485 11.176
97 98 1 93.58 11.176
97 621 1 204.775 11.176
97 772 1 98.725 11.176
98 97 1 93.58 11.176
98 99 1 101.671 11.176
98 622 1 298.877 11.176
99 98 1 101.671 11.176
99 100 1 99.097 11.176
99 622 1 202.771 11.176
99 873 1 100.445 11.176
100 99 1 99.097 11.176
100 623 1 202.804 11.176
100 2118 1 100.774 11.176
101 102 2 197.88 11.176
101 2117 2 24.572 11.176
101 2118 1 7.435 11.176
102 875 1 101.713 11.176
102 1607 2 214.426 11.176
103 104 2 182.31 11.176
103 318 3 101.574 11.176
104 105 2 201.631 11.176
104 1765 1 20.519 11.176
105 106 2 202.165 11.176
105 321 2 101.441 11.176
106 1420 2 154.647 11.176
107 108 2 57.286 11.176
107 323 3 101.58 11.176
108 109 2 115.132 11.176
108 711 1 205.238 11.176
109 110 2 29.661 11.176
109 913 1 215.113 11.176
110 111 2 86.246 11.176
110 324 1 101.901 11.176
111 112 2 115.015 11.176
111 914 1 224.448 11.176
112 113 2 101.345 11.176
112 325 1 94.947 11.176
112 902 1 199.683 11.176
113 114 2 101.99 11.176
113 903 1 201.348 11.176
114 115 3 45.438 11.176
114 903 1 297.223 11.176
115 116 1 54.662 11.176
115 326 2 116.452 11.176
115 557 2 63.525 11.176
116 115 1 54.662 11.176
116 117 1 78.807 11.176
116 556 1 222.537 11.176
116 557 1 43.562 11.176
117 4 1 159.853 11.176
117 116 1 78.807 11.176
117 1806 1 26.442 11.176
118 0 1 99.374 11.176
118 2 1 65.4 11.176
118 1777 1 430.848 11.176
119 1320 1 62.696 11.176
119 1365 1 74.719 11.176
119 1679 1 37.457 11.176
120 121 1 154.319 11.176
120 810 1 98.293 11.176
120 811 1 103.44 11.176
120 1679 1 379.649 11.176
121 120 1 154.319 11.176
121 1252 1 161.416 11.176
121 2048 1 64.732 11.176
122 1433 1 137.246 11.176
122 2047 1 15.382 11.176
122 2048 1 16.727 11.176
123 124 1 106.629 11.176
123 1239 1 101.905 11.176
123 1304 1 131.387 11.176
123 1363 1 97.096 11.176
124 19 2 133.468 11.176
124 123 1 106.629 11.176
124 1623 1 23.184 11.176
124 1624 2 26.371 11.176
125 967 1 299.826 11.11111124992
125 1517 1 32.55 11.11111124992
126 127 1 207.193 11.176
126 303 1 75.937 11.176
126 639 1 76.255 11.176
127 126 1 207.193 11.176
127 156 1 87.188 11.176
127 304 1 139.727 11.176
127 2101 1 135.391 11.176
128 129 1 99.943 11.176
128 752 1 145.943 11.176
128 931 1 57.53 11.176
129 128 1 99.943 11.176
130 131 1 80.906 11.176
130 350 1 58.943 11.176
130 781 1 104.533 11.176
131 130 1 80.906 11.176
131 132 1 76.812 11.176
131 410 1 153.067 11.176
132 131 1 76.812 11.176
132 133 1 153.43 11.176
132 1075 1 77.35 11.176
132 1235 1 104.417 11.176
133 132 1 153.43 11.176
133 444 3 104.223 13.4112
133 1544 1 11.737 11.176
134 951 3 117.148 11.176
134 1693 1 15.42 11.176
135 136 1 154.589 11.176
135 452 1 115.177 11.176
135 453 1 168.588 11.176
136 135 1 154.589 11.176
136 225 1 175.005 11.176
136 226 1 28.59 11.176
137 138 1 77.541 11.176
137 139 1 82.53 11.176
137 1093 1 33.836 11.176
138 137 1 77.541 11.176
138 139 2 51.984 11.176
138 1266 2 13.588 11.176
139 137 1 82.53 11.176
139 138 2 51.984 11.176
139 599 1 278.518 11.176
139 1933 2 75.189 11.176
140 141 1 199.988 11.176
140 561 1 100.097 11.176
140 2080 1 242.155 11.176
141 140 1 199.988 11.176
141 563 1 77.101 11.176
141 1309 1 99.957 11.176
142 813 1 116.822 11.176
142 841 1 214.301 11.176
142 2081 1 99.737 11.176
143 144 1 245.737 11.176
143 446 2 121.441 11.176
143 1296 2 102.629 11.176
144 143 1 245.737 11.176
144 445 1 84.407 11.176
145 1103 2 134.743 11.176
145 1940 1 93.398 11.176
146 147 1 94.743 11.176
146 665 1 199.699 11.176
146 1104 1 136.189 11.176
146 1941 1 83.679 11.176
147 146 1 94.743 11.176
147 148 1 104.2 11.176
147 666 1 199.855 11.176
147 784 1 135.741 11.176
148 147 1 104.2 11.176
148 149 1 94.449 11.176
148 186 2 200.322 11.176
148 187 1 135.749 11.176
149 148 1 94.449 11.176
149 150 1 100.353 11.176
149 667 1 200.221 11.176
149 1105 1 135.758 11.176
150 149 1 100.353 11.176
150 151 1 100.277 11.176
150 668 1 200.494 11.176
150 1043 1 135.402 11.176
151 150 1 100.277 11.176
151 152 1 100.201 11.176
151 486 1 200.023 11.176
151 487 1 135.843 11.176
152 151 1 100.201 11.176
152 153 1 100.204 11.176
152 209 1 200.606 11.176
153 152 1 100.204 11.176
153 1106 2 136.555 13.4112
153 1580 1 10.807 11.176
154 155 1 76.086 11.176
154 670 1 200.393 11.176
154 1107 1 135.637 11.176
154 1580 1 77.988 11.176
155 154 1 76.086 11.176
155 156 1 76.131 11.176
155 671 1 200.241 11.176
155 1108 1 136.192 11.176
156 127 1 87.188 11.176
156 155 1 76.131 11.176
156 639 1 200.023 11.176
156 2100 1 113.672 11.176
157 158 1 102.37 11.176
157 1662 1 7.731 11.176
158 157 1 102.37 11.176
158 496 1 43.538 11.176
159 160 1 208.433 11.176
159 379 1 101.177 11.176
159 1302 1 45.383 11.176
160 159 1 208.433 11.176
160 161 1 99.58 11.176
160 380 1 168.341 11.176
160 980 1 62.643 11.176
161 160 1 99.58 11.176
161 162 1 103.082 11.176
161 724 1 233.146 11.176
161 1351 1 83.481 11.176
162 161 1 103.082 11.176
162 163 1 130.503 11.176
162 381 1 100.533 11.176
162 1938 1 99.53 11.176
163 162 1 130.503 11.176
163 382 1 100.21 11.176
163 1947 1 225.607 11.176
164 673 1 19.091 11.176
165 166 1 206.749 11.176
165 604 1 143.61 11.176
165 882 1 80.382 11.176
166 165 1 206.749 11.176
166 167 1 303.03 11.176
166 545 1 79.269 11.176
166 546 1 75.569 11.176
167 166 1 303.03 11.176
167 883 1 73.067 11.176
167 897 1 76.979 11.176
168 169 1 109.955 11.176
168 1066 3 83.925 11.176
168 1766 1 9.194 11.176
169 168 1 109.955 11.176
169 700 1 79.856 11.176
169 1190 1 71.257 11.176
170 171 1 37.922 11.176
170 385 1 75.711 11.176
170 398 1 67.242 11.176
171 170 1 37.922 11.176
172 50 1 539.031 11.176
172 352 1 75.633 11.176
172 1421 1 48.264 11.176
173 50 1 25.598 11.176
173 174 1 107.77 11.176
173 347 1 78.107 11.176
174 173 1 107.77 11.176
174 175 1 202.759 11.176
174 348 1 76.494 11.176
174 640 1 76.655 11.176
175 174 1 202.759 11.176
175 176 1 99.48 11.176
175 349 1 77.158 11.176
175 641 1 75.095 11.176
176 175 1 99.48 11.176
176 177 1 102.531 11.176
176 724 1 131.397 11.176
176 1576 1 290.382 11.176
177 176 1 102.531 11.176
177 995 1 131.545 11.176
177 1575 1 274.148 11.176
177 1595 1 130.024 11.176
178 179 1 143.421 11.176
178 1550 1 250.775 11.176
178 1595 1 16.537 11.176
179 178 1 143.421 11.176
179 1497 1 12.235 11.176
179 1574 3 228.38 11.176
180 181 1 201.702 11.176
180 1145 1 90.9 11.176
180 1497 1 102.037 11.176
181 180 1 201.702 11.176
181 182 1 201.511 11.176
181 1146 1 91.309 11.176
181 1225 1 91.131 11.176
182 181 1 201.511 11.176
182 183 1 111.359 11.176
182 1147 1 91.479 11.176
182 1226 1 91.291 11.176
183 182 1 111.359 11.176
183 184 1 90.565 11.176
183 1567 1 169.457 11.176
184 83 1 201.4 11.176
184 183 1 90.565 11.176
184 615 1 76.992 11.176
184 616 1 91.726 11.176
185 186 2 204.261 11.176
185 783 1 105.254 11.176
185 1257 1 92.575 11.176
186 148 2 200.322 11.176
186 185 2 204.261 11.176
186 666 2 104.215 11.176
186 667 2 94.178 11.176
187 148 1 135.749 11.176
187 188 1 134.443 11.176
187 784 1 103.919 11.176
187 1105 1 94.24 11.176
188 187 1 134.443 11.176
188 189 2 133.926 11.176
188 579 1 104.169 11.176
188 580 1 94.415 11.176
189 188 2 133.926 11.176
189 190 2 202.756 11.176
189 785 1 104.384 11.176
189 1259 1 93.845 11.176
190 189 2 202.756 11.176
190 191 2 202.566 11.176
190 974 1 94.908 11.176
190 1950 1 103.424 11.176
191 190 2 202.566 11.176
191 192 2 143.45 11.176
191 991 1 96.064 11.176
192 191 2 143.45 11.176
192 193 2 147.211 11.176
192 1512 1 89.737 11.176
192 1942 1 102.913 11.176
193 192 2 147.211 11.176
193 1486 3 38.494 11.176
193 1491 1 11.495 11.176
194 195 2 165.828 11.176
194 786 1 103.912 11.176
194 1210 1 94.38 11.176
194 1491 2 140.201 11.176
195 194 2 165.828 11.176
195 196 2 202.276 11.176
195 1914 1 89.128 11.176
195 1934 1 104.119 11.176
196 195 2 202.276 11.176
196 197 1 202.028 11.176
196 637 1 292.556 11.176
196 787 1 104.002 11.176
197 196 1 202.028 11.176
197 198 1 117.43 11.176
197 636 1 103.971 11.176
197 637 1 94.332 11.176
198 197 1 117.43 11.176
198 1619 1 38.178 11.176
198 2040 1 11.732 11.176
199 214 1 146.089 11.176
199 491 2 100.029 11.176
199 1495 1 12.34 11.176
200 201 1 165.199 11.176
200 1211 1 100.324 11.176
200 1495 1 140.919 11.176
200 2004 1 94.392 11.176
201 200 1 165.199 11.176
201 1255 1 100.864 11.176
201 1912 1 197.45 11.176
201 1918 1 94.324 11.176
202 80 1 202.095 11.176
202 614 1 100.541 11.176
202 1909 1 197.327 11.176
202 2124 1 95.947 11.176
203 80 1 202.373 11.176
203 204 1 152.445 11.176
203 476 1 99.919 11.176
203 918 2 101.807 11.176
204 203 1 152.445 11.176
204 205 1 98.886 11.176
204 477 1 100.697 11.176
204 805 1 102.044 11.176
205 204 1 98.886 11.176
205 206 1 107.591 11.176
205 478 1 100.192 11.176
205 1077 1 101.614 11.176
206 205 1 107.591 11.176
206 207 1 208.828 11.176
206 479 1 100.249 11.176
206 1006 1 101.212 11.176
207 206 1 208.828 11.176
207 480 1 99.564 11.11111124992
207 1112 1 101.428 11.11111124992
208 209 1 204.365 11.176
208 485 1 99.447 11.176
208 1256 1 100.161 11.176
209 152 1 200.606 11.176
209 208 1 204.365 11.176
209 486 2 100.208 11.176
209 669 2 99.235 11.176
210 211 1 134.46 11.176
210 487 1 100.193 11.176
210 1106 1 99.495 11.176
210 2038 1 122.071 11.176
211 210 1 134.46 11.176
211 212 1 134.105 11.176
211 488 1 100.263 11.176
211 582 1 99.809 11.176
212 45 1 100.015 11.176
212 211 1 134.105 11.176
212 213 1 202.785 11.176
212 2093 1 75.558 11.176
213 212 1 202.785 11.176
213 490 1 100.233 11.176
213 976 1 100.144 11.176
213 1507 1 195.808 11.176
214 199 1 146.089 11.176
214 460 1 100.823 11.176
214 1510 1 93.713 11.176
214 1516 1 137.667 11.176
215 216 1 284.585 11.176
215 643 1 102.569 11.176
216 215 1 284.585 11.176
216 217 1 114.26 11.176
216 1070 1 172.676 11.176
217 216 1 114.26 11.176
217 218 1 131.875 11.176
217 305 1 87.283 11.176
218 217 1 131.875 11.176
218 219 1 113.188 11.176
218 528 1 307.566 11.176
219 218 1 113.188 11.176
219 220 1 283.491 11.176
219 241 1 404.194 11.176
220 219 1 283.491 11.176
220 221 1 130.237 11.176
220 306 1 49.738 11.176
221 220 1 130.237 11.176
221 222 1 63.759 11.176
221 241 1 113.177 8.9408
221 307 1 100.978 11.176
222 221 1 63.759 11.176
222 223 1 75.498 11.176
222 243 1 196.062 11.176
223 222 1 75.498 11.176
223 224 1 346.147 11.176
223 308 1 115.811 11.176
224 223 1 346.147 11.176
224 225 1 231.958 11.176
224 451 1 152.667 11.176
225 136 1 175.005 11.176
225 224 1 231.958 11.176
225 309 1 210.965 11.176
226 136 1 28.59 11.176
226 227 1 99.1 11.176
226 920 1 115.046 11.176
227 226 1 99.1 11.176
227 228 1 155.71 11.176
227 250 1 71.345 11.176
228 227 1 155.71 11.176
228 229 1 51.575 11.176
228 1194 1 47.632 11.176
229 228 1 51.575 11.176
229 230 1 334.184 11.176
229 453 1 92.109 11.176
230 229 1 334.184 11.176
230 231 1 237.018 11.176
230 844 1 94.971 11.176
231 230 1 237.018 11.176
231 232 1 111.074 11.176
231 791 1 152.93 11.176
232 231 1 111.074 11.176
232 233 1 292.182 11.176
232 1287 1 254.408 11.176
233 232 1 292.182 11.176
233 234 1 97.388 11.176
233 817 1 214.573 11.176
234 233 1 97.388 11.176
234 235 1 27.709 11.176
234 523 1 698.854 11.176
235 234 1 27.709 11.176
235 522 1 222.419 11.176
236 237 1 85.727 11.176
236 386 1 121.544 11.176
236 387 1 52.1 11.176
237 236 1 85.727 11.176
238 239 1 413.072 11.176
239 238 1 413.072 11.176
239 585 2 259.873 11.176
239 2058 1 151.56 11.176
240 593 1 405.357 11.176
240 1051 1 105.096 11.176
240 1143 1 94.924 11.176
241 219 1 404.194 11.176
241 221 1 113.177 8.9408
241 242 1 100.711 11.176
241 517 1 89.599 8.9408
242 241 1 100.711 11.176
242 243 1 93.001 11.176
242 389 1 147.386 11.176
243 222 1 196.062 11.176
243 242 1 93.001 11.176
243 244 1 123.902 11.176
244 243 1 123.902 11.176
244 245 1 179.954 11.176
244 450 1 156.091 11.176
244 451 1 293.843 11.176
245 244 1 179.954 11.176
245 450 1 262.561 11.176
245 1681 1 34.131 11.176
246 247 1 374.121 11.176
246 608 1 212.515 11.176
246 1406 1 151.553 11.176
247 246 1 374.121 11.176
247 818 1 62.147 11.176
247 1200 1 87.728 11.176
248 249 1 73.988 11.11111124992
248 1982 1 189.843 11.11111124992
249 248 1 75.674 11.11111124992
249 404 1 267.4 11.11111124992
250 227 1 71.345 11.176
251 523 1 139.175 11.176
252 7 1 429.772 11.176
252 43 1 114.679 11.176
252 2066 1 163.323 11.176
253 254 1 94.787 11.176
253 1199 1 584.598 11.176
253 1308 1 195.418 11.176
254 253 1 94.787 11.176
254 400 1 211.029 11.176
254 650 1 43.689 11.176
255 1021 1 72.886 11.176
255 1133 1 145.771 11.176
255 1789 1 90.263 11.176
256 257 1 58.079 11.176
256 547 1 132.093 11.176
256 898 1 134.679 11.176
257 256 1 58.079 11.176
258 259 1 77.903 11.176
258 352 1 82.275 11.176
259 258 1 77.903 11.176
259 1645 1 84.683 11.176
259 1647 1 66.196 11.176
260 1951 2 9.118 11.176
260 1981 2 116.051 11.176
261 262 1 184.464 11.176
261 2070 1 8.634 11.176
262 263 1 25.116 11.176
262 1441 1 70.18 11.176
263 262 1 25.116 11.176
263 411 1 425.193 11.176
264 263 1 74.605 11.176
264 1441 1 12.865 11.176
265 1331 1 14.727 11.176
265 1649 1 22.836 11.176
266 71 1 83.647 11.176
266 267 1 150.811 11.176
266 509 1 288.727 11.176
266 1035 1 194.733 11.176
267 266 1 150.811 11.176
267 268 1 98.889 11.176
267 510 1 428.847 11.176
267 1156 1 354.934 11.176
268 267 1 98.889 11.176
268 752 1 59.162 11.176
268 753 1 243.956 11.176
269 270 1 143.092 11.176
269 391 1 142.771 11.176
269 1354 1 10.467 11.176
270 269 1 143.092 11.176
270 271 1 486.926 11.176
270 1161 1 89.302 11.176
271 270 1 486.926 11.176
271 1080 1 30.219 11.11111124992
272 436 2 100.172 13.4112
272 1533 1 13.455 11.176
273 274 1 195.777 11.176
273 1244 1 100.597 11.176
273 1533 1 186.414 11.176
273 1740 1 95.648 11.176
274 273 1 195.777 11.176
274 275 1 200.483 11.176
274 652 1 100.517 11.176
274 776 1 100.525 11.176
275 274 1 200.483 11.176
275 276 1 149.176 11.176
275 1245 1 100.389 11.176
275 1764 1 100.872 11.176
276 275 1 149.176 11.176
276 277 1 200.843 11.176
276 653 2 100.653 11.176
276 1246 2 101.016 11.176
277 276 1 200.843 11.176
277 654 1 101.388 11.176
277 1222 1 100.094 11.176
277 1698 1 120.493 11.176
278 279 1 58.577 11.176
278 1691 2 128.864 11.176
278 1698 1 28.464 11.176
279 278 1 58.577 11.176
279 656 1 101.114 11.176
279 1689 1 73.936 11.176
279 1871 1 241.847 11.176
280 281 1 193.558 11.176
280 659 2 104.431 11.176
280 1063 2 104.122 11.176
280 1876 1 234.159 11.176
281 280 1 193.558 11.176
281 282 1 107.643 11.176
281 660 1 101.394 11.176
281 1338 1 75.242 11.176
282 281 1 107.643 11.176
282 283 1 108.373 11.176
282 862 1 187.512 11.176
282 1339 1 201.817 11.176
283 282 1 108.373 11.176
283 284 1 108.203 11.176
283 863 1 177.227 11.176
283 1072 1 201.574 11.176
284 283 1 108.203 11.176
284 285 1 15.662 11.176
284 820 1 74.776 11.176
285 284 1 15.662 11.176
285 286 1 92.137 11.176
285 864 1 152.697 11.176
286 285 1 92.137 11.176
286 287 1 90.594 11.176
286 865 1 152.191 11.176
287 286 1 90.594 11.176
287 865 1 240.1 11.176
287 1341 1 22.775 11.176
288 1341 1 114.303 11.176
289 391 1 218.099 11.176
289 1987 1 7.82 11.176
290 289 1 126.535 11.176
290 1673 1 357.087 11.176
291 290 1 93.811 11.176
291 1672 1 187.83 11.176
292 921 1 100.214 11.176
292 1671 1 27.066 11.176
292 1672 1 16.763 11.176
293 587 1 174.772 11.176
293 778 1 45.697 11.176
294 1540 3 101.095 13.4112
294 1857 1 172.241 11.176
295 688 1 100.951 11.176
295 1855 1 96.169 11.176
295 1858 1 226.5 11.176
296 297 1 160.423 11.176
296 481 1 84.36 11.176
296 482 1 29.59 11.176
297 296 1 160.423 11.176
297 298 1 209.884 11.176
297 1182 3 57.571 11.176
297 1260 2 82.388 11.176
298 297 1 209.884 11.176
298 299 1 131.622 11.176
298 789 1 80.849 11.176
299 298 1 131.622 11.176
300 886 1 68.906 11.176
301 157 1 24.379 11.176
301 302 1 155.569 11.176
302 301 1 155.569 11.176
302 496 1 99.267 11.176
302 497 1 101.033 11.176
303 126 1 75.937 11.176
303 304 1 85.417 11.176
303 672 1 57.953 11.176
304 127 1 139.727 11.176
304 303 1 85.417 11.176
304 672 1 98.692 11.176
305 217 1 87.283 11.176
305 306 1 488.293 11.176
305 536 1 78.319 11.176
306 220 1 49.738 11.176
306 305 1 488.293 11.176
306 307 1 144.542 11.176
306 538 1 47.458 11.176
307 221 1 100.978 11.176
307 306 1 144.542 11.176
307 308 1 53.434 11.176
307 1674 1 133.545 6.7056
308 223 1 115.811 11.176
308 307 1 53.434 11.176
308 309 1 410.161 11.176
309 225 1 210.965 11.176
309 308 1 410.161 11.176
309 1289 1 83.216 11.176
310 311 1 196.758 11.176
310 830 1 68.078 11.176
310 831 1 134.543 11.176
311 310 1 196.758 11.176
311 312 1 101.95 11.176
311 765 1 176.764 11.176
311 1294 1 98.851 11.176
312 311 1 101.95 11.176
312 313 1 98.551 11.176
312 397 1 76.204 11.176
313 312 1 98.551 11.176
313 314 1 100.865 11.176
313 766 1 106.874 11.176
313 1317 1 101.052 11.176
314 313 1 100.865 11.176
314 315 1 101.135 11.176
314 767 1 100.36 11.176
314 1273 1 100.5 11.176
315 314 1 101.135 11.176
315 767 1 196.802 11.176
315 982 1 100.135 11.176
316 624 2 99.768 11.176
316 2117 2 78.99 11.176
317 102 1 101.361 11.176
317 316 2 200.71 11.176
318 626 3 100.763 11.176
318 1608 2 11.503 11.176
319 104 1 101.508 11.176
319 318 2 173.909 11.176
320 319 2 97.808 11.176
320 628 1 100.478 11.176
321 320 2 104.946 11.176
321 629 2 100.467 11.176
322 106 1 101.461 11.176
322 321 2 202.287 11.176
323 322 2 202.03 11.176
323 631 2 100.536 11.176
324 110 1 101.901 11.176
324 323 2 202.04 11.176
324 632 1 99.503 11.176
325 112 1 94.947 11.176
325 324 2 203.016 11.176
325 633 1 103.84 11.176
326 1336 1 98.188 11.176
326 1661 1 12.476 11.176
327 328 1 206.743 11.176
327 853 1 95.664 11.176
327 1781 1 89.665 11.176
328 327 1 206.743 11.176
328 1186 2 95.641 11.176
328 1682 2 35.124 11.176
329 330 1 45.988 11.176
329 1237 2 60.933 11.176
329 1266 2 83.469 11.176
329 2032 1 218.12 11.176
330 329 1 45.988 11.176
331 332 1 203.147 11.176
331 1114 1 84.608 11.176
331 1202 1 93.789 11.176
331 1989 1 256.707 11.176
332 331 1 203.147 11.176
332 371 1 93.901 11.176
332 372 1 65.292 11.176
333 1140 1 138.795 11.176
334 677 1 151.159 11.176
334 678 1 139.945 11.176
334 894 1 121.165 11.176
335 336 1 333.2 11.176
335 1168 1 80.239 11.176
335 1946 1 74.493 11.176
336 335 1 333.2 11.176
336 337 1 203.372 11.176
336 382 1 79.877 11.176
336 383 1 79.736 11.176
337 336 1 203.372 11.176
337 426 3 82.748 13.4112
337 1473 1 17.538 11.176
338 339 1 200.88 11.176
338 461 1 94.4 11.176
338 1169 1 94.338 11.176
338 1473 1 185.137 11.176
339 338 1 200.88 11.176
339 462 1 93.712 11.176
339 463 1 291.395 11.176
339 769 1 94.799 11.176
340 341 1 99.155 11.176
340 464 2 98.193 11.176
340 1171 2 99.937 11.176
340 1800 1 51.935 11.176
341 340 1 99.155 11.176
341 342 1 111.046 11.176
341 465 1 102.431 11.176
342 341 1 111.046 11.176
342 343 1 100.103 11.176
342 466 1 102.961 11.176
343 342 1 100.103 11.176
343 344 1 101.023 11.176
343 467 1 102.224 11.176
344 343 1 101.023 11.176
344 345 1 129.43 11.11111124992
344 468 3 95.543 11.176
344 1027 2 93.252 11.176
345 344 1 129.43 11.11111124992
345 1173 1 96.804 11.176
345 1460 1 71.21 11.11111124992
346 470 4 89.987 11.176
346 1460 1 11.808 11.11111124992
347 173 1 78.107 11.176
347 348 1 108.506 11.176
347 824 1 85.768 11.176
348 174 1 76.494 11.176
348 347 1 108.506 11.176
348 349 1 202.586 11.176
348 1347 1 85.338 11.176
349 175 1 77.158 11.176
349 348 1 202.586 11.176
349 979 1 54.632 11.176
350 130 1 58.943 11.176
350 780 1 85.673 11.176
351 739 1 158.49 11.176
351 962 1 73.409 11.176
352 172 1 75.633 11.176
352 258 1 82.275 11.176
352 353 1 63.096 11.176
352 674 1 39.682 11.176
353 352 1 63.096 11.176
354 355 1 176.692 11.176
354 540 1 63.971 11.176
355 354 1 176.692 11.176
355 1248 1 75.316 11.176
355 2071 1 207.658 11.176
356 703 1 76.2 11.176
356 2071 1 209.838 11.176
357 66 2 97.707 11.176
357 899 2 112.347 11.176
357 1636 1 21.523 11.176
358 359 1 105.804 11.11111124992
358 708 2 105.483 11.176
358 1177 2 22.405 11.176
359 358 1 105.804 11.11111124992
359 1066 1 178.781 11.176
359 2031 1 149.101 11.11111124992
360 1054 1 96.95 11.176
360 1724 1 92.002 11.176
361 499 1 199.797 11.176
361 886 1 24.928 11.176
361 1638 1 60.939 11.176
362 1488 1 1003.358 11.176
363 432 1 202.241 11.176
363 904 1 200.294 11.176
363 1617 1 93.636 11.176
363 1972 1 94.311 11.176
364 434 1 201.478 11.176
364 1085 1 148.62 11.176
364 1243 1 285.742 11.176
364 1969 1 93.789 11.176
365 366 1 219.313 11.176
366 55 1 87.568 11.176
366 57 1 74.936 11.176
366 365 1 219.313 11.176
366 676 1 103.187 11.176
367 368 1 137.006 11.176
367 651 1 79.067 11.176
367 1040 1 287.18 11.176
367 1411 1 78.504 11.176
368 367 1 137.006 11.176
368 849 1 86.468 11.176
368 1368 1 18.015 11.176
369 370 1 98.827 11.176
369 1041 1 132.339 11.176
369 1368 1 50.575 11.176
370 369 1 98.827 11.176
370 371 1 90.759 11.176
370 1086 2 49.249 11.176
370 1184 2 209.697 11.176
371 332 1 93.901 11.176
371 370 1 90.759 11.176
371 1202 1 206.564 11.176
372 332 1 65.292 11.176
372 373 1 44.483 11.176
372 695 1 79.253 11.176
373 372 1 44.483 11.176
373 374 1 78.005 11.176
373 440 1 204.086 11.176
373 1114 1 199.355 11.176
374 373 1 78.005 11.176
374 410 1 40.273 11.176
374 1275 1 36.406 11.176
375 56 1 98.059 11.176
375 376 1 97.159 11.176
375 418 1 218.317 11.176
375 713 1 188.489 11.176
376 375 1 97.159 11.176
376 377 1 74.489 11.176
376 826 1 128.477 11.176
376 827 1 139.277 11.176
377 376 1 74.489 11.176
377 378 1 45.616 11.176
377 1282 1 102.868 11.176
378 377 1 45.616 11.176
378 379 1 69.49 11.176
378 692 1 69.434 11.176
379 159 1 101.177 11.176
379 378 1 69.49 11.176
379 380 1 132.255 11.176
379 420 1 202.938 11.176
380 160 1 168.341 11.176
380 379 1 132.255 11.176
380 393 1 158.279 11.176
381 162 1 100.533 11.176
381 382 1 129.734 11.176
381 422 1 400.466 11.176
381 423 2 204.472 11.176
382 163 1 100.21 11.176
382 336 1 79.877 11.176
382 381 1 129.734 11.176
382 392 1 101.065 11.176
383 336 1 79.736 11.176
383 1007 3 287.588 11.176
383 1499 1 12.628 11.176
384 385 1 162.014 11.176
384 427 1 193.478 11.176
384 1499 1 102.181 11.176
384 1986 1 185.891 11.176
385 170 1 75.711 11.176
385 384 1 162.014 11.176
385 386 1 67.453 11.176
386 236 1 121.544 11.176
386 385 1 67.453 11.176
386 428 1 192.744 11.176
386 1310 1 76.059 11.176
387 236 1 52.1 11.176
387 388 1 204.221 11.176
387 806 1 143.599 11.176
387 1229 1 97.409 11.176
388 91 1 201.728 11.176
388 387 1 204.221 11.176
388 618 1 80.279 11.176
388 1899 1 79.937 11.176
389 242 1 147.386 11.176
389 517 1 67.524 11.176
389 530 1 165.001 11.176
390 391 1 64.031 11.176
390 590 1 109.227 11.176
390 591 1 170.839 11.176
391 269 1 142.771 11.176
391 289 1 218.099 11.176
391 390 1 64.031 11.176
391 591 1 130.464 11.176
392 382 1 101.065 11.176
392 425 1 103.228 11.176
392 1467 1 107.719 11.176
393 380 1 158.279 11.176
393 421 1 73.165 11.176
393 1352 1 93.634 11.176
394 395 1 79.331 11.176
394 1305 1 69.139 11.176
394 1479 1 60.57 11.176
395 394 1 79.331 11.176
395 396 1 87.1 11.176
395 843 1 95.513 11.176
396 395 1 87.1 11.176
396 397 1 68.28 11.176
396 765 1 72.401 11.176
396 766 1 102.375 11.176
397 312 1 76.204 11.176
397 396 1 68.28 11.176
397 1284 1 53.229 11.176
398 170 1 67.242 11.176
399 403 1 167.265 11.176
399 515 1 157.093 11.176
399 649 1 461.133 11.176
399 1405 1 141.86 11.176
400 254 1 211.029 11.176
400 649 1 220.647 11.176
400 1405 1 258.787 11.176
401 402 1 226.612 11.176
401 513 1 210.291 11.176
401 747 1 84.995 11.176
402 401 1 226.612 11.176
402 403 1 91.482 11.176
402 514 1 85.451 11.176
402 647 1 64.033 11.176
403 399 1 167.265 11.176
403 402 1 91.482 11.176
403 514 1 65.571 8.9408
403 515 1 100.444 8.9408
404 26 1 175.52 11.11111124992
404 249 1 267.4 11.11111124992
404 1424 1 171.445 11.11111124992
405 406 1 129.727 11.176
405 436 1 66.57 11.176
405 651 1 74.048 11.176
406 405 1 129.727 11.176
406 408 1 20.136 11.176
406 437 1 58.463 11.176
407 409 2 28.681 11.176
407 438 2 50.467 11.176
407 695 1 287.653 11.176
408 406 1 20.136 11.176
408 409 1 169.721 11.176
408 850 1 61.795 11.176
409 407 2 28.681 11.176
409 408 1 169.721 11.176
409 1087 2 45.666 11.176
410 131 1 153.067 11.176
410 374 1 40.273 11.176
410 780 1 79.416 11.176
411 263 1 425.193 11.176
411 1398 1 8.627 11.176
411 2024 1 398.872 11.176
412 413 1 111.187 11.176
412 703 1 76.097 11.176
412 704 1 91.019 11.176
413 412 1 111.187 11.176
413 881 1 97.762 11.176
413 882 1 169.413 11.176
414 415 1 222.137 11.176
414 1219 1 102.706 11.176
414 1343 1 200.721 11.176
415 414 1 222.137 11.176
415 416 1 25.025 11.176
415 1026 2 99.042 11.176
415 1613 3 103.857 11.176
416 415 1 25.025 11.176
416 1037 2 99.92 11.176
416 1456 1 163.357 11.176
417 25 3 96.705 11.176
417 1204 1 154.643 6.7056
417 1456 1 11.743 11.176
418 375 1 218.317 11.176
418 419 2 113.538 11.176
418 714 1 76.082 11.176
418 1626 2 92.526 11.176
419 418 2 113.538 11.176
419 420 3 249.156 13.4112
419 827 1 77.118 11.176
419 1477 1 16.221 11.176
420 379 1 202.938 11.176
420 421 2 94.253 13.4112
420 1469 1 13.649 11.176
421 393 1 73.165 11.176
421 422 2 111.028 13.4112
421 1476 1 15.381 11.176
422 381 1 400.466 11.176
422 1475 1 13.697 11.176
422 2109 2 35.563 13.4112
423 381 2 204.472 11.176
423 424 3 100.827 13.4112
423 1470 1 13.572 11.176
424 425 2 28.761 13.4112
424 1468 1 13.893 11.176
425 337 2 76.698 13.4112
425 392 1 103.228 11.176
425 1471 1 13.839 11.176
426 383 3 200.12 11.176
426 1500 1 12.531 13.4112
427 384 1 193.478 11.176
427 428 2 228.601 13.4112
427 1527 1 14.287 11.176
428 386 1 192.744 11.176
428 429 2 174.1 13.4112
428 1536 1 15.575 11.176
429 430 2 203.046 13.4112
429 1229 1 94.871 11.176
429 1528 1 15.427 11.176
430 93 3 201.854 13.4112
430 1545 1 15.507 11.176
430 1900 1 75.432 11.176
431 432 2 99.933 13.4112
431 1546 1 14.349 11.176
431 1618 1 189.234 11.176
432 363 1 202.241 11.176
432 433 2 99.166 13.4112
432 1532 1 13.298 11.176
433 434 3 99.179 13.4112
433 1529 1 13.276 11.176
433 1971 1 196.266 11.176
434 364 1 201.478 11.176
434 435 2 101.267 13.4112
434 1538 1 13.25 11.176
435 272 2 100.968 13.4112
435 1011 1 88.887 11.176
435 1530 1 13.447 11.176
436 405 1 66.57 11.176
436 437 3 126.734 13.4112
436 1539 1 12.479 11.176
437 406 1 58.463 11.176
437 438 3 182.673 13.4112
437 1534 1 12.133 11.176
438 407 2 50.467 11.176
438 439 3 204.333 13.4112
438 1540 2 11.599 11.176
439 440 2 43.506 13.4112
439 1541 1 11.613 11.176
440 373 1 204.086 11.176
440 441 3 54.877 13.4112
441 442 2 23.452 13.4112
441 1542 1 11.495 11.176
442 443 3 82.112 13.4112
442 1275 1 167.512 11.176
442 1727 1 11.865 11.176
443 133 2 96.584 13.4112
443 1075 1 157.455 11.176
443 1543 1 11.875 11.176
444 1235 1 155.229 11.176
444 1531 1 11.796 11.176
445 144 1 84.407 11.176
445 446 1 356.739 11.176
445 587 1 86.268 11.176
446 143 2 121.441 11.176
446 445 1 356.739 11.176
446 1931 2 42.702 11.176
447 741 1 180.67 11.176
447 1382 1 34.293 11.176
447 2054 1 17.651 11.176
448 449 1 68.97 11.176
448 617 1 99.294 11.176
448 1010 1 102.348 11.176
449 448 1 68.97 11.176
450 244 1 156.091 11.176
450 245 1 262.561 11.176
450 530 1 48.599 11.176
451 224 1 152.667 11.176
451 244 1 293.843 11.176
451 452 1 332.203 11.176
452 135 1 115.177 11.176
452 451 1 332.203 11.176
452 1251 1 163.739 11.176
453 135 1 168.588 11.176
453 229 1 92.109 11.176
453 1196 1 236.697 11.176
454 5 1 36.516 11.176
454 455 1 143.697 11.176
454 2014 1 64.826 11.11111124992
455 4 1 70.611 11.176
455 454 1 143.697 11.176
455 1335 1 63.485 11.176
456 2077 1 18.122 11.176
456 2078 1 7.755 11.11111124992
457 458 1 203.635 11.176
457 973 1 345.889 11.176
457 1372 1 164.619 11.176
457 1374 1 78.44 11.176
458 29 1 140.956 11.176
458 457 1 203.635 11.176
458 1942 1 94.823 11.176
458 1949 1 346.113 11.176
459 992 1 143.555 11.176
459 1046 1 146.541 11.176
459 1508 1 94.186 11.176
459 1514 1 95.127 11.176
460 214 1 100.823 11.176
460 1167 3 146.336 13.4112
460 1550 1 11.949 11.176
461 338 1 94.4 11.176
461 462 1 200.239 11.176
461 1468 1 185.887 11.176
462 339 1 93.712 11.176
462 461 1 200.239 11.176
462 463 1 200.794 11.176
463 339 1 291.395 11.176
463 462 1 200.794 11.176
463 464 1 202.006 11.176
464 340 2 98.193 11.176
464 463 1 202.006 11.176
464 465 1 99.657 11.176
464 998 2 97.246 11.176
465 341 1 102.431 11.176
465 464 1 99.657 11.176
465 466 1 104.607 11.176
465 1482 1 30.048 11.176
466 465 1 104.607 11.176
466 467 1 99.185 11.176
466 1000 1 99.974 11.176
467 343 1 102.224 11.176
467 466 1 99.185 11.176
467 1445 2 101.791 11.176
468 469 2 91.626 11.176
468 1001 2 103.389 11.176
468 1445 2 10.231 11.176
469 468 2 91.626 11.176
469 470 2 105.952 11.176
469 1002 1 103.978 11.176
470 469 2 105.952 11.176
470 988 2 306.348 11.176
470 1460 3 89.412 11.176
470 2141 2 71.3 11.176
471 758 1 311.369 11.176
471 2141 1 11.949 11.176
472 1978 1 147.645 11.176
472 2143 1 147.013 11.176
473 19 1 163.26 11.176
473 1303 1 106.743 11.176
473 1423 2 57.727 11.176
474 1239 1 106.642 11.176
474 1624 1 74.686 11.176
474 2073 2 450.827 8.9408
475 1138 1 37.389 11.176
475 1371 1 23.741 11.176
475 2127 1 124.789 11.176
476 79 1 201.72 11.176
476 203 1 99.919 11.176
476 477 1 158.189 11.176
476 917 1 100.275 11.176
477 204 1 100.697 11.176
477 476 1 158.189 11.176
477 478 1 99.873 11.176
477 804 1 100.232 11.176
478 205 1 100.192 11.176
478 477 1 99.873 11.176
478 479 1 101.097 11.176
478 1049 1 100.42 11.176
479 206 1 100.249 11.176
479 478 1 101.097 11.176
479 480 1 209.293 11.176
479 1005 1 100.543 11.176
480 207 1 99.564 11.11111124992
480 479 1 209.293 11.176
480 481 1 178.258 11.176
480 1050 1 100.866 11.11111124992
481 296 1 84.36 11.176
481 480 1 178.258 11.176
482 296 1 29.59 11.176
482 483 1 50.069 11.176
482 1182 2 165.0 11.176
482 1183 2 238.843 11.176
483 482 1 50.069 11.176
483 1038 1 162.631 11.176
483 1039 1 239.027 11.176
484 485 1 70.945 11.176
485 208 1 99.447 11.176
485 484 1 70.945 11.176
485 486 1 204.618 11.176
485 1042 1 100.822 11.176
486 151 1 200.023 11.176
486 209 2 100.208 11.176
486 485 1 204.618 11.176
486 668 2 100.696 11.176
487 151 1 135.843 11.176
487 210 1 100.193 11.176
487 488 1 134.305 11.176
487 1043 1 100.437 11.176
488 211 1 100.263 11.176
488 487 1 134.305 11.176
488 581 1 100.437 11.176
488 2092 1 130.526 11.176
489 490 1 199.516 11.176
489 2093 1 25.179 11.176
490 213 1 100.233 11.176
490 489 1 199.516 11.176
490 975 1 100.428 11.176
490 992 1 297.559 11.176
491 1046 3 100.665 11.176
491 1494 1 12.087 11.176
491 1511 1 140.964 11.176
492 1659 1 10.79 11.176
492 2020 1 214.306 11.176
493 492 1 48.054 11.176
493 1335 1 260.821 11.176
493 1658 1 12.547 11.176
494 493 1 52.82 11.176
495 15 1 81.069 11.176
495 820 1 204.96 11.176
495 1341 1 90.125 11.176
495 1664 1 100.234 11.176
496 158 1 43.538 11.176
496 302 1 99.267 11.176
496 866 1 158.293 11.176
496 963 1 82.942 11.176
497 302 1 101.033 11.176
497 964 1 82.878 11.176
497 1417 1 150.203 11.176
498 499 1 147.251 11.176
498 811 1 583.298 11.176
498 1797 1 268.406 11.176
499 361 1 199.797 11.176
499 498 1 147.251 11.176
499 500 1 87.601 11.176
500 499 1 87.601 11.176
500 1365 1 265.081 11.176
500 1602 1 143.316 11.176
501 502 2 94.143 11.176
501 600 1 82.013 11.176
501 603 1 205.631 11.176
502 501 2 94.143 11.176
502 503 2 78.305 11.176
502 604 1 167.189 11.176
503 502 2 78.305 11.176
503 605 1 171.207 11.176
503 1630 2 67.544 11.176
504 1629 1 32.815 11.176
504 1630 2 37.832 11.176
504 1631 1 37.402 11.176
504 1632 2 42.445 11.176
505 2025 2 31.758 11.176
505 2026 1 35.395 11.176
505 2027 2 39.914 11.176
505 2028 1 32.704 11.176
506 729 2 80.196 11.176
506 1465 2 52.395 11.176
506 1951 2 127.883 11.176
506 2025 2 71.485 11.176
507 508 2 28.153 11.176
507 1465 1 81.987 11.176
507 1466 2 48.866 11.176
508 507 2 28.153 11.176
508 1144 1 110.858 11.176
508 1332 2 167.508 11.176
509 266 1 288.727 11.176
509 510 1 113.842 8.9408
509 597 1 186.719 11.176
509 1331 1 124.506 8.9408
510 267 1 428.847 11.176
510 509 1 113.842 8.9408
510 511 1 99.227 8.9408
510 595 1 293.842 11.176
511 510 1 99.227 8.9408
511 512 1 86.943 8.9408
511 750 1 244.654 11.176
512 511 1 86.943 8.9408
512 513 1 89.55 8.9408
512 592 1 32.198 11.176
512 749 1 152.322 11.176
513 401 1 210.291 11.176
513 512 1 89.55 8.9408
513 514 1 170.892 8.9408
513 748 1 157.957 11.176
514 402 1 85.451 11.176
514 403 1 65.571 8.9408
514 513 1 170.892 8.9408
514 648 1 334.409 11.176
515 399 1 157.093 11.176
515 403 1 100.444 8.9408
515 516 1 43.341 8.9408
515 1123 1 353.205 11.176
516 515 1 43.341 8.9408
516 517 1 96.557 8.9408
516 529 1 225.599 11.176
517 241 1 89.599 8.9408
517 389 1 67.524 11.176
517 516 1 96.557 8.9408
517 529 1 111.343 11.176
518 519 1 99.141 11.176
518 931 1 251.273 11.176
518 1141 1 101.555 11.176
518 1297 1 97.362 11.176
519 518 1 99.141 11.176
519 520 1 185.587 11.176
519 754 1 194.379 11.176
520 519 1 185.587 11.176
520 521 1 114.966 11.176
520 823 1 157.708 11.176
521 520 1 114.966 11.176
521 754 1 150.086 11.176
521 755 1 153.468 11.176
522 235 1 222.419 11.176
523 234 1 698.854 11.176
523 251 1 139.175 11.176
523 791 1 60.564 11.176
524 525 1 50.026 11.176
525 58 1 166.593 11.176
525 60 1 166.685 11.176
525 524 1 50.026 11.176
526 527 1 268.643 11.176
526 679 1 113.416 11.176
526 901 1 145.773 11.176
527 526 1 268.643 11.176
527 1288 1 84.714 11.176
527 1651 1 72.916 11.176
528 218 1 307.566 11.176
528 529 1 144.808 11.176
528 1121 1 183.749 11.176
529 516 1 225.599 11.176
529 517 1 111.343 11.176
529 528 1 144.808 11.176
530 389 1 165.001 11.176
530 450 1 48.599 11.176
530 1405 1 154.949 11.176
531 532 1 136.854 11.176
531 828 1 83.991 11.176
531 1477 1 95.823 11.176
532 531 1 136.854 11.176
532 533 1 144.362 11.176
532 1355 1 67.152 11.176
532 1923 1 40.41 11.176
533 532 1 144.362 11.176
533 1305 1 93.207 11.176
533 1469 1 92.753 11.176
534 1599 1 83.167 11.176
534 2137 1 100.606 11.176
535 536 1 112.049 11.176
535 1599 1 13.852 11.176
536 305 1 78.319 11.176
536 535 1 112.049 11.176
536 537 1 416.962 11.176
536 953 1 95.96 11.176
537 536 1 416.962 11.176
537 538 1 102.637 11.176
537 2074 1 219.821 11.176
538 306 1 47.458 11.176
538 537 1 102.637 11.176
538 539 1 22.64 11.11111124992
538 555 1 76.225 11.176
539 538 1 22.64 11.11111124992
540 354 1 63.971 11.176
540 541 1 169.108 11.176
540 1140 1 236.316 11.176
541 540 1 169.108 11.176
541 542 1 43.72 11.176
541 1248 1 48.687 11.176
542 541 1 43.72 11.176
542 543 1 320.78 11.176
542 1248 1 23.842 11.176
542 1283 1 112.809 11.176
543 542 1 320.78 11.176
543 544 1 81.809 11.176
543 1283 1 359.026 11.176
543 2062 1 15.855 11.176
543 2063 1 22.225 11.176
544 543 1 81.809 11.176
544 545 1 80.019 11.176
544 704 1 210.825 11.176
544 705 1 161.063 11.176
545 166 1 79.269 11.176
545 544 1 80.019 11.176
545 882 1 210.739 11.176
545 883 1 324.839 11.176
546 166 1 75.569 11.176
546 547 1 55.974 11.176
546 897 1 315.254 11.176
547 256 1 132.093 11.176
547 546 1 55.974 11.176
547 548 1 87.045 11.176
548 547 1 87.045 11.176
548 550 2 50.995 11.176
548 605 2 40.157 11.176
549 64 1 158.304 11.176
549 554 1 136.752 11.176
549 930 1 87.226 11.176
550 548 2 50.995 11.176
550 606 1 94.015 11.176
550 1629 1 170.971 11.176
551 602 1 54.127 11.176
551 1329 1 93.681 11.176
551 1631 1 64.854 11.176
552 553 1 162.09 11.176
552 728 1 97.198 11.176
552 1328 1 67.887 11.176
552 1329 1 68.638 11.176
553 552 1 162.09 11.176
553 554 1 84.019 11.176
553 727 1 167.471 11.176
553 737 1 104.307 11.176
554 65 1 181.193 11.176
554 549 1 136.752 11.176
554 553 1 84.019 11.176
554 726 1 196.829 11.176
555 538 1 76.225 11.176
555 1080 1 284.504 11.176
556 116 1 222.537 11.176
556 1335 1 14.446 11.176
556 1337 1 75.721 11.176
557 115 2 63.525 11.176
557 116 1 43.562 11.176
557 558 1 161.59 11.176
558 557 1 161.59 11.176
558 1126 1 395.119 11.176
558 1666 1 178.998 11.176
559 15 1 173.4 11.176
559 1665 1 25.617 11.176
559 1666 1 22.379 11.176
560 561 1 122.972 11.176
560 565 1 197.986 11.176
560 1788 1 65.812 11.176
561 140 1 100.097 11.176
561 560 1 122.972 11.176
561 562 1 200.842 11.176
561 1295 1 102.597 11.176
562 561 1 200.842 11.176
562 563 1 39.095 11.176
562 1361 1 86.066 11.176
563 141 1 77.101 11.176
563 562 1 39.095 11.176
563 564 1 94.827 11.176
564 563 1 94.827 11.176
564 609 1 132.401 11.176
564 610 1 177.359 11.176
564 2075 1 94.212 11.176
565 560 1 197.986 11.176
565 823 1 148.437 11.176
565 1300 1 242.431 11.176
566 1033 1 110.151 11.176
566 1442 1 8.732 11.176
566 1454 1 52.546 11.176
567 566 2 200.979 11.176
567 1032 1 104.578 11.176
567 1447 1 10.251 11.176
568 569 1 201.5 11.176
568 835 1 100.053 11.176
568 1453 1 18.855 11.176
569 568 1 201.5 11.176
569 570 1 202.055 11.176
569 1216 1 100.004 11.176
569 1452 1 101.078 11.176
570 569 1 202.055 11.176
570 1217 1 99.058 11.176
570 1451 2 101.146 11.176
571 572 1 106.222 11.176
571 818 1 158.515 11.176
571 819 1 106.075 11.176
572 571 1 106.222 11.176
572 573 1 92.592 11.176
572 1012 1 151.54 11.176
572 1200 1 114.531 11.176
573 572 1 92.592 11.176
573 1196 1 191.732 11.176
573 1223 1 244.391 11.176
574 575 1 86.382 11.176
574 961 1 75.012 11.176
574 1394 1 96.64 11.176
575 574 1 86.382 11.176
575 1118 1 76.02 11.176
575 1319 1 46.503 11.176
576 577 1 102.086 11.176
576 1102 1 134.516 15.6464
576 1232 1 133.488 15.6464
577 576 1 102.086 11.176
577 1103 1 135.599 11.176
577 1137 1 133.418 11.176
577 2090 1 28.994 11.176
578 579 1 94.342 11.176
578 1104 1 134.262 11.176
578 1152 1 134.041 11.176
578 1943 1 85.406 11.176
579 188 1 104.169 11.176
579 578 1 94.342 11.176
579 784 1 134.07 11.176
579 785 1 134.824 11.176
580 188 1 94.415 11.176
580 581 1 100.138 11.176
580 1105 1 134.581 11.176
580 1258 1 67.454 11.176
581 488 1 100.437 11.176
581 580 1 100.138 11.176
581 1043 1 134.34 11.176
581 1044 1 67.846 11.176
582 45 3 134.258 13.4112
582 211 1 99.809 11.176
582 1578 1 11.338 11.176
583 47 1 110.292 11.176
583 584 1 76.055 11.176
583 1107 1 134.202 11.176
583 1578 1 78.124 11.176
584 48 1 82.804 11.176
584 583 1 76.055 11.176
584 1108 1 133.708 11.176
585 239 2 259.873 11.176
585 586 1 102.772 11.176
585 869 1 153.172 11.176
585 2050 2 90.161 11.176
586 585 1 102.772 11.176
586 732 1 548.594 11.176
586 2030 1 55.309 11.176
587 293 1 174.772 11.176
587 445 1 86.268 11.176
587 741 1 81.104 11.176
588 665 1 104.039 11.176
588 885 1 175.184 11.176
588 1151 1 100.788 11.176
589 590 1 120.44 11.176
590 390 1 109.227 11.176
590 589 1 120.44 11.176
590 1276 1 67.779 11.176
591 390 1 170.839 11.176
591 391 1 130.464 11.176
591 919 1 161.394 11.176
591 1987 1 85.401 11.176
592 512 1 32.198 11.176
592 593 1 164.917 11.176
592 1051 1 439.641 11.176
593 240 1 405.357 11.176
593 592 1 164.917 11.176
593 594 1 136.556 11.176
594 593 1 136.556 11.176
594 595 1 118.044 11.176
594 790 1 556.765 11.176
595 510 1 293.842 11.176
595 594 1 118.044 11.176
595 596 1 42.181 11.176
596 595 1 42.181 11.176
596 597 1 75.02 11.176
596 1212 1 230.957 11.176
597 509 1 186.719 11.176
597 596 1 75.02 11.176
597 1425 1 143.738 11.176
598 599 1 415.727 11.176
598 1067 1 100.92 11.176
598 1389 1 393.178 11.176
599 139 1 278.518 11.176
599 598 1 415.727 11.176
599 1067 1 167.65 11.176
600 501 1 82.013 11.176
600 601 1 116.875 11.176
600 734 1 229.218 11.176
601 600 1 116.875 11.176
601 602 1 91.891 11.176
601 735 1 283.256 11.176
602 551 1 54.127 11.176
602 601 1 91.891 11.176
602 736 1 293.161 11.176
603 501 1 205.631 11.176
603 604 1 90.273 11.176
604 165 1 143.61 11.176
604 502 1 167.189 11.176
604 603 1 90.273 11.176
604 605 1 94.966 11.176
605 503 1 171.207 11.176
605 548 2 40.157 11.176
605 604 1 94.966 11.176
606 550 1 94.015 11.176
606 1653 1 83.034 11.176
606 1953 1 97.961 11.176
607 884 1 633.726 11.176
607 1633 1 400.703 11.176
607 1980 1 115.196 11.176
607 2070 1 57.134 11.176
608 246 1 212.515 11.176
608 1251 1 98.168 11.176
608 1406 1 484.025 11.176
609 564 1 132.401 11.176
609 1361 1 94.463 11.176
609 1437 1 67.062 11.176
610 564 1 177.359 11.176
610 611 1 238.601 11.176
610 970 1 94.8 11.176
610 1309 1 94.133 11.176
611 610 1 238.601 11.176
611 1324 1 108.725 11.176
611 1433 1 102.69 11.176
612 613 1 75.674 11.176
612 1252 1 92.664 11.176
612 1787 1 159.937 11.176
612 2060 1 37.542 11.176
613 612 1 75.674 11.176
614 81 3 201.87 13.4112
614 202 1 100.541 11.176
614 1566 1 11.096 11.176
615 82 1 201.291 11.176
615 184 1 76.992 11.176
615 1566 1 84.445 11.176
616 85 1 201.2 11.176
616 184 1 91.726 11.176
616 617 1 91.201 11.176
616 1226 1 202.436 11.176
617 86 1 201.359 11.176
617 448 1 99.294 11.176
617 616 1 91.201 11.176
617 1895 1 103.487 11.176
618 89 1 201.073 11.176
618 388 1 80.279 11.176
618 965 1 173.683 11.176
618 1896 1 68.806 11.176
619 94 1 202.786 11.176
619 1018 1 202.35 11.176
619 1545 1 85.142 11.176
619 1907 1 98.56 11.176
620 96 1 203.219 11.176
620 621 1 99.794 11.176
620 1165 1 202.948 11.176
620 1908 1 98.093 11.176
621 97 1 204.775 11.176
621 620 1 99.794 11.176
621 771 1 202.338 11.176
621 1314 1 297.742 11.176
622 98 1 298.877 11.176
622 99 1 202.771 11.176
622 623 1 100.438 11.176
622 1315 1 202.857 11.176
623 100 1 202.804 11.176
623 622 1 100.438 11.176
623 624 1 103.716 11.176
623 1098 1 202.445 11.176
624 316 2 99.768 11.176
624 623 1 103.716 11.176
624 625 1 200.727 11.176
624 1293 2 202.448 11.176
625 317 1 100.417 11.176
625 624 1 200.727 11.176
625 1088 1 102.179 11.176
625 1609 1 214.363 11.176
626 627 1 166.551 11.176
626 1022 3 100.902 11.176
626 1609 1 11.594 11.176
627 319 1 100.256 11.176
627 626 1 166.551 11.176
627 628 1 97.976 11.176
628 320 1 100.478 11.176
628 627 1 97.976 11.176
628 629 1 104.954 11.176
629 628 1 104.954 11.176
629 630 1 201.559 11.176
629 891 2 100.769 11.176
630 322 2 100.648 11.176
630 629 1 201.559 11.176
630 631 1 202.92 11.176
631 630 1 202.92 11.176
631 632 1 201.671 11.176
631 1061 2 100.547 11.176
632 324 1 99.503 11.176
632 631 1 201.671 11.176
632 633 1 202.377 11.176
632 731 1 100.974 11.176
633 325 1 103.84 11.176
633 632 1 202.377 11.176
633 954 1 95.928 11.176
633 2021 1 193.231 11.176
634 635 1 82.507 11.176
635 74 1 201.981 11.176
635 634 1 82.507 11.176
635 636 1 94.5 11.176
635 1155 1 202.41 11.176
636 75 1 202.58 11.176
636 197 1 103.971 11.176
636 635 1 94.5 11.176
636 787 1 201.832 11.176
637 196 1 292.556 11.176
637 197 1 94.332 11.176
637 638 1 100.391 11.176
637 1620 1 169.304 11.176
638 78 1 202.258 11.176
638 637 1 100.391 11.176
638 1048 1 202.022 11.176
638 2122 1 95.793 11.176
639 126 1 76.255 11.176
639 156 1 200.023 11.176
639 671 1 75.902 11.176
640 49 1 101.126 11.176
640 174 1 76.655 11.176
640 641 1 202.819 11.176
640 1262 1 76.227 11.176
641 175 1 75.095 11.176
641 640 1 202.819 11.176
641 978 1 76.644 11.176
642 650 1 499.52 11.176
642 818 1 115.997 11.176
642 1199 1 305.012 11.176
643 215 1 102.569 11.176
643 644 1 287.788 11.176
643 742 1 116.072 11.176
644 643 1 287.788 11.176
644 645 1 294.897 11.176
644 1070 1 158.766 11.176
645 644 1 294.897 11.176
645 646 1 118.426 11.176
645 845 1 77.706 11.176
646 645 1 118.426 11.176
646 647 1 286.993 11.176
646 1122 1 98.295 11.176
647 402 1 64.033 11.176
647 646 1 286.993 11.176
647 1122 1 245.34 11.176
648 514 1 334.409 11.176
648 649 1 248.911 11.176
648 748 1 170.899 11.176
649 399 1 461.133 11.176
649 400 1 220.647 11.176
649 648 1 248.911 11.176
649 1308 1 68.648 11.176
650 254 1 43.689 11.176
650 642 1 499.52 11.176
650 1406 1 227.201 11.176
651 367 1 79.067 11.176
651 405 1 74.048 11.176
651 850 1 133.152 11.176
651 1085 1 211.893 11.176
652 274 1 100.517 11.176
652 777 1 113.052 11.176
652 1745 1 190.504 11.176
652 1764 1 200.569 11.176
653 276 2 100.653 11.176
653 654 1 200.603 11.176
653 853 2 102.895 11.176
653 1764 1 141.528 11.176
654 277 1 101.388 11.176
654 653 1 200.603 11.176
654 1696 1 79.19 11.176
654 1697 1 137.015 11.176
655 278 2 111.821 11.176
655 1696 1 28.766 11.176
656 279 1 101.114 11.176
656 655 1 99.929 11.176
656 657 1 253.327 11.176
656 856 1 99.947 11.176
657 656 1 253.327 11.176
657 658 1 199.448 11.176
657 1865 1 95.791 11.176
657 1870 1 95.541 11.176
658 657 1 199.448 11.176
658 659 1 210.51 11.176
658 1869 1 95.324 11.176
658 1874 1 95.346 11.176
659 280 2 104.431 11.176
659 658 1 210.51 11.176
659 660 1 213.836 11.176
659 860 2 104.304 11.176
660 281 1 101.394 11.176
660 659 1 213.836 11.176
660 707 1 96.306 11.176
661 1112 2 61.202 13.4112
661 1557 1 11.682 11.176
662 846 1 147.222 11.176
662 1139 1 221.388 11.176
662 1557 1 81.218 11.176
662 1962 1 73.975 11.176
663 2145 1 2.801 11.11111124992
664 665 1 204.503 11.176
664 1136 2 202.998 11.11111124992
664 2129 2 70.57 11.176
665 146 1 199.699 11.176
665 588 1 104.039 11.176
665 664 1 204.503 11.176
665 666 1 94.251 11.176
666 147 1 199.855 11.176
666 186 2 104.215 11.176
666 665 1 94.251 11.176
666 783 1 204.876 11.176
667 149 1 200.221 11.176
667 186 2 94.178 11.176
667 668 2 100.71 11.176
667 1257 1 203.794 11.176
668 150 1 200.494 11.176
668 486 2 100.696 11.176
668 667 2 100.71 11.176
668 1042 1 204.249 11.176
669 153 3 199.91 13.4112
669 209 2 99.235 11.176
669 1581 1 11.037 11.176
670 154 1 200.393 11.176
670 671 1 76.238 11.176
670 1285 1 204.624 11.176
670 1581 1 77.994 11.176
671 155 1 200.241 11.176
671 639 1 75.902 11.176
671 670 1 76.238 11.176
671 1261 1 204.449 11.176
672 303 1 57.953 11.176
672 304 1 98.692 11.176
672 673 1 31.072 11.176
672 1421 1 31.852 11.176
673 164 1 19.091 11.176
673 672 1 31.072 11.176
674 352 1 39.682 11.176
674 675 1 88.79 11.176
674 1346 1 117.352 11.176
675 53 1 334.243 11.176
675 674 1 88.79 11.176
675 676 1 97.669 11.176
676 54 1 218.644 11.176
676 366 1 103.187 11.176
676 675 1 97.669 11.176
677 334 1 151.159 11.176
677 678 1 58.326 11.176
677 923 1 259.512 11.176
678 334 1 139.945 11.176
678 677 1 58.326 11.176
678 679 1 11.116 11.176
679 526 1 113.416 11.176
679 678 1 11.116 11.176
679 1650 1 244.593 11.176
680 681 1 200.594 11.176
680 686 1 92.241 11.176
680 851 1 53.949 11.176
681 680 1 200.594 11.176
681 682 1 202.224 11.176
681 688 2 91.679 11.176
681 933 2 92.27 11.176
682 681 1 202.224 11.176
682 696 1 92.148 11.176
682 1854 1 86.841 11.176
682 1990 1 96.234 11.176
683 1386 1 88.024 11.176
683 1700 2 97.561 11.176
683 1821 1 97.583 11.176
684 949 3 85.966 11.176
684 1702 1 13.05 11.176
684 1996 1 103.171 11.176
685 697 1 80.428 11.176
685 1109 1 81.152 11.176
685 1997 1 180.769 11.176
686 680 1 92.241 11.176
686 687 1 96.364 11.176
686 777 1 53.942 11.176
687 686 1 96.364 11.176
687 688 1 100.911 11.176
687 1230 1 247.289 11.176
688 295 1 100.951 11.176
688 681 2 91.679 11.176
688 687 1 100.911 11.176
688 1185 2 239.426 11.176
689 1386 1 100.66 11.176
689 1687 1 129.009 11.176
689 1802 1 190.072 11.176
689 2097 1 97.496 11.176
690 70 1 135.336 11.176
690 1391 1 42.801 11.176
691 742 1 120.777 11.176
691 743 1 57.085 11.176
691 1598 1 134.248 11.176
692 378 1 69.434 11.176
692 693 1 128.198 11.176
693 692 1 128.198 11.176
693 827 1 75.921 11.176
694 959 1 107.451 11.176
694 2015 1 99.28 11.176
695 372 1 79.253 11.176
695 407 1 287.653 11.176
696 682 1 92.148 11.176
696 933 1 201.261 11.176
696 934 1 100.739 11.176
696 1704 1 94.093 11.176
697 685 1 80.428 11.176
697 698 1 94.036 11.176
697 1709 1 75.166 11.176
697 2000 1 185.322 11.176
698 697 1 94.036 11.176
698 1175 1 245.926 11.176
698 2008 1 94.254 11.176
699 700 1 131.66 11.176
699 1413 2 16.696 11.176
699 2006 1 8.549 11.176
700 169 1 79.856 11.176
700 699 1 131.66 11.176
700 1380 1 12.816 11.176
701 702 1 48.542 11.176
701 1380 1 193.628 11.176
701 1723 1 63.851 11.176
701 1959 1 40.981 11.176
702 701 1 48.542 11.176
702 1055 1 69.905 11.176
702 1191 1 171.233 11.176
703 356 1 76.2 11.176
703 412 1 76.097 11.176
703 881 1 148.191 11.176
703 1250 1 75.214 11.176
704 412 1 91.019 11.176
704 544 1 210.825 11.176
704 882 1 80.875 11.176
704 1281 1 83.057 11.176
705 544 1 161.063 11.176
705 706 1 113.24 11.176
705 759 1 267.221 11.176
706 705 1 113.24 11.176
706 883 1 110.766 11.176
706 1654 1 263.477 11.176
707 660 1 96.306 11.176
707 861 1 140.756 11.176
707 862 1 112.036 11.176
707 1778 1 98.256 11.176
708 358 2 105.483 11.176
708 709 1 104.921 11.176
708 1084 1 115.319 11.176
708 1778 1 64.573 11.176
709 708 1 104.921 11.176
709 710 1 113.898 11.176
709 1960 1 44.918 11.176
710 709 1 113.898 11.176
711 108 1 205.238 11.176
711 712 1 201.35 11.176
711 912 1 95.588 11.176
711 913 1 115.167 11.176
712 711 1 201.35 11.176
712 1062 1 134.487 11.176
712 1083 1 115.486 11.176
713 54 1 59.589 11.176
713 375 1 188.489 11.176
713 825 1 91.035 11.176
714 418 1 76.082 11.176
714 1356 1 203.673 11.176
714 1627 1 56.592 11.176
715 61 1 221.43 11.176
715 62 1 111.196 11.176
715 762 1 140.52 11.176
716 717 1 83.952 11.176
716 966 1 101.263 11.176
716 1474 1 102.442 11.176
717 716 1 83.952 11.176
717 718 1 200.15 11.176
717 981 1 101.572 11.176
717 996 1 100.563 11.176
718 717 1 200.15 11.176
718 719 1 200.732 11.176
718 768 1 100.895 11.176
718 981 1 297.233 11.176
719 718 1 200.732 11.176
719 720 1 200.924 11.176
719 982 1 100.986 11.176
719 997 1 100.871 11.176
720 719 1 200.924 11.176
720 721 1 204.201 11.176
720 983 1 100.322 11.176
720 998 1 101.391 11.176
721 720 1 204.201 11.176
721 985 1 100.657 11.176
721 1000 1 101.352 11.176
721 1449 1 201.679 11.176
722 986 3 100.673 11.176
722 1449 1 9.674 11.176
723 994 3 101.982 13.4112
723 1576 1 11.253 11.176
724 161 1 233.146 11.176
724 176 1 131.397 11.176
724 979 1 99.464 11.176
724 995 1 102.5 11.176
725 61 1 349.373 11.176
725 1358 1 46.709 11.176
725 1359 1 56.47 11.176
726 554 1 196.829 11.176
726 1358 1 67.002 11.176
726 1628 1 44.055 11.176
727 553 1 167.471 11.176
727 736 1 20.417 11.176
727 1328 1 113.796 11.176
727 1628 1 45.329 11.176
728 552 1 97.198 11.176
728 737 1 230.493 11.176
728 1726 1 70.78 11.176
728 2028 1 130.09 11.176
729 506 2 80.196 11.176
729 1726 1 42.293 11.176
729 2069 2 14.268 11.176
730 731 1 101.038 11.176
730 809 2 202.02 11.176
731 632 1 100.974 11.176
731 730 1 101.038 11.176
731 954 3 203.505 11.176
732 586 1 548.594 11.176
732 733 1 72.974 11.176
732 937 1 315.606 11.176
732 1068 1 151.316 11.176
733 732 1 72.974 11.176
734 600 1 229.218 11.176
734 735 1 91.752 11.176
735 601 1 283.256 11.176
735 734 1 91.752 11.176
735 736 1 91.993 11.176
736 602 1 293.161 11.176
736 727 1 20.417 11.176
736 735 1 91.993 11.176
736 1628 1 42.873 11.176
737 553 1 104.307 11.176
737 728 1 230.493 11.176
737 738 1 124.256 11.176
738 737 1 124.256 11.176
738 1463 1 32.096 11.176
738 1635 1 38.848 11.176
738 1636 1 90.228 11.176
739 351 1 158.49 11.176
739 740 1 75.415 11.176
739 961 1 227.921 11.176
740 70 1 116.45 11.176
740 739 1 75.415 11.176
740 1078 1 228.838 11.176
741 35 1 87.349 11.176
741 447 1 180.67 11.176
741 587 1 81.104 11.176
742 643 1 116.072 11.176
742 691 1 120.777 11.176
742 1390 1 192.901 11.176
743 691 1 57.085 11.176
743 744 1 304.588 11.176
743 1079 1 95.566 11.176
744 743 1 304.588 11.176
744 745 1 120.052 11.176
744 1119 1 336.553 11.176
745 744 1 120.052 11.176
745 746 1 112.85 11.176
745 845 1 253.443 11.176
746 745 1 112.85 11.176
746 747 1 317.737 11.176
746 845 1 78.487 11.176
747 401 1 84.995 11.176
747 746 1 317.737 11.176
747 1051 1 191.017 11.176
748 513 1 157.957 11.176
748 648 1 170.899 11.176
748 749 1 19.809 11.176
749 512 1 152.322 11.176
749 748 1 19.809 11.176
749 750 1 114.897 11.176
750 511 1 244.654 11.176
750 749 1 114.897 11.176
750 751 1 52.139 11.176
751 750 1 52.139 11.176
751 752 1 177.855 11.176
751 1308 1 448.712 11.176
752 128 1 145.943 11.176
752 268 1 59.162 11.176
752 751 1 177.855 11.176
753 268 1 243.956 11.176
753 754 1 98.272 11.176
753 1156 1 99.006 11.176
753 1297 1 100.473 11.176
754 519 1 194.379 11.176
754 521 1 150.086 11.176
754 753 1 98.272 11.176
755 521 1 153.468 11.176
755 839 1 99.936 11.176
755 840 1 100.587 11.176
755 1426 1 198.079 11.176
756 757 1 157.407 11.176
756 1158 1 100.023 11.176
756 1307 1 99.687 11.176
756 1428 1 196.548 11.176
757 756 1 157.407 11.176
757 758 1 45.528 11.176
757 1437 1 129.459 11.176
758 471 1 311.369 11.176
758 757 1 45.528 11.176
758 988 1 93.989 11.176
759 705 1 267.221 11.176
759 761 1 123.061 11.176
759 1150 1 139.197 11.176
760 761 1 136.062 11.176
760 894 1 128.22 11.11111124992
760 938 1 153.408 11.176
761 759 1 123.061 11.176
761 760 1 136.062 11.176
761 895 1 75.615 11.176
761 938 1 72.06 11.176
762 715 1 140.52 11.176
762 763 1 24.863 11.176
762 829 1 96.691 11.176
763 762 1 24.863 11.176
763 764 1 104.26 11.176
763 1356 1 85.787 11.176
764 763 1 104.26 11.176
764 765 1 63.611 11.176
764 807 1 137.069 11.176
764 829 1 221.397 11.176
765 311 1 176.764 11.176
765 396 1 72.401 11.176
765 764 1 63.611 11.176
766 313 1 106.874 11.176
766 396 1 102.375 11.176
766 767 1 101.538 11.176
766 843 1 115.803 11.176
767 314 1 100.36 11.176
767 315 1 196.802 11.176
767 766 1 101.538 11.176
767 1272 1 200.917 11.176
768 718 1 100.895 11.176
768 996 1 200.748 11.176
768 997 1 200.844 11.176
768 1480 1 60.071 11.176
769 339 1 94.799 11.176
769 1162 2 92.143 11.176
769 1503 1 11.948 11.176
770 771 1 201.904 11.176
770 1164 1 99.742 11.176
770 1311 1 100.443 11.176
770 1730 1 195.596 11.176
771 621 1 202.338 11.176
771 770 1 201.904 11.176
771 1165 1 99.563 11.176
771 1314 1 100.623 11.176
772 97 1 98.725 11.176
772 773 1 99.114 11.176
772 872 1 194.762 11.176
772 873 1 201.227 11.176
773 772 1 99.114 11.176
773 774 1 99.365 11.176
773 905 1 201.336 11.176
773 1736 1 190.015 11.176
774 773 1 99.365 11.176
774 775 1 100.615 11.176
774 794 1 195.424 11.176
774 795 1 201.113 11.176
775 774 1 100.615 11.176
775 776 1 102.07 11.176
775 1130 1 200.895 11.176
775 1747 1 190.308 11.176
776 274 1 100.525 11.176
776 775 1 102.07 11.176
776 1244 1 195.525 11.176
776 1245 1 200.914 11.176
777 652 1 113.052 11.176
777 686 1 53.942 11.176
777 1926 1 192.441 11.176
778 35 1 140.579 11.176
778 293 1 45.697 11.176
779 1068 1 514.447 11.176
779 1381 1 27.584 11.176
779 1382 1 42.794 11.176
779 1932 1 111.52 11.176
780 350 1 85.673 11.176
780 410 1 79.416 11.176
780 2043 1 64.048 11.176
781 130 1 104.533 11.176
781 1235 1 156.866 11.176
782 783 1 134.02 11.176
783 185 1 105.254 11.176
783 666 1 204.876 11.176
783 782 1 134.02 11.176
783 1151 1 93.743 11.176
784 147 1 135.741 11.176
784 187 1 103.919 11.176
784 579 1 134.07 11.176
784 1104 1 94.221 11.176
785 189 1 104.384 11.176
785 579 1 134.824 11.176
785 1152 1 94.215 11.176
785 1950 1 202.836 11.176
786 23 1 132.67 11.176
786 194 1 103.912 11.176
786 1153 1 94.348 11.176
786 1934 1 165.182 11.176
787 196 1 104.002 11.176
787 636 1 201.832 11.176
787 1155 1 94.476 11.176
787 1934 1 202.8 11.176
788 789 1 44.692 11.176
789 298 1 80.849 11.176
789 788 1 44.692 11.176
789 1260 1 208.319 11.176
790 594 1 556.765 11.176
790 1143 1 317.473 11.176
790 1395 1 226.099 11.176
791 231 1 152.93 11.176
791 523 1 60.564 11.176
791 1748 1 141.623 11.176
792 805 2 51.137 13.4112
792 1563 1 11.047 11.176
793 904 1 99.316 11.176
793 1129 1 258.883 11.176
793 1967 1 158.437 11.176
793 1970 1 195.54 11.176
794 774 1 195.424 11.176
794 1529 1 185.85 11.176
794 1735 1 94.121 11.176
794 1742 1 94.468 11.176
795 774 1 201.113 11.176
795 796 1 170.314 11.176
795 905 1 100.367 11.176
795 1130 1 95.132 11.176
796 795 1 170.314 11.176
796 797 1 200.614 11.176
796 906 2 100.44 11.176
796 1131 2 99.609 11.176
797 796 1 200.614 11.176
797 907 1 100.506 11.176
797 1132 1 100.942 11.176
797 1604 1 216.716 11.176
798 799 1 203.566 11.176
798 908 3 100.816 11.176
798 1604 1 11.466 11.176
799 798 1 203.566 11.176
799 909 1 100.699 11.176
799 1133 1 101.058 11.176
799 1887 1 195.1 11.176
800 801 1 119.717 11.176
800 910 1 100.352 11.176
800 1134 1 100.322 11.176
800 1888 1 196.293 11.176
801 800 1 119.717 11.176
801 912 2 104.048 11.176
801 1062 2 104.299 11.176
801 1419 1 49.931 11.176
802 803 1 54.458 11.176
803 802 1 54.458 11.176
803 804 1 100.054 11.176
803 916 2 171.192 11.176
803 1076 1 98.856 11.176
804 477 1 100.232 11.176
804 803 1 100.054 11.176
804 917 1 163.848 11.176
804 1049 1 99.598 11.176
805 204 1 102.044 11.176
805 1128 3 48.534 13.4112
805 1562 1 11.293 11.176
806 387 1 143.599 11.176
806 1010 1 108.008 11.176
806 1897 1 197.164 11.176
807 764 1 137.069 11.176
807 828 1 143.045 11.176
807 1355 1 30.488 11.176
807 1479 1 32.114 11.176
808 932 1 215.525 11.176
809 36 3 202.522 11.176
810 120 1 98.293 11.176
810 813 1 222.454 11.176
810 842 1 156.544 11.176
811 120 1 103.44 11.176
811 498 1 583.298 11.176
811 1678 1 30.384 6.7056
812 813 1 113.352 11.176
812 815 1 49.828 11.176
812 2081 1 167.839 11.176
813 142 1 116.822 11.176
813 810 1 222.454 11.176
813 812 1 113.352 11.176
813 1324 1 262.047 11.176
814 953 1 123.291 11.176
814 1677 1 63.618 11.11111124992
814 2137 1 64.084 11.176
815 812 1 49.828 11.176
815 816 1 94.482 11.176
815 1309 1 67.543 11.176
816 815 1 94.482 11.176
817 233 1 214.573 11.176
817 1013 1 32.498 11.176
817 1264 1 102.147 11.176
817 1792 1 74.441 11.176
818 247 1 62.147 11.176
818 571 1 158.515 11.176
818 642 1 115.997 11.176
819 571 1 106.075 11.176
820 14 1 82.873 11.176
820 284 1 74.776 11.176
820 495 1 204.96 11.176
821 16 1 80.868 11.176
822 1127 1 290.104 11.176
822 1321 1 86.538 11.176
822 1322 1 115.895 11.176
822 1795 1 124.279 11.11111124992
823 520 1 157.708 11.176
823 565 1 148.437 11.176
823 840 1 44.132 11.176
824 347 1 85.768 11.176
824 825 1 202.344 11.176
824 1347 1 108.314 11.176
825 713 1 91.035 11.176
825 824 1 202.344 11.176
825 826 1 37.677 11.176
826 376 1 128.477 11.176
826 825 1 37.677 11.176
826 1282 1 70.569 11.176
827 376 1 139.277 11.176
827 419 1 77.118 11.176
827 693 1 75.921 11.176
828 531 1 83.991 11.176
828 807 1 143.045 11.176
828 1356 1 12.372 11.176
829 762 1 96.691 11.176
829 764 1 221.397 11.176
829 830 1 15.803 11.176
830 63 1 266.351 11.176
830 310 1 68.078 11.176
830 829 1 15.803 11.176
831 310 1 134.543 11.176
831 832 1 100.659 11.176
831 1294 1 201.597 11.176
831 1316 1 93.774 11.176
832 831 1 100.659 11.176
832 833 1 100.149 11.176
832 942 1 201.582 11.176
832 943 1 201.438 11.176
833 832 1 100.149 11.176
833 834 1 100.625 11.176
833 1290 1 201.418 11.176
833 1291 1 201.833 11.176
834 833 1 100.625 11.176
834 835 1 100.141 11.176
834 1268 1 200.875 11.176
834 1269 1 202.312 11.176
835 568 1 100.053 11.176
835 834 1 100.141 11.176
835 1215 1 201.195 11.176
835 1216 1 202.438 11.176
836 567 2 210.65 11.176
836 837 1 69.46 11.176
836 1453 1 17.422 11.176
837 836 1 69.46 11.176
837 838 1 99.601 11.176
837 1031 1 77.64 11.176
837 1032 1 202.487 11.176
838 837 1 99.601 11.176
838 839 1 99.997 11.176
838 1278 1 332.265 11.176
838 1279 1 202.564 11.176
839 755 1 99.936 11.176
839 838 1 99.997 11.176
839 1156 1 407.912 11.176
839 1157 1 202.954 11.176
840 755 1 100.587 11.176
840 823 1 44.132 11.176
840 1295 1 202.841 11.176
841 142 1 214.301 11.176
841 842 1 60.559 11.176
841 1197 1 22.585 11.176
842 810 1 156.544 11.176
842 841 1 60.559 11.176
842 1366 1 124.963 11.176
843 395 1 95.513 11.176
843 766 1 115.803 11.176
843 1305 1 80.009 11.176
844 230 1 94.971 11.176
844 929 1 144.519 11.176
844 1223 1 416.47 11.176
845 645 1 77.706 11.176
845 745 1 253.443 11.176
845 746 1 78.487 11.176
846 662 1 147.222 11.176
846 847 1 77.949 11.176
846 1555 1 69.833 11.176
847 846 1 77.949 11.176
847 1780 1 97.908 11.176
847 1961 1 137.843 11.176
848 1234 1 58.215 11.176
848 1344 1 80.926 11.176
848 1780 1 21.635 11.176
849 368 1 86.468 11.176
850 408 1 61.795 11.176
850 651 1 133.152 11.176
850 1369 1 12.209 11.176
851 680 1 53.949 11.176
851 852 1 37.833 11.176
851 1703 1 57.543 11.176
852 851 1 37.833 11.176
852 853 1 96.181 11.176
852 933 1 203.173 11.176
853 327 1 95.664 11.176
853 653 2 102.895 11.176
853 852 1 96.181 11.176
853 1186 2 206.559 11.176
854 655 2 111.873 11.176
854 855 1 63.698 11.176
854 1697 1 28.84 11.176
855 854 1 63.698 11.176
855 856 1 78.213 11.176
855 2106 1 143.729 11.176
856 656 1 99.947 11.176
856 855 1 78.213 11.176
856 857 1 83.138 11.176
856 1998 2 160.647 11.176
857 856 1 83.138 11.176
857 858 1 83.408 11.176
857 1714 1 143.073 11.176
858 857 1 83.408 11.176
858 1706 1 141.244 11.176
859 1712 1 146.487 11.176
859 1864 1 95.108 11.176
859 1867 1 94.271 11.176
860 659 2 104.304 11.176
860 861 1 84.532 11.176
860 1064 2 60.435 11.176
860 1868 1 176.795 11.176
861 707 1 140.756 11.176
861 860 1 84.532 11.176
861 1177 1 160.008 11.176
862 282 1 187.512 11.176
862 707 1 112.036 11.176
862 863 1 112.719 11.176
862 1084 1 161.68 11.176
863 283 1 177.227 11.176
863 862 1 112.719 11.176
863 1073 1 160.86 11.176
863 1383 1 50.545 11.176
864 285 1 152.697 11.176
864 865 1 91.101 11.176
864 957 1 160.716 11.176
864 1384 1 38.54 11.176
865 286 1 152.191 11.176
865 287 1 240.1 11.176
865 864 1 91.101 11.176
866 496 1 158.293 11.176
866 867 1 137.542 11.176
866 1804 1 142.478 11.176
867 866 1 137.542 11.176
867 1178 1 100.537 11.176
867 1667 1 259.468 11.176
868 869 1 65.766 11.11111124992
868 1318 2 62.12 11.176
868 1322 1 91.222 11.176
869 1 1 93.422 11.176
869 585 1 153.172 11.176
869 868 1 65.766 11.11111124992
869 1318 1 73.199 11.176
870 918 2 104.969 13.4112
870 1564 1 11.575 11.176
871 87 1 97.821 11.176
871 904 1 98.885 11.176
871 1616 1 194.168 11.176
871 1975 1 158.555 11.176
872 95 1 93.73 11.176
872 772 1 194.762 11.176
872 1546 1 192.165 11.176
872 1733 1 94.045 11.176
873 99 1 100.445 11.176
873 772 1 201.227 11.176
873 874 1 181.832 11.176
873 905 1 102.502 11.176
874 873 1 181.832 11.176
874 2119 2 25.351 11.176
874 2121 1 6.88 11.176
875 102 1 101.713 11.176
875 1606 1 215.793 11.176
875 2121 1 197.294 11.176
876 103 2 101.144 11.176
876 1606 1 11.537 11.176
876 1765 1 266.134 11.176
877 878 1 202.041 11.176
877 909 1 296.046 11.176
877 1716 1 83.432 11.176
877 1893 1 95.647 11.176
878 877 1 202.041 11.176
878 879 1 87.692 11.176
878 910 1 100.91 11.176
878 1715 1 82.987 11.176
879 878 1 87.692 11.176
879 880 1 86.427 11.176
879 911 1 102.111 11.176
880 879 1 86.427 11.176
880 912 2 101.884 11.176
880 2115 2 48.691 11.176
881 413 1 97.762 11.176
881 703 1 148.191 11.176
882 165 1 80.382 11.176
882 413 1 169.413 11.176
882 545 1 210.739 11.176
882 704 1 80.875 11.176
883 167 1 73.067 11.176
883 545 1 324.839 11.176
883 706 1 110.766 11.176
883 884 1 112.201 11.176
884 607 1 633.726 11.176
884 883 1 112.201 11.176
884 1206 1 79.235 11.176
885 588 1 175.184 11.176
885 1151 1 75.145 11.176
885 2039 1 6.377 11.176
886 300 1 68.906 11.176
886 361 1 24.928 11.176
886 887 1 117.001 11.176
887 886 1 117.001 11.176
887 1601 1 156.968 11.176
887 1790 1 223.233 11.176
888 889 1 201.412 11.176
888 963 1 58.527 11.176
888 1178 1 59.883 11.176
889 888 1 201.412 11.176
889 964 1 58.767 11.176
889 1187 1 61.056 11.176
890 1461 3 161.178 11.176
891 890 1 101.813 11.176
891 1090 3 202.577 11.176
892 1133 1 199.701 11.176
892 1134 1 201.627 11.176
892 1885 1 95.116 11.176
892 1886 1 95.423 11.176
893 1064 1 165.117 11.176
893 1713 1 90.556 11.176
893 1866 1 52.916 11.176
894 334 1 121.165 11.176
894 760 1 128.22 11.11111124992
894 895 1 145.839 11.176
895 761 1 75.615 11.176
895 894 1 145.839 11.176
895 896 1 42.23 11.176
895 901 1 80.108 11.176
896 895 1 42.23 11.176
896 1654 1 37.317 11.176
896 1655 1 32.919 11.176
897 167 1 76.979 11.176
897 546 1 315.254 11.176
897 898 1 121.835 11.176
898 256 1 134.679 11.176
898 897 1 121.835 11.176
898 1953 1 184.82 11.176
899 357 2 112.347 11.176
899 1144 1 212.344 11.176
899 2069 2 112.166 11.176
900 66 2 64.359 11.176
900 1014 1 101.176 11.176
900 1290 1 188.956 11.176
901 526 1 145.773 11.176
901 895 1 80.108 11.176
901 1288 1 187.897 11.176
902 112 1 199.683 11.176
902 903 1 100.379 11.176
902 915 1 35.734 11.176
903 113 1 201.348 11.176
903 114 1 297.223 11.176
903 902 1 100.379 11.176
903 1126 1 202.338 11.176
904 363 1 200.294 11.176
904 793 1 99.316 11.176
904 871 1 98.885 11.176
904 1973 1 252.845 11.176
905 773 1 201.336 11.176
905 795 1 100.367 11.176
905 873 1 102.502 11.176
905 906 1 178.157 11.176
906 796 2 100.44 11.176
906 905 1 178.157 11.176
906 907 1 200.622 11.176
906 2119 2 78.143 11.176
907 797 1 100.506 11.176
907 906 1 200.622 11.176
907 1605 1 215.942 11.176
907 1772 1 91.81 11.176
908 876 3 101.489 11.176
908 909 1 196.573 11.176
908 1605 1 11.819 11.176
909 799 1 100.699 11.176
909 877 1 296.046 11.176
909 908 1 196.573 11.176
909 1891 1 195.071 11.176
910 800 1 100.352 11.176
910 878 1 100.91 11.176
910 911 1 70.076 11.176
910 1892 1 197.575 11.176
911 879 1 102.111 11.176
911 910 1 70.076 11.176
911 912 1 76.617 11.176
912 711 1 95.588 11.176
912 801 2 104.048 11.176
912 880 2 101.884 11.176
912 911 1 76.617 11.176
913 109 1 215.113 11.176
913 711 1 115.167 11.176
913 914 1 114.988 11.176
913 1083 1 201.128 11.176
914 111 1 224.448 11.176
914 913 1 114.988 11.176
914 915 1 115.378 11.176
914 1072 1 202.701 11.176
915 902 1 35.734 11.176
915 914 1 115.378 11.176
915 955 1 166.617 11.176
916 77 2 200.787 11.176
916 803 2 171.192 11.176
916 917 1 100.468 11.176
917 78 1 202.121 11.176
917 476 1 100.275 11.176
917 804 1 163.848 11.176
917 916 1 100.468 11.176
918 203 2 101.807 11.176
918 792 3 96.888 13.4112
918 1549 1 11.612 11.176
919 591 1 161.394 11.176
919 920 1 28.129 11.176
919 1289 1 348.686 11.176
920 226 1 115.046 11.176
920 919 1 28.129 11.176
920 921 1 194.806 11.176
921 292 1 100.214 11.176
921 920 1 194.806 11.176
921 1195 1 71.68 11.176
922 923 1 203.644 11.176
922 1402 1 9.23 11.176
923 677 1 259.512 11.176
923 924 1 83.093 11.176
923 1401 1 10.889 11.176
924 925 1 192.515 11.176
924 1952 1 74.809 11.176
924 2144 1 9.907 11.176
925 926 1 302.824 11.176
925 1288 1 220.108 11.176
925 1400 1 9.731 11.176
926 1206 1 330.372 11.176
926 1769 1 75.969 11.176
927 937 1 34.298 11.176
927 2057 1 6.506 11.176
928 929 1 69.029 11.176
929 844 1 144.519 11.176
929 928 1 69.029 11.176
929 1287 1 235.31 11.176
930 549 1 87.226 11.176
930 1357 1 261.498 11.176
930 1359 1 46.727 11.176
931 128 1 57.53 11.176
931 518 1 251.273 11.176
931 1297 1 155.179 11.176
932 808 1 215.525 11.176
932 1141 1 152.139 11.176
932 1643 1 33.933 11.176
933 681 2 92.27 11.176
933 696 1 201.261 11.176
933 852 1 203.173 11.176
933 1186 2 96.981 11.176
934 696 1 100.739 11.176
934 935 1 25.209 11.176
934 1847 1 87.17 11.176
935 934 1 25.209 11.176
935 936 1 101.134 11.176
935 1705 1 69.392 11.176
936 935 1 101.134 11.176
936 1694 1 64.519 11.176
936 1835 1 112.142 11.176
937 732 1 315.606 11.176
937 1385 1 8.288 11.176
938 760 1 153.408 11.176
938 761 1 72.06 11.176
938 1150 1 50.22 11.176
939 265 1 4.509 11.176
939 1648 1 21.834 11.176
940 1639 1 32.655 6.7056
941 942 1 159.818 11.176
941 1635 1 35.533 11.176
942 832 1 201.582 11.176
942 941 1 159.818 11.176
942 1290 1 100.349 11.176
942 1313 1 46.689 11.176
943 832 1 201.438 11.176
943 944 1 202.48 11.176
943 1291 1 100.423 11.176
943 1294 1 100.389 11.176
944 943 1 202.48 11.176
944 945 1 201.754 11.176
944 1292 1 100.585 11.176
944 1317 1 99.685 11.176
945 944 1 201.754 11.176
945 982 1 100.704 11.176
945 983 1 100.235 11.176
946 2052 1 15.692 11.176
946 2065 1 8.525 11.11111124992
947 1021 3 72.753 11.176
948 1683 2 60.041 11.176
948 1695 2 22.913 11.176
948 1775 2 65.314 11.176
949 948 3 62.302 11.176
949 1776 1 12.775 11.176
949 2002 1 65.308 11.176
950 684 2 174.803 11.176
950 1992 1 181.11 11.176
951 1583 3 38.761 11.176
951 1694 1 15.827 11.176
952 134 3 106.913 11.176
952 1213 2 199.023 11.176
952 1700 1 16.822 11.176
953 536 1 95.96 11.176
953 814 1 123.291 11.176
953 1676 1 147.078 11.176
954 633 1 95.928 11.176
954 1660 2 195.146 11.176
954 1939 1 107.805 11.176
955 915 1 166.617 11.176
955 956 1 34.858 11.176
955 1126 1 100.788 11.176
956 14 1 44.169 11.176
956 955 1 34.858 11.176
956 1072 1 110.967 11.176
957 864 1 160.716 11.176
957 958 1 107.035 11.176
957 1073 2 106.95 11.176
957 1662 2 67.706 11.176
958 957 1 107.035 11.176
958 1074 1 93.504 11.176
958 2016 1 25.064 11.176
959 694 1 107.451 11.176
959 960 1 294.181 11.176
959 1059 1 91.661 11.176
959 1060 1 90.808 11.176
960 959 1 294.181 11.176
960 1237 1 200.067 11.176
961 574 1 75.012 11.176
961 739 1 227.921 11.176
961 1078 1 80.511 11.176
962 351 1 73.409 11.176
963 496 1 82.942 11.176
963 888 1 58.527 11.176
963 964 1 201.861 11.176
964 497 1 82.878 11.176
964 889 1 58.767 11.176
964 963 1 201.861 11.176
965 618 1 173.683 11.176
966 716 1 101.263 11.176
966 981 1 82.507 11.176
966 1475 1 103.053 11.176
967 125 1 299.826 11.11111124992
967 1771 1 29.401 11.11111124992
968 1517 1 345.772 11.11111124992
968 1770 1 17.947 11.11111124992
969 1437 1 22.462 11.176
969 1642 1 47.206 11.176
969 2075 1 139.319 11.176
970 610 1 94.8 11.176
970 971 1 162.378 11.176
970 1100 1 94.524 11.176
970 2075 1 178.261 11.176
971 970 1 162.378 11.176
971 1101 1 94.413 11.176
971 1432 1 106.042 11.176
971 2140 1 46.401 11.176
972 973 1 112.861 11.176
972 1232 1 204.089 15.6464
972 2079 1 303.153 15.6464
973 457 1 345.889 11.176
973 972 1 112.861 11.176
973 1949 1 203.174 11.176
974 190 1 94.908 11.176
974 975 1 100.448 11.176
974 991 1 202.225 11.176
974 1259 1 203.011 11.176
975 490 1 100.428 11.176
975 974 1 100.448 11.176
975 992 1 202.305 11.176
975 1045 1 202.883 11.176
976 213 1 100.144 11.176
976 723 2 100.227 13.4112
976 1577 1 11.271 11.176
977 978 1 75.86 11.176
977 1286 1 202.894 11.176
977 1577 1 78.654 11.176
978 641 1 76.644 11.176
978 977 1 75.86 11.176
978 1262 1 202.873 11.176
979 349 1 54.632 11.176
979 724 1 99.464 11.176
979 980 1 169.4 11.176
979 1205 1 106.228 11.176
980 160 1 62.643 11.176
980 979 1 169.4 11.176
980 1345 1 134.627 11.176
981 717 1 101.572 11.176
981 718 1 297.233 11.176
981 966 1 82.507 11.176
981 1272 1 100.915 11.176
982 315 1 100.135 11.176
982 719 1 100.986 11.176
982 945 1 100.704 11.176
982 1273 1 101.609 11.176
983 720 1 100.322 11.176
983 945 1 100.235 11.176
983 984 1 103.417 11.176
983 1292 2 202.726 11.176
984 983 1 103.417 11.176
984 985 1 99.088 11.176
984 1270 1 202.816 11.176
985 721 1 100.657 11.176
985 984 1 99.088 11.176
985 1218 1 101.746 11.176
985 1448 1 203.112 11.176
986 987 1 92.015 11.176
986 1028 2 98.247 11.176
986 1448 1 10.026 11.176
987 986 1 92.015 11.176
987 988 1 101.621 11.176
987 1002 1 201.048 11.176
987 1280 1 202.723 11.176
988 470 2 306.348 11.176
988 758 1 93.989 11.176
988 987 1 101.621 11.176
988 1158 1 203.261 11.176
989 1378 1 536.059 15.6464
989 2067 1 25.254 11.176
989 2136 1 764.738 15.6464
990 1665 1 93.745 11.176
990 1777 1 153.186 11.176
990 1808 1 71.491 11.176
991 191 1 96.064 11.176
991 974 1 202.225 11.176
991 992 1 100.284 11.176
991 1513 1 137.808 11.176
992 459 1 143.555 11.176
992 490 1 297.559 11.176
992 975 1 202.305 11.176
992 991 1 100.284 11.176
993 994 1 94.271 11.176
993 1507 1 9.494 11.176
994 460 3 144.94 13.4112
994 993 1 94.271 11.176
994 1575 1 10.997 11.176
995 177 1 131.545 11.176
995 724 1 102.5 11.176
995 1596 1 124.33 11.176
995 1938 1 131.08 11.176
996 717 1 100.563 11.176
996 768 1 200.748 11.176
996 1349 1 107.959 11.176
996 1350 1 48.039 11.176
997 719 1 100.871 11.176
997 768 1 200.844 11.176
997 998 1 200.711 11.176
997 1348 1 61.769 11.176
998 464 2 97.246 11.176
998 720 1 101.391 11.176
998 997 1 200.711 11.176
998 999 1 100.155 11.176
999 998 1 100.155 11.176
999 1000 1 100.098 11.176
999 1481 1 55.852 11.176
1000 466 1 99.974 11.176
1000 721 1 101.352 11.176
1000 999 1 100.098 11.176
1000 1444 1 205.821 11.176
1001 722 2 101.107 11.176
1001 1002 1 92.862 11.176
1001 1444 1 9.689 11.176
1002 469 1 103.978 11.176
1002 987 1 201.048 11.176
1002 1001 1 92.862 11.176
1003 1004 1 371.547 11.176
1004 1003 1 371.547 11.176
1004 1005 1 100.047 11.176
1004 1076 1 90.564 11.176
1004 1111 2 208.924 11.176
1005 479 1 100.543 11.176
1005 1004 1 100.047 11.176
1005 1049 1 95.547 11.176
1005 1050 1 208.877 11.176
1006 206 1 101.212 11.176
1006 661 3 147.831 13.4112
1006 1558 1 12.22 11.176
1007 1168 2 48.624 11.176
1007 1498 1 11.47 11.176
1008 1009 1 200.706 11.176
1008 1225 1 288.601 11.176
1008 1498 1 103.118 11.176
1008 1986 1 98.689 11.176
1009 1008 1 200.706 11.176
1009 1010 1 201.856 11.176
1009 1225 1 91.227 11.176
1009 2104 1 52.126 11.176
1010 448 1 102.348 11.176
1010 806 1 108.008 11.176
1010 1009 1 201.856 11.176
1010 1226 1 91.025 11.176
1011 435 1 88.887 11.176
1011 1085 1 52.937 11.176
1011 2056 1 124.444 11.176
1012 572 1 151.54 11.176
1012 1365 1 184.628 11.176
1012 1602 1 324.569 11.176
1013 817 1 32.498 11.176
1014 67 1 203.343 11.176
1014 900 1 101.176 11.176
1014 1268 1 225.235 11.176
1015 1192 2 204.646 11.176
1015 1214 1 168.895 11.176
1015 1454 2 40.897 11.176
1016 1017 1 215.389 11.176
1016 1527 1 82.914 11.176
1016 1588 1 98.035 11.176
1017 1016 1 215.389 11.176
1017 1018 1 186.942 11.176
1017 1536 1 85.769 11.176
1017 1592 1 99.772 11.176
1018 619 1 202.35 11.176
1018 1017 1 186.942 11.176
1018 1306 1 103.038 11.176
1018 1528 1 84.604 11.176
1019 1020 1 360.17 11.176
1019 1117 1 131.21 11.176
1019 1401 1 67.128 11.176
1020 1019 1 360.17 11.176
1020 1117 1 393.366 11.176
1020 1142 1 103.362 11.176
1021 255 1 72.886 11.176
1021 798 3 101.19 11.176
1021 1603 1 14.095 11.176
1022 1023 3 101.34 11.176
1022 1089 3 160.252 11.176
1022 1610 1 11.534 11.176
1023 1024 3 100.218 11.176
1023 1611 1 12.051 11.176
1024 1025 3 100.77 11.176
1024 1458 1 138.347 11.176
1024 1612 1 12.008 11.176
1025 1457 1 180.664 11.176
1025 1613 1 12.887 11.176
1025 1614 3 67.473 11.176
1026 415 2 99.042 11.176
1026 1037 1 51.201 11.176
1026 1209 1 208.822 11.176
1026 1519 2 103.54 11.176
1027 344 2 93.252 11.176
1027 1340 2 199.991 11.176
1027 1519 1 10.186 11.176
1028 1029 3 104.341 11.176
1028 1450 1 9.571 11.176
1029 1030 2 201.78 11.176
1029 1280 2 92.606 11.176
1029 1451 1 10.045 11.176
1030 1279 1 93.314 11.176
1030 1452 1 10.157 11.176
1030 1813 2 73.574 11.176
1031 836 3 94.259 11.176
1031 1446 1 44.129 11.176
1032 567 1 104.578 11.176
1032 837 1 202.487 11.176
1032 1033 1 201.585 11.176
1033 566 1 110.151 11.176
1033 1032 1 201.585 11.176
1033 1034 1 89.393 11.176
1033 1462 1 38.024 11.176
1034 72 1 176.155 11.176
1034 1033 1 89.393 11.176
1034 1035 1 198.336 11.176
1035 266 1 194.733 11.176
1035 1034 1 198.336 11.176
1035 1277 1 271.013 11.176
1036 1027 3 52.346 11.176
1037 1026 1 51.201 11.176
1037 1520 2 103.601 11.176
1037 2049 1 148.31 11.176
1038 483 1 162.631 11.176
1038 1092 2 84.203 11.176
1038 1182 2 23.235 11.176
1039 483 1 239.027 11.176
1039 1551 2 87.238 13.4112
1040 367 1 287.18 11.176
1040 1243 1 103.534 11.176
1040 1411 1 213.072 11.176
1041 369 1 132.339 11.176
1041 1234 1 81.379 11.176
1041 1344 1 55.494 11.176
1042 485 1 100.822 11.176
1042 668 1 204.249 11.176
1042 1257 1 100.318 11.176
1043 150 1 135.402 11.176
1043 487 1 100.437 11.176
1043 581 1 134.34 11.176
1043 1105 1 100.49 11.176
1044 581 1 67.846 11.176
1044 1045 1 66.117 11.176
1044 1258 1 100.055 11.176
1045 975 1 202.883 11.176
1045 1044 1 66.117 11.176
1045 1259 1 100.494 11.176
1045 2094 1 75.359 11.176
1046 459 1 146.541 11.176
1046 1166 2 100.502 11.176
1046 1493 1 12.098 11.176
1047 1210 1 100.283 11.176
1047 1493 1 140.612 11.176
1047 1921 1 94.032 11.176
1047 1935 1 165.326 11.176
1048 638 1 202.022 11.176
1048 1903 1 93.717 11.176
1048 1913 1 293.583 11.176
1048 1936 1 128.372 11.176
1049 478 1 100.42 11.176
1049 804 1 99.598 11.176
1049 1005 1 95.547 11.176
1049 1076 1 100.917 11.176
1050 480 1 100.866 11.11111124992
1050 1005 1 208.877 11.176
1050 1111 1 101.02 11.11111124992
1051 240 1 105.096 11.176
1051 592 1 439.641 11.176
1051 747 1 191.017 11.176
1051 1120 1 222.452 11.176
1052 1186 3 307.102 11.176
1053 699 2 84.605 11.176
1053 1054 1 155.184 11.176
1053 2005 1 8.248 11.176
1054 360 1 96.95 11.176
1054 1053 1 155.184 11.176
1054 1380 1 67.938 11.176
1055 702 1 69.905 11.176
1055 1056 1 55.847 11.176
1055 1725 1 36.915 11.176
1056 1055 1 55.847 11.176
1056 1782 1 8.712 11.176
1057 1058 1 73.604 11.176
1057 1720 1 238.13 11.176
1057 1783 1 6.339 11.176
1058 1057 1 73.604 11.176
1058 1059 1 17.556 11.176
1059 959 1 91.661 11.176
1059 1058 1 17.556 11.176
1059 1668 1 230.633 11.176
1060 959 1 90.808 11.176
1060 1415 1 252.812 11.176
1060 1860 1 29.752 11.176
1061 731 3 201.949 11.176
1061 809 2 100.407 11.176
1062 712 1 134.487 11.176
1062 801 2 104.299 11.176
1062 1063 2 104.446 11.176
1062 1134 1 91.811 11.176
1063 280 2 104.122 11.176
1063 1062 2 104.446 11.176
1063 1247 1 63.818 11.176
1064 860 2 60.435 11.176
1064 893 1 165.117 11.176
1064 1065 2 105.551 11.176
1065 1064 2 105.551 11.176
1065 1066 2 111.27 11.176
1065 1176 2 246.988 11.176
1065 1177 2 128.411 11.176
1066 359 1 178.781 11.176
1066 1065 2 111.27 11.176
1066 1766 2 85.036 11.176
1066 2105 1 71.358 11.176
1067 598 1 100.92 11.176
1067 599 1 167.65 11.176
1067 1071 1 56.448 11.176
1068 732 1 151.316 11.176
1068 779 1 514.447 11.176
1068 1389 1 30.334 11.176
1069 1389 1 103.692 11.176
1070 216 1 172.676 11.176
1070 644 1 158.766 11.176
1070 1121 1 391.004 11.176
1071 1067 1 56.448 11.176
1072 283 1 201.574 11.176
1072 914 1 202.701 11.176
1072 956 1 110.967 11.176
1072 1339 1 104.964 11.176
1073 863 1 160.86 11.176
1073 957 2 106.95 11.176
1073 1074 1 107.974 11.176
1073 1084 1 111.82 11.176
1074 958 1 93.504 11.176
1074 1073 1 107.974 11.176
1075 132 1 77.35 11.176
1075 443 1 157.455 11.176
1076 803 1 98.856 11.176
1076 1004 1 90.564 11.176
1076 1049 1 100.917 11.176
1077 205 1 101.614 11.176
1077 1240 2 39.85 13.4112
1077 1560 1 12.152 11.176
1078 740 1 228.838 11.176
1078 961 1 80.511 11.176
1078 1079 1 134.144 11.176
1079 70 1 250.029 11.176
1079 743 1 95.566 11.176
1079 1078 1 134.144 11.176
1080 271 1 30.219 11.11111124992
1080 555 1 284.504 11.176
1080 1675 1 232.735 11.176
1081 1206 1 129.83 11.176
1081 1288 1 74.046 11.176
1081 1655 1 237.865 11.176
1082 1238 1 190.652 11.176
1083 712 1 115.486 11.176
1083 913 1 201.128 11.176
1083 1339 1 13.877 11.176
1084 708 1 115.319 11.176
1084 862 1 161.68 11.176
1084 1073 1 111.82 11.176
1084 1719 1 106.943 11.176
1085 364 1 148.62 11.176
1085 651 1 211.893 11.176
1085 1011 1 52.937 11.176
1086 370 2 49.249 11.176
1086 1087 2 29.144 11.176
1086 1369 1 156.824 11.176
1087 409 2 45.666 11.176
1087 695 1 232.127 11.176
1087 1086 2 29.144 11.176
1088 625 1 102.179 11.176
1088 1221 1 100.196 11.176
1088 1610 1 214.488 11.176
1089 627 1 101.141 11.176
1089 891 3 201.7 11.176
1089 1228 1 103.249 11.176
1090 630 1 100.493 11.176
1090 1061 3 201.91 11.176
1091 2076 1 129.018 11.11111124992
1092 1038 2 84.203 11.176
1092 1551 1 407.101 11.176
1092 1799 1 117.19 11.11111124992
1093 137 1 33.836 11.176
1094 1255 3 100.727 13.4112
1094 1570 1 11.655 11.176
1095 1145 1 102.707 11.176
1095 1146 1 99.088 11.176
1095 1570 1 113.762 11.176
1096 1298 1 161.581 11.176
1096 1407 1 87.762 11.176
1096 1794 1 16.081 11.176
1097 1751 1 94.811 11.176
1097 1758 1 194.864 11.176
1097 2103 1 96.108 11.176
1098 623 1 202.445 11.176
1098 1293 1 102.574 11.176
1098 1315 1 100.559 11.176
1098 1760 1 196.117 11.176
1099 1236 1 99.897 11.176
1099 1957 1 95.379 11.176
1100 970 1 94.524 11.176
1100 1101 1 162.95 11.176
1100 1303 1 103.656 11.176
1100 1944 1 192.778 11.176
1101 971 1 94.413 11.176
1101 1100 1 162.95 11.176
1101 1435 1 36.533 11.176
1101 1930 1 54.897 11.176
1102 576 1 134.516 15.6464
1102 1103 1 97.195 11.176
1102 1375 1 272.053 15.6464
1103 577 1 135.599 11.176
1103 1102 1 97.195 11.176
1103 2091 1 43.56 11.176
1104 146 1 136.189 11.176
1104 578 1 134.262 11.176
1104 784 1 94.221 11.176
1104 2068 1 80.262 11.176
1105 149 1 135.758 11.176
1105 187 1 94.24 11.176
1105 580 1 134.581 11.176
1105 1043 1 100.49 11.176
1106 210 1 99.495 11.176
1106 582 3 134.049 13.4112
1106 1579 1 11.445 11.176
1107 154 1 135.637 11.176
1107 583 1 134.202 11.176
1107 1108 1 75.964 11.176
1107 1579 1 78.263 11.176
1108 155 1 136.192 11.176
1108 584 1 133.708 11.176
1108 1107 1 75.964 11.176
1108 1526 1 74.036 11.176
1109 685 1 81.152 11.176
1109 1991 1 175.449 11.176
1109 2001 1 84.106 11.176
1110 1111 1 367.684 11.11111124992
1111 1004 2 208.924 11.176
1111 1050 1 101.02 11.11111124992
1111 1110 1 367.684 11.11111124992
1111 1260 2 143.423 11.176
1112 207 1 101.428 11.11111124992
1112 1233 3 161.08 13.4112
1112 1556 1 10.96 11.11111124992
1113 1551 1 11.211 11.176
1113 1552 2 43.015 13.4112
1114 331 1 84.608 11.176
1114 373 1 199.355 11.176
1114 2044 1 102.81 11.176
1115 1116 1 82.703 11.176
1115 1178 1 78.387 11.176
1115 1179 1 65.799 11.176
1116 1115 1 82.703 11.176
1117 1019 1 131.21 11.176
1117 1020 1 393.366 11.176
1117 1402 1 74.478 11.176
1118 575 1 76.02 11.176
1118 1119 1 161.039 11.176
1118 1403 1 312.0 11.176
1119 744 1 336.553 11.176
1119 1118 1 161.039 11.176
1119 1120 1 130.267 11.176
1120 1051 1 222.452 11.176
1120 1119 1 130.267 11.176
1120 1142 1 115.537 11.176
1121 528 1 183.749 11.176
1121 1070 1 391.004 11.176
1121 1123 1 37.281 11.176
1122 646 1 98.295 11.176
1122 647 1 245.34 11.176
1122 1123 1 80.433 11.176
1123 515 1 353.205 11.176
1123 1121 1 37.281 11.176
1123 1122 1 80.433 11.176
1124 1125 1 20.737 11.176
1124 1263 1 187.128 11.176
1124 1264 1 66.861 11.176
1125 1124 1 20.737 11.176
1126 558 1 395.119 11.176
1126 903 1 202.338 11.176
1126 955 1 100.788 11.176
1127 16 1 83.163 11.176
1127 822 1 290.104 11.176
1127 1808 1 77.001 11.176
1128 1077 2 50.912 13.4112
1128 1561 1 11.768 11.176
1129 793 1 258.883 11.176
1129 1241 1 94.753 11.176
1129 1561 1 157.269 11.176
1129 1965 1 93.708 11.176
1130 775 1 200.895 11.176
1130 795 1 95.132 11.176
1130 1131 1 163.5 11.176
1130 1245 1 100.8 11.176
1131 796 2 99.609 11.176
1131 1130 1 163.5 11.176
1131 1132 1 205.52 11.176
1131 1246 2 99.508 11.176
1132 797 1 100.942 11.176
1132 1131 1 205.52 11.176
1132 1222 1 100.918 11.176
1132 1603 1 206.125 11.176
1133 255 1 145.771 11.176
1133 799 1 101.058 11.176
1133 892 1 199.701 11.176
1133 1881 1 95.333 11.176
1134 800 1 100.322 11.176
1134 892 1 201.627 11.176
1134 1062 1 91.811 11.176
1134 1247 1 100.57 11.176
1135 1136 1 173.112 8.9408
1136 1135 1 173.112 8.9408
1136 1231 1 81.542 11.11111124992
1137 577 1 133.418 11.176
1137 1152 1 203.751 11.176
1137 1232 1 106.815 11.176
1138 475 1 37.389 11.176
1138 1153 1 204.603 11.176
1138 1372 1 134.874 11.176
1139 662 1 221.388 11.176
1139 1241 1 66.946 11.176
1139 1559 1 97.607 11.176
1140 333 1 138.795 11.176
1140 540 1 236.316 11.176
1140 1283 1 286.753 11.176
1141 518 1 101.555 11.176
1141 932 1 152.139 11.176
1141 1298 1 76.256 11.176
1142 1020 1 103.362 11.176
1142 1120 1 115.537 11.176
1142 1143 1 40.167 11.176
1143 240 1 94.924 11.176
1143 790 1 317.473 11.176
1143 1142 1 40.167 11.176
1144 69 1 181.6 11.176
1144 508 1 110.858 11.176
1144 899 1 212.344 11.176
1145 180 1 90.9 11.176
1145 1095 1 102.707 11.176
1145 1572 1 123.73 11.176
1146 181 1 91.309 11.176
1146 1095 1 99.088 11.176
1146 1147 1 201.226 11.176
1146 1569 1 105.211 11.176
1147 182 1 91.479 11.176
1147 1146 1 201.226 11.176
1147 1568 1 87.459 11.176
1148 1149 1 98.857 11.176
1148 1219 1 101.895 11.176
1148 1613 1 114.015 11.176
1149 1148 1 98.857 11.176
1149 1220 1 109.34 11.176
1149 1612 1 105.267 11.176
1150 759 1 139.197 11.176
1150 938 1 50.22 11.176
1150 1283 1 57.357 11.176
1151 588 1 100.788 11.176
1151 783 1 93.743 11.176
1151 885 1 75.145 11.176
1152 578 1 134.041 11.176
1152 785 1 94.215 11.176
1152 1137 1 203.751 11.176
1152 1949 1 202.781 11.176
1153 24 1 132.983 11.176
1153 786 1 94.348 11.176
1153 1138 1 204.603 11.176
1153 1154 1 165.037 11.176
1154 1153 1 165.037 11.176
1154 1155 1 202.402 11.176
1154 1483 1 81.419 11.176
1154 1934 1 94.717 11.176
1155 635 1 202.41 11.176
1155 787 1 94.476 11.176
1155 1154 1 202.402 11.176
1155 2127 1 437.491 11.176
1156 267 1 354.934 11.176
1156 753 1 99.006 11.176
1156 839 1 407.912 11.176
1156 1277 1 98.485 11.176
1157 839 1 202.954 11.176
1157 1158 1 201.621 11.176
1157 1279 1 100.082 11.176
1157 1427 1 94.94 11.176
1158 756 1 100.023 11.176
1158 988 1 203.261 11.176
1158 1157 1 201.621 11.176
1158 1280 1 101.281 11.176
1159 346 3 101.442 11.176
1159 1203 1 111.701 6.7056
1159 1459 2 12.003 11.176
1160 417 3 108.352 11.176
1160 1457 1 9.29 11.176
1161 270 1 89.302 11.176
1162 1169 3 109.123 11.176
1162 1502 1 11.464 11.176
1163 1502 1 102.898 11.176
1163 1590 1 102.555 11.176
1163 1729 1 88.731 11.176
1164 770 1 99.742 11.176
1164 1165 1 201.482 11.176
1164 1593 1 96.154 11.176
1164 2029 1 136.528 2.2352
1165 620 1 202.948 11.176
1165 771 1 99.563 11.176
1165 1164 1 201.482 11.176
1165 1306 1 101.389 11.176
1166 193 3 95.409 11.176
1166 1492 1 11.84 11.176
1166 1515 1 141.308 11.176
1167 199 2 100.865 11.176
1167 1496 2 10.057 13.4112
1168 179 3 131.253 11.176
1168 335 1 80.239 11.176
1169 338 1 94.338 11.176
1169 1472 3 185.928 11.176
1169 1501 1 11.438 11.176
1170 769 2 200.17 11.176
1170 1504 1 12.277 11.176
1170 1801 1 225.325 11.176
1171 340 2 99.937 11.176
1171 1170 3 202.253 11.176
1171 1172 2 99.706 11.176
1171 2033 2 87.318 11.176
1172 1171 2 99.706 11.176
1172 1518 2 103.772 11.176
1172 1523 1 74.528 11.176
1173 345 1 96.804 11.176
1173 1036 2 84.518 11.176
1173 1521 1 9.649 11.176
1174 1683 2 90.746 11.176
1174 1998 2 78.61 11.176
1175 698 1 245.926 11.176
1175 1176 2 92.051 11.176
1175 2001 2 96.63 11.176
1176 1065 2 246.988 11.176
1176 1175 2 92.051 11.176
1176 1188 1 107.065 11.176
1177 358 2 22.405 11.176
1177 861 1 160.008 11.176
1177 1065 2 128.411 11.176
1178 867 1 100.537 11.176
1178 888 1 59.883 11.176
1178 1115 1 78.387 11.176
1178 1187 1 201.956 11.176
1179 1115 1 65.799 11.176
1179 1180 1 129.026 11.176
1180 1179 1 129.026 11.176
1180 1296 2 112.732 11.176
1180 2050 2 37.003 11.176
1180 2051 3 33.791 11.176
1181 1182 2 325.189 11.176
1181 1798 2 183.323 11.11111124992
1182 297 3 57.571 11.176
1182 482 2 165.0 11.176
1182 1038 2 23.235 11.176
1182 1181 2 325.189 11.176
1183 482 2 238.843 11.176
1183 1039 2 47.28 13.4112
1183 1553 2 11.28 11.176
1184 370 2 209.697 11.176
1184 1202 1 91.384 11.176
1184 1234 1 98.162 11.176
1184 1553 2 262.776 11.176
1185 688 2 239.426 11.176
1185 1230 1 100.881 11.176
1185 1540 2 179.272 11.176
1185 1859 1 95.691 11.176
1186 328 2 95.641 11.176
1186 853 2 206.559 11.176
1186 933 2 96.981 11.176
1186 1704 3 200.176 11.176
1187 889 1 61.056 11.176
1187 1178 1 201.956 11.176
1187 1418 1 103.985 11.176
1188 1176 1 107.065 11.176
1188 1189 1 104.801 11.176
1188 2008 1 138.948 11.176
1189 1188 1 104.801 11.176
1189 1711 1 60.702 11.176
1189 2064 1 36.442 11.176
1190 169 1 71.257 11.176
1191 702 1 171.233 11.176
1192 72 1 94.741 11.176
1192 1015 2 204.646 11.176
1192 1464 2 64.333 11.176
1193 1300 1 131.395 11.176
1193 1362 1 179.088 11.176
1193 2080 1 109.812 11.176
1194 228 1 47.632 11.176
1194 1195 1 30.423 11.176
1194 1312 1 239.613 11.176
1195 921 1 66.816 11.176
1195 1194 1 30.423 11.176
1195 1409 1 242.446 11.176
1196 453 1 236.697 11.176
1196 573 1 191.732 11.176
1196 1201 1 122.899 11.176
1197 841 1 22.585 11.176
1197 1198 1 470.464 11.176
1197 1641 1 442.687 11.176
1198 1197 1 470.464 11.176
1198 1199 1 185.951 11.176
1198 1641 1 154.147 11.176
1199 253 1 584.598 11.176
1199 642 1 305.012 11.176
1199 1198 1 185.951 11.176
1200 247 1 87.728 11.176
1200 572 1 114.531 11.176
1200 1201 1 159.245 11.176
1201 1196 1 122.899 11.176
1201 1200 1 159.245 11.176
1201 1251 1 247.133 11.176
1202 331 1 93.789 11.176
1202 371 1 206.564 11.176
1202 1184 1 91.384 11.176
1202 1552 1 259.736 11.176
1203 1159 1 111.701 6.7056
1203 1204 1 27.079 6.7056
1204 417 1 154.643 6.7056
1204 1203 1 27.079 6.7056
1204 1984 1 113.231 11.11111124992
1205 979 1 106.228 11.176
1205 1274 1 113.36 11.176
1205 1347 1 96.419 11.176
1206 884 1 79.235 11.176
1206 926 1 330.372 11.176
1206 1081 1 129.83 11.176
1207 1311 1 200.375 11.176
1207 1731 1 95.696 11.176
1207 1749 1 94.345 11.176
1208 1209 1 197.908 11.176
1208 2033 2 23.297 11.176
1209 414 1 99.64 11.176
1209 1026 1 208.822 11.176
1209 1208 1 197.908 11.176
1210 194 1 94.38 11.176
1210 1047 1 100.283 11.176
1210 1492 1 140.662 11.176
1210 1916 1 160.558 11.176
1211 200 1 100.324 11.176
1211 1094 2 64.825 13.4112
1211 1571 1 11.053 11.176
1212 596 1 230.957 11.176
1213 952 2 199.023 11.176
1214 1015 1 168.895 11.176
1214 1215 1 201.486 11.176
1214 1438 1 66.637 11.176
1215 835 1 201.195 11.176
1215 1214 1 201.486 11.176
1215 1268 1 100.438 11.176
1215 1447 1 87.341 11.176
1216 569 1 100.004 11.176
1216 835 1 202.438 11.176
1216 1269 1 101.055 11.176
1216 1584 1 177.705 11.176
1217 570 1 99.058 11.176
1217 1218 1 102.503 11.176
1217 1270 1 101.793 11.176
1218 985 1 101.746 11.176
1218 1217 1 102.503 11.176
1218 1450 1 202.557 11.176
1219 414 1 102.706 11.176
1219 1148 1 101.895 11.176
1219 1220 1 99.718 11.176
1219 1342 2 199.826 11.176
1220 1149 1 109.34 11.176
1220 1219 1 99.718 11.176
1220 1221 1 99.501 11.176
1221 1088 1 100.196 11.176
1221 1220 1 99.501 11.176
1221 1611 1 214.316 11.176
1222 277 1 100.094 11.176
1222 1132 1 100.918 11.176
1222 1246 1 200.134 11.176
1222 1688 1 160.291 11.176
1223 573 1 244.391 11.176
1223 844 1 416.47 11.176
1223 1224 1 307.552 11.176
1224 1223 1 307.552 11.176
1224 1263 1 47.723 11.176
1224 1792 1 126.911 11.176
1225 181 1 91.131 11.176
1225 1008 1 288.601 11.176
1225 1009 1 91.227 11.176
1225 1226 1 201.143 11.176
1226 182 1 91.291 11.176
1226 616 1 202.436 11.176
1226 1010 1 91.025 11.176
1226 1225 1 201.143 11.176
1227 1160 2 110.168 11.176
1227 1458 1 7.751 11.176
1228 1422 1 26.491 11.176
1228 1455 2 6.07 11.176
1229 387 1 97.409 11.176
1229 429 1 94.871 11.176
1229 1901 1 197.356 11.176
1230 687 1 247.289 11.176
1230 1185 1 100.881 11.176
1230 1535 1 181.323 11.176
1230 1738 1 83.789 11.176
1231 1136 1 81.542 11.11111124992
1231 1485 1 148.033 15.6464
1232 576 1 133.488 15.6464
1232 972 1 204.089 15.6464
1232 1137 1 106.815 11.176
1233 1183 3 96.841 13.4112
1233 1554 1 11.533 11.176
1234 848 1 58.215 11.176
1234 1041 1 81.379 11.176
1234 1184 1 98.162 11.176
1234 2017 1 224.193 11.176
1235 132 1 104.417 11.176
1235 444 1 155.229 11.176
1235 781 1 156.866 11.176
1236 1099 1 99.897 11.176
1236 1386 1 197.848 11.176
1236 1531 1 166.129 11.176
1237 329 2 60.933 11.176
1237 960 1 200.067 11.176
1238 1082 1 190.652 11.176
1238 1299 1 102.499 11.176
1238 1322 1 156.998 11.176
1239 123 1 101.905 11.176
1239 474 1 106.642 11.176
1239 2018 1 51.205 11.176
1240 1006 2 72.548 13.4112
1240 1559 1 12.208 11.176
1241 1129 1 94.753 11.176
1241 1139 1 66.946 11.176
1241 1242 1 94.258 11.176
1241 1964 1 219.53 11.176
1242 1241 1 94.258 11.176
1242 1243 1 54.671 11.176
1242 1412 1 221.436 11.176
1243 364 1 285.742 11.176
1243 1040 1 103.534 11.176
1243 1242 1 54.671 11.176
1244 273 1 100.597 11.176
1244 776 1 195.525 11.176
1244 1530 1 185.968 11.176
1244 1741 1 94.994 11.176
1245 275 1 100.389 11.176
1245 776 1 200.914 11.176
1245 1130 1 100.8 11.176
1245 1246 1 156.303 11.176
1246 276 2 101.016 11.176
1246 1131 2 99.508 11.176
1246 1222 1 200.134 11.176
1246 1245 1 156.303 11.176
1247 1063 1 63.818 11.176
1247 1134 1 100.57 11.176
1247 1884 1 197.768 11.176
1248 355 1 75.316 11.176
1248 541 1 48.687 11.176
1248 542 1 23.842 11.176
1248 1249 1 102.353 11.176
1249 1248 1 102.353 11.176
1249 1271 1 162.425 11.176
1249 2072 1 106.558 11.176
1250 703 1 75.214 11.176
1250 1281 1 94.228 11.176
1250 2072 1 135.793 11.176
1251 452 1 163.739 11.176
1251 608 1 98.168 11.176
1251 1201 1 247.133 11.176
1252 121 1 161.416 11.176
1252 612 1 92.664 11.176
1252 1326 1 48.718 11.176
1253 614 2 90.732 13.4112
1253 1567 1 11.086 11.176
1254 1253 2 111.652 13.4112
1254 1568 1 10.951 11.176
1254 1911 1 95.925 11.176
1255 201 1 100.864 11.176
1255 1254 3 201.72 13.4112
1255 1569 1 10.65 11.176
1256 208 1 100.161 11.176
1256 669 3 204.484 13.4112
1256 1582 1 11.685 11.176
1257 185 1 92.575 11.176
1257 667 1 203.794 11.176
1257 1042 1 100.318 11.176
1258 580 1 67.454 11.176
1258 1044 1 100.055 11.176
1258 1259 1 66.171 11.176
1259 189 1 93.845 11.176
1259 974 1 203.011 11.176
1259 1045 1 100.494 11.176
1259 1258 1 66.171 11.176
1260 297 2 82.388 11.176
1260 481 1 160.655 11.176
1260 789 1 208.319 11.176
1260 1111 2 143.423 11.176
1261 671 1 204.449 11.176
1261 1285 1 75.966 11.176
1262 48 1 65.944 11.176
1262 640 1 76.227 11.176
1262 978 1 202.873 11.176
1262 1286 1 75.98 11.176
1263 1124 1 187.128 11.176
1263 1224 1 47.723 11.176
1263 1601 1 83.666 11.176
1264 817 1 102.147 11.176
1264 1124 1 66.861 11.176
1264 1265 1 149.253 11.176
1265 1264 1 149.253 11.176
1265 1325 1 54.316 11.176
1265 1793 1 39.333 11.176
1266 138 2 13.588 11.176
1266 329 2 83.469 11.176
1266 1267 1 132.374 11.176
1267 1266 1 132.374 11.176
1268 834 1 200.875 11.176
1268 1014 1 225.235 11.176
1268 1215 1 100.438 11.176
1268 1290 1 100.303 11.176
1269 834 1 202.312 11.176
1269 1216 1 101.055 11.176
1269 1270 1 201.413 11.176
1269 1291 1 100.31 11.176
1270 984 1 202.816 11.176
1270 1217 1 101.793 11.176
1270 1269 1 201.413 11.176
1270 1292 1 101.663 11.176
1271 1249 1 162.425 11.176
1271 1281 1 139.458 11.176
1271 2063 1 128.559 11.176
1271 2072 1 115.75 11.176
1272 767 1 200.917 11.176
1272 981 1 100.915 11.176
1272 1305 1 100.65 11.176
1272 1476 1 185.788 11.176
1273 314 1 100.5 11.176
1273 982 1 101.609 11.176
1273 1768 1 86.999 11.176
1274 1205 1 113.36 11.176
1275 374 1 36.406 11.176
1275 442 1 167.512 11.176
1275 1075 1 84.815 11.176
1276 590 1 67.779 11.176
1276 1289 1 69.495 11.176
1276 2126 1 112.858 11.176
1277 1035 1 271.013 11.176
1277 1156 1 98.485 11.176
1277 1278 1 71.549 11.176
1277 1462 1 65.143 11.176
1278 838 1 332.265 11.176
1278 1277 1 71.549 11.176
1278 1462 1 115.492 11.176
1279 838 1 202.564 11.176
1279 1030 1 93.314 11.176
1279 1157 1 100.082 11.176
1279 1280 1 202.08 11.176
1280 987 1 202.723 11.176
1280 1029 2 92.606 11.176
1280 1158 1 101.281 11.176
1280 1279 1 202.08 11.176
1281 704 1 83.057 11.176
1281 1250 1 94.228 11.176
1281 1271 1 139.458 11.176
1281 2062 1 196.054 11.176
1282 377 1 102.868 11.176
1282 826 1 70.569 11.176
1282 1302 1 110.438 11.176
1283 542 1 112.809 11.176
1283 543 1 359.026 11.176
1283 1140 1 286.753 11.176
1283 1150 1 57.357 11.176
1284 397 1 53.229 11.176
1285 670 1 204.624 11.176
1285 1261 1 75.966 11.176
1285 1582 1 77.162 11.176
1286 46 1 29.945 11.176
1286 977 1 202.894 11.176
1286 1262 1 75.98 11.176
1287 232 1 254.408 11.176
1287 929 1 235.31 11.176
1287 1792 1 13.01 11.176
1288 527 1 84.714 11.176
1288 901 1 187.897 11.176
1288 925 1 220.108 11.176
1288 1081 1 74.046 11.176
1289 309 1 83.216 11.176
1289 919 1 348.686 11.176
1289 1276 1 69.495 11.176
1290 833 1 201.418 11.176
1290 900 1 188.956 11.176
1290 942 1 100.349 11.176
1290 1268 1 100.303 11.176
1291 833 1 201.833 11.176
1291 943 1 100.423 11.176
1291 1269 1 100.31 11.176
1291 1292 2 201.524 11.176
1292 944 1 100.585 11.176
1292 983 2 202.726 11.176
1292 1270 1 101.663 11.176
1292 1291 2 201.524 11.176
1293 624 2 202.448 11.176
1293 1098 1 102.574 11.176
1293 1342 2 201.182 11.176
1294 311 1 98.851 11.176
1294 831 1 201.597 11.176
1294 943 1 100.389 11.176
1294 1317 1 202.105 11.176
1295 561 1 102.597 11.176
1295 840 1 202.841 11.176
1295 1307 1 201.122 11.176
1295 1429 1 95.514 11.176
1296 143 2 102.629 11.176
1296 1180 2 112.732 11.176
1296 1977 1 111.44 11.176
1297 518 1 97.362 11.176
1297 753 1 100.473 11.176
1297 931 1 155.179 11.176
1298 1096 1 161.581 11.176
1298 1141 1 76.256 11.176
1298 1300 1 253.624 11.176
1299 1238 1 102.499 11.176
1299 1321 1 51.145 11.176
1299 1663 1 203.449 11.176
1300 565 1 242.431 11.176
1300 1193 1 131.395 11.176
1300 1298 1 253.624 11.176
1301 5 1 198.065 11.176
1301 8 1 149.694 11.176
1301 2113 1 19.473 11.176
1302 159 1 45.383 11.176
1302 1282 1 110.438 11.176
1302 1347 1 187.837 11.176
1303 473 1 106.743 11.176
1303 1100 1 103.656 11.176
1303 1304 1 163.448 11.176
1303 2143 1 186.634 11.176
1304 19 1 105.951 11.176
1304 123 1 131.387 11.176
1304 1303 1 163.448 11.176
1304 1929 1 24.692 11.176
1305 394 1 69.139 11.176
1305 533 1 93.207 11.176
1305 843 1 80.009 11.176
1305 1272 1 100.65 11.176
1306 1018 1 103.038 11.176
1306 1165 1 101.389 11.176
1306 1594 1 194.683 11.176
1306 2041 1 199.144 11.176
1307 756 1 99.687 11.176
1307 1295 1 201.122 11.176
1307 1361 1 14.147 11.176
1308 253 1 195.418 11.176
1308 649 1 68.648 11.176
1308 751 1 448.712 11.176
1308 1644 1 96.691 11.176
1309 141 1 99.957 11.176
1309 610 1 94.133 11.176
1309 815 1 67.543 11.176
1309 1324 1 199.031 11.176
1310 386 1 76.059 11.176
1310 1323 1 109.605 11.176
1310 1334 1 184.411 11.176
1311 770 1 100.443 11.176
1311 1207 1 200.375 11.176
1311 1314 1 201.728 11.176
1311 1753 1 95.435 11.176
1312 1194 1 239.613 11.176
1313 942 1 46.689 11.176
1314 621 1 297.742 11.176
1314 771 1 100.623 11.176
1314 1311 1 201.728 11.176
1314 1315 1 100.138 11.176
1315 622 1 202.857 11.176
1315 1098 1 100.559 11.176
1315 1314 1 100.138 11.176
1315 1756 1 196.535 11.176
1316 831 1 93.774 11.176
1317 313 1 101.052 11.176
1317 944 1 99.685 11.176
1317 1294 1 202.105 11.176
1318 868 2 62.12 11.176
1318 869 1 73.199 11.176
1318 2051 3 19.301 11.176
1319 575 1 46.503 11.176
1320 119 1 62.696 11.176
1321 822 1 86.666 11.176
1321 1299 1 51.145 11.176
1322 822 1 115.895 11.176
1322 868 1 91.222 11.176
1322 1238 1 156.998 11.176
1322 1785 1 66.479 11.176
1323 1310 1 109.605 11.176
1324 611 1 108.725 11.176
1324 813 1 262.047 11.176
1324 1309 1 199.031 11.176
1324 2047 1 79.897 11.176
1325 1265 1 54.316 11.176
1326 1252 1 48.718 11.176
1327 46 1 39.321 11.176
1327 1286 1 48.228 11.176
1328 552 1 67.887 11.176
1328 727 1 113.796 11.176
1329 551 1 93.681 11.176
1329 552 1 68.638 11.176
1329 1328 1 114.24 11.11111124992
1330 1332 1 50.211 11.176
1330 1440 1 17.645 11.176
1331 509 1 124.506 8.9408
1331 1396 1 7.771 11.176
1332 508 2 167.508 11.176
1332 1440 1 53.803 11.176
1333 952 3 176.535 11.176
1333 1686 1 15.362 11.176
1334 1310 1 184.411 11.176
1335 455 1 63.485 11.176
1335 493 1 260.821 11.176
1335 556 1 14.446 11.176
1336 1337 1 14.665 11.176
1337 556 1 75.721 11.176
1337 2023 1 18.648 11.176
1338 281 1 75.242 11.176
1339 282 1 201.817 11.176
1339 1072 1 104.964 11.176
1339 1083 1 13.877 11.176
1340 342 1 89.06 11.176
1340 1172 2 110.515 11.176
1340 1518 1 11.776 11.176
1341 287 1 22.775 11.176
1341 288 1 114.303 11.176
1341 495 1 90.125 11.176
1342 1219 2 199.826 11.176
1342 1293 2 201.182 11.176
1342 1343 2 101.07 11.176
1342 1759 2 96.44 11.176
1343 414 1 200.721 11.176
1343 1342 2 101.07 11.176
1343 2102 2 79.494 11.176
1344 848 1 80.926 11.176
1344 1041 1 55.494 11.176
1344 1411 1 160.696 11.176
1345 980 1 134.627 11.176
1346 674 1 117.352 11.176
1347 348 1 85.338 11.176
1347 824 1 108.314 11.176
1347 1205 1 96.419 11.176
1347 1302 1 187.837 11.176
1348 997 1 61.769 11.176
1349 996 1 107.959 11.176
1350 996 1 48.039 11.176
1351 161 1 83.481 11.176
1352 393 1 93.634 11.176
1353 1354 1 31.453 11.176
1353 1408 1 29.473 11.176
1354 269 1 10.467 11.176
1354 1353 1 31.453 11.176
1354 1408 1 19.223 11.11111124992
1355 532 1 67.152 11.176
1355 807 1 30.488 11.176
1355 1479 1 33.623 11.176
1356 714 1 203.673 11.176
1356 763 1 85.787 11.176
1356 828 1 12.372 11.176
1357 62 1 88.621 11.176
1357 63 1 10.541 11.176
1357 930 1 261.498 11.176
1358 725 1 46.709 11.176
1358 726 1 67.002 11.176
1358 1360 1 52.553 11.176
1359 930 1 46.727 11.176
1359 1358 1 42.475 11.176
1360 725 1 47.142 11.176
1361 562 1 86.066 11.176
1361 609 1 94.463 11.176
1361 1307 1 14.147 11.176
1362 1193 1 179.088 11.176
1363 123 1 97.096 11.176
1363 1364 1 22.237 11.176
1363 1436 1 20.651 11.176
1364 1363 1 22.237 11.176
1364 1434 1 60.27 11.176
1365 119 1 74.719 11.176
1365 500 1 265.081 11.176
1365 1012 1 184.628 11.176
1366 842 1 124.963 11.176
1367 1640 1 10.921 6.7056
1367 1678 1 62.941 6.7056
1368 368 1 18.015 11.176
1368 369 1 50.575 11.176
1368 1369 1 48.988 11.176
1369 850 1 12.209 11.176
1369 1086 1 156.824 11.176
1369 1368 1 48.988 11.176
1370 1181 2 142.248 11.11111124992
1371 475 1 23.741 11.176
1372 457 1 164.619 11.176
1372 1138 1 134.874 11.176
1373 456 1 52.631 11.11111124992
1373 2077 1 52.938 11.11111124992
1374 457 1 78.44 11.176
1374 2078 1 24.82 11.176
1375 1102 1 272.053 15.6464
1375 1773 1 49.81 15.6464
1376 2036 2 383.141 11.11111124992
1377 663 1 25.393 11.11111124992
1377 1805 2 578.932 11.11111124992
1378 989 1 536.059 15.6464
1378 1490 2 14.839 15.6464
1378 1761 2 58.607 15.6464
1379 125 1 116.291 11.176
1379 2088 1 460.82 11.176
1380 700 1 12.816 11.176
1380 701 1 193.628 11.176
1380 1054 1 67.938 11.176
1381 35 1 212.952 11.176
1381 779 1 27.584 11.176
1381 1382 1 30.116 11.176
1382 447 1 34.293 11.176
1382 779 1 42.794 11.176
1382 1381 1 30.116 11.176
1383 863 1 50.545 11.176
1384 864 1 38.54 11.176
1385 937 1 8.288 11.176
1385 2057 1 32.746 11.176
1386 683 1 88.024 11.176
1386 689 1 100.66 11.176
1386 1236 1 197.848 11.176
1386 1817 1 99.066 11.176
1387 1388 1 19.618 11.176
1388 1387 1 19.618 11.176
1388 1685 1 78.298 11.176
1389 598 1 393.178 11.176
1389 1068 1 30.334 11.176
1389 1069 1 103.692 11.176
1390 742 1 192.901 11.176
1391 690 1 42.801 11.176
1391 1392 1 130.355 11.176
1391 1598 1 154.447 11.176
1392 690 1 87.536 11.176
1393 1394 1 290.252 11.176
1393 1404 1 71.149 11.176
1394 574 1 96.64 11.176
1394 1393 1 297.303 11.176
1395 790 1 226.099 11.176
1395 1399 1 72.453 11.176
1395 2011 1 36.167 11.176
1396 1425 1 38.994 11.176
1396 2024 1 7.338 11.176
1397 1399 1 55.801 11.176
1397 1769 1 14.445 11.176
1398 411 1 8.627 11.176
1398 1397 1 105.026 11.176
1399 1395 1 72.453 11.176
1399 1400 1 335.939 11.176
1400 925 1 9.731 11.176
1400 2144 1 193.234 11.176
1401 923 1 10.889 11.176
1401 1019 1 67.128 11.176
1401 1402 1 195.721 11.176
1402 922 1 9.23 11.176
1402 1117 1 74.478 11.176
1402 1403 1 75.488 11.176
1403 1118 1 312.0 11.176
1403 1404 1 220.527 11.176
1404 1393 1 71.149 11.176
1405 399 1 141.86 11.176
1405 400 1 258.787 11.176
1405 530 1 154.949 11.176
1406 246 1 151.553 11.176
1406 608 1 484.025 11.176
1406 650 1 227.201 11.176
1407 1096 1 87.762 11.176
1407 1644 1 312.943 11.176
1408 1353 1 29.473 11.176
1408 1354 1 19.223 11.11111124992
1409 1195 1 242.446 11.176
1409 1671 1 166.697 11.176
1410 1986 1 79.99 11.176
1411 367 1 78.504 11.176
1411 1040 1 213.072 11.176
1411 1344 1 160.696 11.176
1412 1242 1 221.436 11.176
1412 1780 1 143.837 11.176
1412 1963 1 73.831 11.176
1413 168 2 64.392 11.176
1413 2007 1 8.593 11.176
1414 1709 1 39.084 11.176
1414 1995 1 168.409 11.176
1415 1060 1 252.812 11.176
1416 694 1 19.344 11.176
1416 1931 1 437.752 11.176
1417 497 1 150.203 11.176
1417 1670 1 13.313 11.176
1418 1187 1 103.985 11.176
1419 801 1 49.931 11.176
1420 107 2 47.143 11.176
1420 2115 1 70.992 11.176
1421 172 1 48.264 11.176
1421 672 1 31.852 11.176
1421 673 1 32.138 11.176
1422 1227 2 74.215 11.176
1423 472 1 123.177 11.176
1423 473 2 57.727 11.176
1424 404 1 171.445 11.11111124992
1424 1622 1 64.868 11.11111124992
1425 597 1 143.738 11.176
1425 1396 1 38.994 11.176
1425 1398 1 361.33 11.176
1426 755 1 198.079 11.176
1426 1427 1 8.104 11.176
1427 1157 1 94.94 11.176
1427 1428 1 7.27 11.176
1428 756 1 196.548 11.176
1428 1429 1 7.568 11.176
1429 1295 1 95.514 11.176
1429 1426 1 7.371 11.176
1430 1431 1 63.705 11.176
1430 1432 1 49.121 11.176
1430 1585 1 51.879 11.176
1431 1430 1 63.705 11.176
1432 971 1 106.042 11.176
1432 1364 1 144.002 11.176
1432 1430 1 49.121 11.176
1433 122 1 137.246 11.176
1433 611 1 102.69 11.176
1433 1585 1 9.996 11.176
1434 1364 1 60.27 11.176
1435 1101 1 36.533 11.176
1435 1436 1 87.636 11.176
1436 1363 1 20.651 11.176
1436 1435 1 87.809 11.176
1437 609 1 67.062 11.176
1437 757 1 129.459 11.176
1437 969 1 22.462 11.176
1438 1214 1 66.637 11.176
1439 69 1 26.421 11.176
1439 1633 1 19.139 11.11111124992
1439 1648 1 163.722 11.176
1440 939 1 20.42 11.176
1441 1330 1 4.818 11.176
1442 566 1 8.732 11.176
1442 1447 2 201.073 11.176
1443 568 1 29.259 11.176
1443 1453 3 33.078 11.176
1444 1000 1 205.821 11.176
1444 1001 1 9.689 11.176
1444 1445 3 103.419 11.176
1445 344 3 94.705 11.176
1445 467 2 101.791 11.176
1445 468 2 10.231 11.176
1446 1452 3 82.121 11.176
1447 567 1 10.251 11.176
1447 1215 1 87.341 11.176
1447 1443 2 174.34 11.176
1448 985 1 203.112 11.176
1448 986 1 10.026 11.176
1448 1449 2 100.829 11.176
1449 721 1 201.679 11.176
1449 722 1 9.674 11.176
1449 1444 2 100.937 11.176
1450 1028 1 9.571 11.176
1450 1218 1 202.557 11.176
1450 1448 3 99.513 11.176
1451 570 2 101.146 11.176
1451 1029 1 10.045 11.176
1451 1450 2 103.3 11.176
1452 569 1 101.078 11.176
1452 1030 1 10.157 11.176
1452 1451 3 201.937 11.176
1453 568 1 18.855 11.176
1453 836 1 17.422 11.176
1453 1446 2 139.282 11.176
1454 1015 2 40.897 11.176
1454 1442 2 49.829 11.176
1455 1023 2 153.99 11.176
1455 1089 2 100.825 11.176
1456 416 1 163.357 11.176
1456 417 1 11.743 11.176
1456 1457 2 104.745 11.176
1457 1025 1 180.664 11.176
1457 1160 1 9.29 11.176
1457 1458 2 112.435 11.176
1458 1024 1 138.347 11.176
1458 1227 1 7.751 11.176
1458 1455 2 100.657 11.176
1459 1173 2 63.729 11.176
1459 1522 2 8.488 11.176
1460 345 1 71.21 11.11111124992
1460 346 1 11.808 11.11111124992
1460 1459 4 98.233 11.176
1461 1228 2 33.234 11.176
1461 1422 1 42.965 11.11111124992
1462 1033 1 38.024 11.176
1462 1277 1 65.143 11.176
1462 1278 1 115.492 11.176
1463 66 1 49.079 11.176
1463 738 1 32.096 11.176
1463 1635 1 38.878 11.176
1464 68 2 116.351 11.176
1464 69 2 47.48 11.176
1464 1192 2 64.333 11.176
1465 506 2 52.395 11.176
1465 1466 1 38.207 11.176
1466 507 2 48.866 11.176
1466 2035 1 64.529 11.176
1467 392 1 107.719 11.176
1468 424 1 13.893 11.176
1468 461 1 185.887 11.176
1468 1470 3 100.925 13.4112
1469 420 1 13.649 11.176
1469 533 1 92.753 11.176
1469 1478 2 195.024 13.4112
1470 423 1 13.572 11.176
1470 1474 2 102.411 13.4112
1471 425 1 13.839 11.176
1471 1468 2 28.769 13.4112
1472 426 2 12.474 11.176
1472 1473 2 93.436 13.4112
1473 337 1 17.538 11.176
1473 338 1 185.137 11.176
1473 1471 2 66.098 13.4112
1474 716 1 102.442 11.176
1474 1475 3 99.912 13.4112
1475 422 1 13.697 11.176
1475 966 1 103.053 11.176
1475 1476 2 101.634 13.4112
1476 421 1 15.381 11.176
1476 1272 1 185.788 11.176
1476 1469 2 101.561 13.4112
1477 419 1 16.221 11.176
1477 531 1 95.823 11.176
1478 419 2 55.884 13.4112
1478 1477 1 59.679 11.176
1479 394 1 60.57 11.176
1479 807 1 32.114 11.176
1480 768 1 60.071 11.176
1481 999 1 55.852 11.176
1482 465 1 30.048 11.176
1483 1154 1 81.419 11.176
1484 2130 1 20.982 11.11111124992
1485 1231 1 148.033 15.6464
1485 1484 1 41.731 15.6464
1486 22 3 425.582 13.4112
1486 1948 1 65.566 11.11111124992
1487 1488 1 96.094 11.11111124992
1487 1812 1 26.202 15.6464
1488 362 1 1003.358 11.176
1488 1812 1 97.722 11.11111124992
1489 2085 1 26.417 15.6464
1489 2108 2 85.448 15.6464
1490 42 2 1953.156 15.6464
1490 1378 2 14.839 15.6464
1490 1810 2 39.799 15.6464
1491 193 1 11.495 11.176
1491 194 2 140.201 11.176
1491 1492 2 95.404 11.176
1492 1166 1 11.84 11.176
1492 1210 1 140.662 11.176
1492 1493 3 100.566 11.176
1493 1046 1 12.098 11.176
1493 1047 1 140.612 11.176
1493 1494 3 100.433 11.176
1494 491 1 12.087 11.176
1494 1495 3 100.218 11.176
1494 1922 1 134.128 11.176
1495 199 1 12.34 11.176
1495 200 1 140.919 11.176
1495 1496 3 100.684 11.176
1496 1211 2 141.878 13.4112
1496 1573 2 10.546 11.176
1497 179 1 12.235 11.176
1497 180 1 102.037 11.176
1497 1945 3 129.058 11.176
1498 1007 1 11.47 11.176
1498 1008 1 103.118 11.176
1498 1499 3 287.492 11.176
1499 383 1 12.628 11.176
1499 384 1 102.181 11.176
1499 1500 3 198.994 11.176
1500 427 2 102.588 13.4112
1500 1547 2 13.136 11.176
1501 1169 1 11.438 11.176
1501 1502 2 108.863 11.176
1501 1587 1 98.299 11.176
1502 1162 1 11.464 11.176
1502 1163 1 102.898 11.176
1502 1503 3 92.32 11.176
1503 769 1 11.948 11.176
1503 1504 2 200.214 11.176
1503 1728 1 97.907 11.176
1504 1170 1 12.277 11.176
1504 1171 3 203.555 11.176
1504 1750 1 96.83 11.176
1505 1491 3 38.535 11.176
1506 1509 1 225.924 11.176
1506 1516 1 9.853 11.176
1507 213 1 195.808 11.176
1507 1506 1 10.487 11.176
1508 459 1 94.186 11.176
1508 1511 1 8.934 11.176
1509 1506 1 225.924 11.176
1509 1508 1 9.747 11.176
1510 214 1 93.713 11.176
1510 1509 1 9.614 11.176
1511 491 1 140.964 11.176
1511 1510 1 9.058 11.176
1512 192 1 89.737 11.176
1512 1515 1 8.7 11.176
1513 991 1 137.808 11.176
1513 1512 1 8.694 11.176
1514 459 1 95.127 11.176
1514 1513 1 8.616 11.176
1515 1166 1 141.308 11.176
1515 1514 1 9.236 11.176
1516 214 1 137.667 11.176
1516 993 1 9.66 11.176
1517 125 1 32.55 11.11111124992
1517 968 1 345.772 11.11111124992
1517 1379 1 122.124 11.176
1518 1209 1 104.364 11.176
1518 1340 1 11.776 11.176
1518 1519 3 205.871 11.176
1519 1026 2 103.54 11.176
1519 1027 1 10.186 11.176
1519 1520 2 52.707 11.176
1520 1036 3 10.127 11.176
1520 1521 2 84.58 11.176
1521 1173 1 9.649 11.176
1521 1522 2 63.692 11.176
1522 1159 2 13.51 11.176
1522 2049 2 104.397 11.176
1523 1172 1 74.528 11.176
1524 45 1 11.156 11.176
1524 1327 1 31.2 11.176
1524 1578 2 134.896 13.4112
1525 1526 1 9.047 11.176
1525 2100 1 14.59 11.176
1526 1108 1 74.036 11.176
1526 1924 1 5.637 11.176
1527 427 1 14.287 11.176
1527 1016 1 82.914 11.176
1527 1547 3 102.174 13.4112
1528 429 1 15.427 11.176
1528 1018 1 84.604 11.176
1528 1536 2 176.085 13.4112
1529 433 1 13.276 11.176
1529 794 1 185.85 11.176
1529 1532 2 99.017 13.4112
1530 435 1 13.447 11.176
1530 1244 1 185.968 11.176
1530 1538 3 101.152 13.4112
1531 444 1 11.796 11.176
1531 1236 1 166.129 11.176
1531 1544 2 104.241 13.4112
1532 432 1 13.298 11.176
1532 1546 2 100.006 13.4112
1532 1734 1 180.667 11.176
1533 272 1 13.455 11.176
1533 273 1 186.414 11.176
1533 1530 2 100.867 13.4112
1534 437 1 12.133 11.176
1534 1539 3 126.145 13.4112
1534 1743 1 182.377 11.176
1535 1230 1 181.323 11.176
1535 1534 3 83.164 13.4112
1536 428 1 15.575 11.176
1536 1017 1 85.769 11.176
1536 1527 2 227.026 13.4112
1537 93 1 13.694 11.176
1537 94 1 84.09 11.176
1537 1545 2 202.256 13.4112
1538 434 1 13.25 11.176
1538 1529 2 99.174 13.4112
1538 1746 1 180.821 11.176
1539 436 1 12.479 11.176
1539 1533 2 100.372 13.4112
1539 1744 1 181.544 11.176
1540 438 2 11.599 11.176
1540 1185 2 179.272 11.176
1540 1535 2 100.392 13.4112
1541 294 2 101.789 13.4112
1541 439 1 11.613 11.176
1541 1849 1 170.072 11.176
1542 441 1 11.495 11.176
1542 1541 2 99.101 13.4112
1542 1838 1 168.192 11.176
1543 443 1 11.875 11.176
1543 1727 3 80.818 13.4112
1543 1826 1 165.227 11.176
1544 133 1 11.737 11.176
1544 1543 3 98.9 13.4112
1544 1815 1 162.892 11.176
1545 430 1 15.507 11.176
1545 619 1 85.142 11.176
1545 1528 2 202.828 13.4112
1546 431 1 14.349 11.176
1546 872 1 192.165 11.176
1546 1537 3 98.504 13.4112
1547 1472 1 11.991 13.4112
1547 1501 3 185.903 11.176
1548 1256 2 125.341 13.4112
1549 918 1 11.612 11.176
1549 1564 2 101.061 13.4112
1549 1968 2 263.933 11.176
1550 178 1 250.775 11.176
1550 460 1 11.949 11.176
1550 1575 3 145.978 13.4112
1551 1092 1 407.101 11.176
1551 1113 1 11.211 11.176
1551 1988 3 50.89 13.4112
1552 1202 1 259.736 11.176
1552 1553 3 91.45 13.4112
1553 1183 2 11.28 11.176
1553 1184 2 262.776 11.176
1553 1554 2 97.067 13.4112
1554 1233 1 11.533 11.176
1554 1555 2 70.598 13.4112
1554 2055 1 37.636 11.176
1555 846 1 69.833 11.176
1555 1556 3 89.997 13.4112
1556 1112 1 10.96 11.11111124992
1556 1557 2 60.555 13.4112
1557 661 1 11.682 11.176
1557 662 1 81.218 11.176
1557 1558 3 148.928 13.4112
1558 1006 1 12.22 11.176
1558 1559 2 72.735 13.4112
1559 1139 1 97.607 11.176
1559 1240 1 12.208 11.176
1559 1560 2 39.969 13.4112
1560 1077 1 12.152 11.176
1560 1561 2 50.502 13.4112
1561 1128 1 11.768 11.176
1561 1129 1 157.269 11.176
1561 1562 3 48.407 13.4112
1562 805 1 11.293 11.176
1562 1563 2 51.017 13.4112
1563 792 1 11.047 11.176
1563 1549 3 98.455 13.4112
1563 1966 1 161.548 11.176
1564 870 1 11.575 11.176
1564 1565 3 97.944 13.4112
1564 1974 1 178.358 11.176
1565 81 1 11.455 11.176
1565 82 1 66.012 11.176
1565 1566 2 202.143 13.4112
1566 614 1 11.096 11.176
1566 615 1 84.445 11.176
1566 1567 2 90.183 13.4112
1567 183 1 169.457 11.176
1567 1253 1 11.086 11.176
1567 1568 3 112.286 13.4112
1568 1147 1 87.459 11.176
1568 1254 1 10.951 11.176
1568 1569 3 201.745 13.4112
1569 1146 1 105.211 11.176
1569 1255 1 10.65 11.176
1569 1570 2 100.438 13.4112
1570 1094 1 11.655 11.176
1570 1095 1 113.762 11.176
1570 1571 3 65.39 13.4112
1571 1211 1 11.053 11.176
1571 1572 2 36.593 13.4112
1572 1145 1 123.73 11.176
1572 1573 3 104.514 13.4112
1573 1497 3 225.629 11.176
1573 1574 2 10.211 13.4112
1574 1167 2 10.151 11.176
1574 1550 3 145.314 13.4112
1575 177 1 274.148 11.176
1575 994 1 10.997 11.176
1575 1576 2 102.581 13.4112
1576 176 1 290.382 11.176
1576 723 1 11.253 11.176
1576 1577 2 99.811 13.4112
1577 976 1 11.271 11.176
1577 977 1 78.654 11.176
1577 1524 3 202.78 13.4112
1578 582 1 11.338 11.176
1578 583 1 78.124 11.176
1578 1579 2 134.01 13.4112
1579 1106 1 11.445 11.176
1579 1107 1 78.263 11.176
1579 1580 3 136.466 13.4112
1580 153 1 10.807 11.176
1580 154 1 77.988 11.176
1580 1581 3 200.067 13.4112
1581 669 1 11.037 11.176
1581 670 1 77.994 11.176
1581 1582 3 204.411 13.4112
1582 1256 1 11.685 11.176
1582 1285 1 77.162 11.176
1582 1548 3 126.149 13.4112
1583 950 2 113.817 11.176
1583 1699 2 19.86 11.176
1584 1216 1 177.705 11.176
1584 1217 1 23.535 11.176
1585 1430 1 51.879 11.176
1585 1433 1 9.996 11.176
1585 1786 1 96.735 11.176
1586 1505 3 408.981 13.4112
1587 1501 1 98.299 11.176
1587 1588 1 7.869 11.176
1588 1016 1 98.035 11.176
1588 1589 1 8.609 11.176
1589 1590 1 8.877 11.176
1589 1591 1 190.933 11.176
1590 1163 1 102.555 11.176
1590 1587 1 7.202 11.176
1591 1589 1 190.933 11.176
1591 1592 1 9.953 11.176
1592 1017 1 99.772 11.176
1592 1594 1 7.042 11.176
1593 1164 1 96.154 11.176
1593 1591 1 7.601 11.176
1594 1306 1 194.683 11.176
1594 1593 1 9.359 11.176
1595 177 1 130.024 11.176
1595 178 1 16.537 11.176
1595 1597 1 125.268 11.176
1596 995 1 124.33 11.176
1596 1597 1 9.174 11.176
1597 1595 1 125.268 11.176
1597 1946 1 8.534 11.176
1598 691 1 137.905 11.176
1598 1391 1 154.447 11.176
1599 534 1 83.167 11.176
1599 535 1 13.852 11.176
1600 1732 1 61.29 11.176
1600 1906 1 136.464 11.176
1601 887 1 156.968 11.176
1601 1263 1 83.666 11.176
1601 1602 1 158.352 11.176
1602 500 1 143.316 11.176
1602 1012 1 324.569 11.176
1602 1601 1 158.352 11.176
1603 1021 1 14.095 11.176
1603 1132 1 206.125 11.176
1603 1692 3 67.248 11.176
1604 797 1 216.716 11.176
1604 798 1 11.466 11.176
1604 1603 3 102.252 11.176
1605 907 1 215.942 11.176
1605 908 1 11.819 11.176
1605 1604 3 100.711 11.176
1606 875 1 215.793 11.176
1606 876 1 11.537 11.176
1606 1605 3 101.541 11.176
1607 103 2 11.252 11.176
1607 1606 3 101.465 11.176
1608 317 2 213.864 11.176
1608 1607 3 101.439 11.176
1609 625 1 214.363 11.176
1609 626 1 11.594 11.176
1609 1608 2 100.546 11.176
1610 1022 1 11.534 11.176
1610 1088 1 214.488 11.176
1610 1609 3 101.09 11.176
1611 1221 1 214.316 11.176
1611 1610 3 101.293 11.176
1612 1024 1 12.008 11.176
1612 1149 1 105.267 11.176
1612 1611 2 99.713 11.176
1613 1025 1 12.887 11.176
1613 1148 1 114.015 11.176
1613 1612 3 100.741 11.176
1614 415 2 38.202 11.176
1614 416 2 38.231 11.176
1615 90 1 91.405 11.176
1615 1616 1 9.32 11.176
1616 871 1 194.168 11.176
1616 1617 1 8.615 11.176
1617 363 1 93.636 11.176
1617 1618 1 9.07 11.176
1618 431 1 189.234 11.176
1618 1615 1 9.209 11.176
1619 76 1 50.653 11.176
1619 2040 1 29.615 11.176
1620 637 1 169.304 11.176
1620 1621 1 24.149 11.176
1621 77 2 20.844 11.176
1621 2040 2 90.599 11.176
1622 1424 1 69.69 11.11111124992
1622 2053 1 52.142 11.11111124992
1623 124 1 23.184 11.176
1623 1624 1 30.237 11.11111124992
1623 1796 1 169.466 11.176
1624 124 2 26.371 11.176
1624 474 1 74.686 11.176
1625 58 1 78.641 11.176
1625 59 1 26.176 11.176
1625 1626 1 31.262 11.176
1626 59 2 26.535 11.176
1626 418 2 92.526 11.176
1627 714 1 56.592 11.176
1628 726 1 44.055 11.176
1628 727 1 45.329 11.176
1629 504 1 32.815 11.176
1629 550 1 170.971 11.176
1629 1630 1 34.146 11.11111124992
1630 503 2 67.544 11.176
1630 504 2 37.832 11.176
1631 504 1 37.402 11.176
1631 551 1 64.854 11.176
1631 1632 1 33.023 11.11111124992
1632 504 2 42.445 11.176
1632 2027 2 40.418 11.176
1633 69 1 23.925 11.176
1633 607 1 400.703 11.176
1634 65 1 86.417 11.176
1634 941 1 34.034 11.176
1634 1635 1 32.107 11.176
1635 1463 1 38.878 11.176
1635 1634 1 32.107 11.176
1636 357 1 21.523 11.176
1636 738 1 90.228 11.176
1636 1637 1 22.025 11.176
1637 1636 1 22.025 11.176
1638 361 1 60.939 11.176
1639 940 1 32.655 6.7056
1639 1640 1 113.86 6.7056
1640 1367 1 10.921 6.7056
1640 1639 1 129.989 6.7056
1641 1197 1 442.687 11.176
1641 1198 1 154.147 11.176
1641 1791 1 27.533 11.176
1642 969 1 47.206 11.176
1642 2095 1 266.18 11.176
1643 932 1 33.933 11.176
1644 1308 1 96.691 11.176
1644 1407 1 305.004 11.176
1645 259 1 84.683 11.176
1646 49 1 23.278 11.176
1646 50 1 45.043 11.176
1646 173 1 54.125 11.176
1647 259 1 66.196 11.176
1648 939 1 21.834 11.176
1648 1439 1 163.722 11.176
1648 1649 1 15.715 11.11111124992
1649 71 1 174.871 11.176
1649 265 1 22.836 11.176
1650 679 1 244.593 11.176
1650 1651 1 7.042 11.176
1651 527 1 72.916 11.176
1651 1952 1 18.647 11.176
1652 68 1 274.201 11.176
1653 606 1 83.034 11.176
1654 706 1 263.477 11.176
1654 896 1 37.317 11.176
1654 1655 1 29.607 11.176
1655 896 1 32.919 11.176
1655 1081 1 237.865 11.176
1655 1654 1 29.607 11.176
1656 1336 1 25.176 11.176
1656 1661 1 94.317 11.176
1657 18 1 148.233 11.11111124992
1657 1659 1 193.531 11.176
1658 493 1 12.547 11.176
1658 1660 1 54.537 11.176
1659 1658 1 47.229 11.176
1659 1939 1 204.349 11.176
1660 494 1 14.041 11.176
1660 2022 1 91.095 11.176
1661 115 2 127.876 11.176
1661 325 2 200.305 11.176
1662 157 1 7.731 11.176
1662 301 1 22.798 11.176
1662 957 2 67.706 11.176
1663 1299 1 203.449 11.176
1664 495 1 100.234 11.176
1665 559 1 25.617 11.176
1665 990 1 93.745 11.176
1665 1666 1 34.701 11.176
1666 558 1 178.998 11.176
1666 559 1 22.379 11.176
1667 867 1 259.468 11.176
1667 868 1 23.775 11.11111124992
1668 1059 1 230.633 11.176
1668 1074 1 12.448 11.176
1669 1670 1 25.471 11.176
1669 2016 1 27.831 11.176
1670 1669 1 25.471 11.176
1671 292 1 27.066 11.176
1671 1409 1 166.697 11.176
1671 1673 1 21.762 11.176
1672 291 1 187.83 11.176
1672 292 1 16.763 11.176
1672 1673 1 27.653 11.176
1673 290 1 357.087 11.176
1673 1671 1 21.762 11.176
1673 1672 1 27.653 11.176
1674 307 1 133.545 6.7056
1675 1080 1 232.735 11.176
1676 953 1 147.078 11.176
1677 814 1 63.618 11.11111124992
1678 811 1 30.384 6.7056
1678 1367 1 58.301 6.7056
1679 119 1 37.457 11.176
1679 120 1 379.649 11.176
1679 1680 1 16.43 11.176
1680 1679 1 16.43 11.176
1681 245 1 34.131 11.176
1682 328 2 35.124 11.176
1682 1695 3 42.359 11.176
1682 1774 1 47.446 11.176
1683 948 2 60.041 11.176
1683 1174 2 90.746 11.176
1683 1775 1 49.176 11.176
1684 1052 1 39.035 11.176
1684 1699 2 45.698 11.176
1685 1333 1 15.193 11.176
1686 1387 2 87.039 11.176
1686 1685 3 9.163 13.4112
1687 689 1 129.009 11.176
1688 1222 1 160.291 11.176
1688 1698 2 100.844 11.176
1689 279 1 73.936 11.176
1689 1690 1 27.504 11.176
1690 947 1 29.753 11.176
1690 1879 1 231.85 11.176
1691 947 2 20.795 11.176
1691 1689 1 40.088 11.176
1692 1688 1 60.91 11.176
1692 1691 1 22.004 11.176
1693 134 1 15.42 11.176
1693 1700 3 109.546 11.176
1693 1823 1 134.615 11.176
1694 936 1 64.519 11.176
1694 951 1 15.827 11.176
1694 1693 3 115.159 11.176
1695 948 2 22.913 11.176
1695 1682 3 42.359 11.176
1695 1776 2 44.937 11.176
1696 654 1 79.19 11.176
1696 655 1 28.766 11.176
1696 1697 2 111.816 11.176
1697 654 1 137.015 11.176
1697 854 1 28.84 11.176
1697 1695 3 214.305 11.176
1698 277 1 120.493 11.176
1698 278 1 28.464 11.176
1698 1696 2 111.851 11.176
1699 1052 2 39.34 11.176
1699 1701 2 29.728 11.176
1700 683 2 97.561 11.176
1700 952 1 16.822 11.176
1700 1686 3 173.402 11.176
1701 1694 2 32.212 11.176
1702 684 1 13.05 11.176
1702 1684 3 227.2 11.176
1703 851 1 57.543 11.176
1704 696 1 94.093 11.176
1704 1705 2 101.491 11.176
1705 935 1 69.392 11.176
1705 1701 2 69.46 11.176
1706 858 1 141.244 11.176
1706 2001 1 18.738 11.176
1707 1862 1 140.707 11.176
1708 2010 1 168.198 11.176
1709 697 1 75.166 11.176
1709 1414 1 24.291 11.176
1710 858 1 19.321 11.176
1710 1863 1 70.726 11.176
1711 1189 1 60.702 11.176
1711 2046 1 85.567 11.176
1712 859 1 146.487 11.176
1713 893 1 90.556 11.176
1714 857 1 143.073 11.176
1714 1994 1 17.56 11.176
1715 106 1 18.04 11.176
1715 878 1 82.987 11.176
1716 877 1 83.432 11.176
1717 1074 1 15.711 11.176
1717 1721 1 69.297 11.176
1718 1985 1 118.497 11.11111124992
1719 1084 1 106.943 11.176
1719 1722 1 7.459 11.176
1720 1057 1 238.13 11.176
1720 1721 1 7.934 11.176
1721 1717 1 69.297 11.176
1721 1719 1 8.151 11.176
1722 1720 1 7.469 11.176
1722 1784 1 52.534 11.176
1723 701 1 63.851 11.176
1723 1724 1 8.233 11.176
1724 360 1 92.002 11.176
1725 1055 1 36.915 11.176
1725 1723 1 8.513 11.176
1726 728 1 70.78 11.176
1726 2069 1 36.663 11.176
1727 442 1 11.865 11.176
1727 1542 2 22.723 13.4112
1728 1503 1 97.907 11.176
1728 1729 1 7.293 11.176
1729 1163 1 88.731 11.176
1729 1730 1 6.919 11.176
1730 770 1 195.596 11.176
1730 1731 1 8.372 11.176
1731 1207 1 95.696 11.176
1731 1728 1 7.009 11.176
1732 2082 1 13.639 11.176
1733 872 1 94.045 11.176
1733 1734 1 8.059 11.176
1734 1532 1 180.667 11.176
1734 1735 1 8.363 11.176
1735 794 1 94.121 11.176
1735 1736 1 8.179 11.176
1736 773 1 190.015 11.176
1736 1733 1 7.699 11.176
1737 1739 1 111.923 11.176
1737 1743 1 7.464 11.176
1738 1230 1 83.789 11.176
1738 1926 1 7.824 11.176
1739 1737 1 111.923 11.176
1739 1745 1 7.695 11.176
1740 273 1 95.648 11.176
1740 1744 1 8.345 11.176
1741 1244 1 94.994 11.176
1741 1747 1 7.828 11.176
1742 794 1 94.468 11.176
1742 1746 1 7.705 11.176
1743 1534 1 182.377 11.176
1743 1738 1 6.448 11.176
1744 1539 1 181.544 11.176
1744 1739 1 8.325 11.176
1745 652 1 190.504 11.176
1745 1740 1 8.072 11.176
1746 1538 1 180.821 11.176
1746 1741 1 8.786 11.176
1747 775 1 190.308 11.176
1747 1742 1 8.396 11.176
1748 791 1 141.623 11.176
1749 1207 1 94.345 11.176
1749 1752 1 8.737 11.176
1750 1504 1 96.83 11.176
1750 1749 1 9.109 11.176
1751 1097 1 94.811 11.176
1751 1750 1 8.122 11.176
1752 1751 1 9.465 11.176
1752 1754 1 189.794 11.176
1753 1311 1 95.435 11.176
1753 1756 1 7.5 11.176
1754 1752 1 189.794 11.176
1754 1753 1 7.591 11.176
1755 1754 1 6.745 11.176
1755 1757 1 90.316 11.176
1756 1315 1 196.535 11.176
1756 1755 1 8.408 11.176
1757 1755 1 90.316 11.176
1757 1760 1 7.957 11.176
1758 1097 1 194.864 11.176
1758 1757 1 8.654 11.176
1759 1342 2 96.44 11.176
1759 1758 1 8.164 11.176
1760 1098 1 196.117 11.176
1760 1759 1 9.112 11.176
1761 1762 1 20.723 11.11111124992
1761 2107 2 346.738 15.6464
1762 1490 2 54.594 15.6464
1763 17 1 64.067 11.11111124992
1763 42 2 48.546 15.6464
1764 275 1 100.872 11.176
1764 652 1 200.569 11.176
1764 653 1 141.528 11.176
1765 104 1 21.499 11.176
1765 876 1 266.134 11.176
1766 168 1 9.194 11.176
1766 2007 2 62.594 11.176
1767 1653 1 15.728 11.176
1767 2026 1 140.789 11.176
1768 1273 1 86.999 11.176
1769 411 1 115.695 11.176
1769 926 1 75.969 11.176
1770 968 1 17.947 11.11111124992
1771 967 1 29.401 11.11111124992
1772 907 1 91.81 11.176
1773 2128 2 7.84 11.11111124992
1774 1702 3 74.688 11.176
1775 854 2 142.008 11.176
1776 949 1 12.775 11.176
1776 1774 2 10.71 11.176
1777 118 1 430.848 11.176
1777 990 1 153.186 11.176
1777 1808 1 95.552 11.176
1778 707 1 98.256 11.176
1778 708 1 64.573 11.176
1778 1779 1 62.3 11.176
1779 1778 1 62.3 11.176
1780 847 1 97.908 11.176
1780 848 1 21.635 11.176
1780 1412 1 143.837 11.176
1781 327 1 89.665 11.176
1782 1056 1 8.712 11.176
1783 1057 1 6.339 11.176
1784 1722 1 52.534 11.176
1785 1322 1 66.479 11.176
1786 1585 1 96.735 11.176
1787 612 1 159.937 11.176
1788 560 1 65.812 11.176
1789 255 1 90.263 11.176
1790 887 1 223.233 11.176
1791 1641 1 27.533 11.176
1792 817 1 74.441 11.176
1792 1224 1 126.911 11.176
1792 1287 1 13.01 11.176
1793 1265 1 39.333 11.176
1794 1096 1 16.081 11.176
1795 822 1 124.279 11.11111124992
1796 1623 1 169.466 11.176
1796 2061 1 33.342 11.176
1797 498 1 268.406 11.176
1798 1927 1 413.875 11.11111124992
1799 1092 1 117.19 11.11111124992
1799 1958 1 25.6 11.176
1799 2076 1 30.531 11.11111124992
1800 340 1 51.935 11.176
1801 1170 1 225.325 11.176
1802 689 1 190.072 11.176
1803 1818 1 183.472 11.176
1804 866 1 142.478 11.176
1805 1377 2 578.932 11.11111124992
1806 2 1 77.373 11.176
1806 117 1 26.442 11.176
1806 1807 1 99.434 11.176
1807 1806 1 99.434 11.176
1808 990 1 71.491 11.176
1808 1127 1 77.001 11.176
1809 13 5 650.71 29.0576
1809 37 1 110.04 11.11111124992
1810 33 1 10.802 11.11111124992
1810 1811 2 63.979 15.6464
1811 1586 2 161.68 15.6464
1812 2086 1 24.319 15.6464
1813 837 1 129.468 11.176
1813 1031 2 53.638 11.176
1814 1816 1 16.102 11.176
1814 2045 1 83.052 11.176
1815 1544 1 162.892 11.176
1815 1814 1 7.873 11.176
1816 1815 1 8.274 11.176
1816 1825 1 90.374 11.176
1817 1386 1 99.066 11.176
1817 1819 1 7.593 11.176
1818 1803 1 183.472 11.176
1818 1817 1 7.797 11.176
1819 1820 1 7.051 11.176
1819 1822 1 82.157 11.176
1820 1818 1 7.752 11.176
1820 1829 1 91.603 11.176
1821 683 1 97.583 11.176
1821 1823 1 7.762 11.176
1822 1819 1 82.157 11.176
1822 1821 1 6.932 11.176
1823 1693 1 134.615 11.176
1823 1824 1 7.34 11.176
1824 1822 1 8.132 11.176
1824 1833 1 91.428 11.176
1825 1816 1 90.374 11.176
1825 1827 1 7.711 11.176
1826 1543 1 165.227 11.176
1826 1825 1 8.41 11.176
1827 1828 1 8.208 11.176
1827 1830 1 198.532 11.176
1828 1826 1 8.684 11.176
1828 1837 1 90.527 11.176
1829 1820 1 91.603 11.176
1829 1831 1 7.784 11.176
1830 1827 1 198.532 11.176
1830 1829 1 7.233 11.176
1831 1832 1 7.039 11.176
1831 1834 1 82.029 11.176
1832 1830 1 8.043 11.176
1832 1841 1 91.212 11.176
1833 1824 1 91.428 11.176
1833 1835 1 7.889 11.176
1834 1831 1 82.029 11.176
1834 1833 1 7.457 11.176
1835 936 1 112.142 11.176
1835 1836 1 6.86 11.176
1836 1834 1 7.919 11.176
1836 1845 1 91.393 11.176
1837 1828 1 90.527 11.176
1837 1839 1 7.158 11.176
1838 1542 1 168.192 11.176
1838 1837 1 7.332 11.176
1839 1840 1 7.517 11.176
1839 1842 1 206.498 11.176
1840 1838 1 8.143 11.176
1840 1848 1 91.299 11.176
1841 1832 1 91.212 11.176
1841 1843 1 7.652 11.176
1842 1839 1 206.498 11.176
1842 1841 1 7.157 11.176
1843 1844 1 7.353 11.176
1843 1846 1 82.111 11.176
1844 1842 1 7.983 11.176
1844 1852 1 91.524 11.176
1845 1836 1 91.393 11.176
1845 1847 1 7.893 11.176
1846 1843 1 82.111 11.176
1846 1845 1 7.309 11.176
1847 934 1 87.17 11.176
1847 1990 1 7.021 11.176
1848 1840 1 91.299 11.176
1848 1850 1 7.787 11.176
1849 1541 1 170.072 11.176
1849 1848 1 7.949 11.176
1850 1851 1 7.899 11.176
1850 1853 1 214.15 11.176
1851 1849 1 7.855 11.176
1851 1856 1 90.413 11.176
1852 1844 1 91.524 11.176
1852 1854 1 7.41 11.176
1853 1850 1 214.15 11.176
1853 1852 1 7.317 11.176
1854 682 1 86.841 11.176
1854 1855 1 7.148 11.176
1855 295 1 96.169 11.176
1855 1853 1 8.253 11.176
1856 1851 1 90.413 11.176
1856 1858 1 7.902 11.176
1857 294 1 172.241 11.176
1857 1856 1 8.225 11.176
1858 295 1 226.5 11.176
1858 1859 1 8.001 11.176
1859 1185 1 95.691 11.176
1859 1857 1 8.156 11.176
1860 1060 1 29.752 11.176
1860 2032 1 9.536 11.176
1861 1860 1 12.202 11.176
1861 1933 1 249.359 11.176
1862 1707 1 140.707 11.176
1862 1864 1 8.051 11.176
1863 1710 1 70.726 11.176
1863 1862 1 8.376 11.176
1864 859 1 95.108 11.176
1864 1865 1 7.442 11.176
1865 657 1 95.791 11.176
1865 1863 1 7.833 11.176
1866 893 1 52.916 11.176
1866 1868 1 8.536 11.176
1867 859 1 94.271 11.176
1867 1866 1 8.419 11.176
1868 860 1 176.795 11.176
1868 1869 1 8.375 11.176
1869 658 1 95.324 11.176
1869 1867 1 7.759 11.176
1870 657 1 95.541 11.176
1870 1872 1 7.422 11.176
1871 279 1 241.847 11.176
1871 1870 1 7.705 11.176
1872 1873 1 7.198 11.176
1872 1875 1 189.475 11.176
1873 1871 1 7.784 11.176
1873 1878 1 90.865 11.176
1874 658 1 95.346 11.176
1874 1876 1 8.316 11.176
1875 1872 1 189.475 11.176
1875 1874 1 7.771 11.176
1876 280 1 234.159 11.176
1876 1877 1 6.534 11.176
1877 1875 1 7.494 11.176
1877 1882 1 91.055 11.176
1878 1873 1 90.865 11.176
1878 1880 1 7.582 11.176
1879 1690 1 231.85 11.176
1879 1878 1 7.433 11.176
1880 1881 1 8.313 11.176
1880 1883 1 188.847 11.176
1881 1133 1 95.333 11.176
1881 1879 1 8.036 11.176
1882 1877 1 91.055 11.176
1882 1884 1 7.516 11.176
1883 1880 1 188.847 11.176
1883 1882 1 7.906 11.176
1884 1247 1 197.768 11.176
1884 1885 1 7.467 11.176
1885 892 1 95.116 11.176
1885 1883 1 7.994 11.176
1886 892 1 95.423 11.176
1886 1888 1 8.742 11.176
1887 799 1 195.1 11.176
1887 1886 1 7.28 11.176
1888 800 1 196.293 11.176
1888 1889 1 8.068 11.176
1889 1887 1 8.599 11.176
1889 1890 1 90.998 11.176
1890 1889 1 90.998 11.176
1890 1892 1 7.191 11.176
1891 909 1 195.071 11.176
1891 1890 1 7.894 11.176
1892 910 1 197.575 11.176
1892 1893 1 7.082 11.176
1893 877 1 95.647 11.176
1893 1891 1 7.75 11.176
1894 88 1 196.794 11.176
1894 1896 1 7.49 11.176
1895 617 1 103.487 11.176
1895 1894 1 7.508 11.176
1896 618 1 68.806 11.176
1896 1897 1 7.635 11.176
1897 806 1 197.164 11.176
1897 1895 1 7.523 11.176
1898 92 1 197.553 11.176
1898 1900 1 7.873 11.176
1899 388 1 79.937 11.176
1899 1898 1 7.032 11.176
1900 430 1 75.432 11.176
1900 1901 1 7.318 11.176
1901 1229 1 197.356 11.176
1901 1899 1 7.915 11.176
1902 1904 1 9.605 11.176
1902 2123 1 192.977 11.176
1903 1048 1 93.717 11.176
1903 1902 1 9.565 11.176
1904 1905 1 9.687 11.176
1904 1910 1 89.54 11.176
1905 1903 1 9.82 11.176
1905 1917 1 190.199 11.176
1906 1600 1 136.464 11.176
1906 1908 1 5.356 11.176
1907 619 1 98.56 11.176
1907 1906 1 5.505 11.176
1908 620 1 98.093 11.176
1908 2041 1 4.938 11.176
1909 202 1 197.327 11.176
1909 1911 1 7.38 11.176
1910 1904 1 89.54 11.176
1910 1909 1 7.719 11.176
1911 1254 1 95.925 11.176
1911 1912 1 7.288 11.176
1912 201 1 197.45 11.176
1912 1910 1 7.702 11.176
1913 1048 1 293.583 11.176
1913 1915 1 7.493 11.176
1914 195 1 89.128 11.176
1914 1913 1 7.711 11.176
1915 1916 1 7.438 11.176
1915 1935 1 95.744 11.176
1916 1210 1 160.558 11.176
1916 1914 1 7.42 11.176
1917 1905 1 190.199 11.176
1917 1918 1 9.107 11.176
1918 201 1 94.324 11.176
1918 1919 1 9.753 11.176
1919 1920 1 153.364 11.176
1919 1979 1 9.657 11.176
1920 1919 1 153.364 11.176
1920 2004 1 9.368 11.176
1921 1047 1 94.032 11.176
1921 1920 1 9.63 11.176
1922 1494 1 134.128 11.176
1922 1921 1 10.088 11.176
1923 532 1 40.41 11.176
1924 49 1 185.953 11.176
1924 1925 1 14.787 11.176
1925 1525 1 6.197 11.176
1925 2101 1 13.667 11.176
1926 777 1 192.441 11.176
1926 1737 1 5.505 11.176
1927 1928 1 134.335 11.11111124992
1928 1809 5 1368.891 29.0576
1929 1304 1 24.692 11.176
1929 1930 1 25.416 11.176
1930 1101 1 54.897 11.176
1930 1929 1 24.826 11.176
1931 446 2 42.702 11.176
1931 1416 1 437.752 11.176
1931 1932 2 88.344 11.176
1932 779 1 111.52 11.176
1932 1931 2 88.344 11.176
1932 1933 2 66.259 11.176
1933 139 2 75.189 11.176
1933 1861 1 249.359 11.176
1933 1932 2 66.259 11.176
1934 195 1 104.119 11.176
1934 786 1 165.182 11.176
1934 787 1 202.8 11.176
1934 1154 1 94.717 11.176
1935 1047 1 165.326 11.176
1935 1915 1 95.744 11.176
1935 1979 1 94.3 11.176
1936 1048 1 128.372 11.176
1937 1938 1 97.262 11.11111124992
1938 162 1 99.53 11.176
1938 995 1 131.08 11.176
1938 1937 1 97.262 11.11111124992
1939 730 2 205.232 11.176
1939 954 1 107.805 11.176
1940 145 1 93.398 11.176
1941 146 1 83.679 11.176
1942 192 1 102.913 11.176
1942 458 1 94.823 11.176
1942 1948 1 138.991 11.176
1942 1950 1 345.09 11.176
1943 578 1 85.406 11.176
1944 1100 1 192.778 11.176
1944 1978 1 225.186 11.176
1944 2075 1 141.479 11.176
1944 2143 1 15.921 11.176
1945 1168 1 11.734 11.176
1945 1498 2 52.218 11.176
1946 335 1 74.493 11.176
1946 1947 1 8.971 11.176
1947 163 1 225.607 11.176
1947 1596 1 7.977 11.176
1948 29 1 94.991 11.11111124992
1948 1942 1 138.991 11.176
1949 458 1 346.113 11.176
1949 973 1 203.174 11.176
1949 1152 1 202.781 11.176
1949 1950 1 94.124 11.176
1950 190 1 103.424 11.176
1950 785 1 202.836 11.176
1950 1942 1 345.09 11.176
1950 1949 1 94.124 11.176
1951 260 2 9.118 11.176
1951 261 1 128.81 11.176
1951 506 2 127.883 11.176
1952 924 1 74.809 11.176
1952 1650 1 12.175 11.176
1953 606 1 97.961 11.176
1953 898 1 184.82 11.176
1953 1980 2 35.856 11.176
1953 1981 2 37.367 11.176
1954 1956 1 7.766 11.176
1955 1954 1 8.219 11.176
1956 1957 1 8.035 11.176
1956 2096 1 192.494 11.176
1957 1099 1 95.379 11.176
1957 1955 1 8.595 11.176
1958 1799 1 25.6 11.176
1959 701 1 40.981 11.176
1960 709 1 44.918 11.176
1961 847 1 137.843 11.176
1961 1963 1 8.295 11.176
1962 662 1 73.975 11.176
1962 1961 1 8.763 11.176
1963 1412 1 73.831 11.176
1963 1964 1 8.41 11.176
1964 1241 1 219.53 11.176
1964 1962 1 9.032 11.176
1965 1129 1 93.708 11.176
1965 1967 1 8.954 11.176
1966 1563 1 161.548 11.176
1966 1965 1 7.63 11.176
1967 793 1 158.437 11.176
1967 1968 1 8.606 11.176
1968 1549 2 263.933 11.176
1968 1966 1 8.018 11.176
1969 364 1 93.789 11.176
1969 1971 1 8.679 11.176
1970 793 1 195.54 11.176
1970 1969 1 8.026 11.176
1971 433 1 196.266 11.176
1971 1972 1 8.931 11.176
1972 363 1 94.311 11.176
1972 1970 1 8.606 11.176
1973 904 1 252.845 11.176
1973 1975 1 8.875 11.176
1974 1564 1 178.358 11.176
1974 1973 1 9.316 11.176
1975 871 1 158.555 11.176
1975 1976 1 9.16 11.176
1976 84 1 91.739 11.176
1976 1974 1 8.907 11.176
1977 1179 1 9.642 11.176
1977 1296 1 111.44 11.176
1978 1423 1 271.61 11.176
1978 1944 1 225.186 11.176
1978 2095 2 16.147 11.176
1979 1917 1 9.619 11.176
1979 1935 1 94.3 11.176
1980 607 1 115.196 11.176
1980 1953 2 35.856 11.176
1981 260 2 116.051 11.176
1981 1953 2 37.367 11.176
1981 1980 1 41.637 11.11111124992
1982 248 1 189.843 11.11111124992
1982 1985 1 12.259 11.11111124992
1983 1203 1 114.632 11.11111124992
1983 1984 1 13.586 11.11111124992
1984 1982 1 71.969 11.11111124992
1985 1718 1 118.497 11.11111124992
1985 1983 1 28.353 11.11111124992
1986 384 1 185.891 11.176
1986 1008 1 98.689 11.176
1986 1410 1 79.99 11.176
1987 289 1 7.82 11.176
1987 291 1 218.238 11.176
1987 591 1 85.401 11.176
1988 1989 1 11.542 11.176
1989 331 1 256.707 11.176
1989 1113 3 50.7 13.4112
1989 1988 1 11.542 11.176
1990 682 1 96.234 11.176
1990 1846 1 7.913 11.176
1991 1109 1 175.449 11.176
1991 1997 1 81.019 11.176
1991 1998 2 83.899 11.176
1991 2002 1 180.767 11.176
1992 950 1 181.11 11.176
1992 1993 1 78.464 11.176
1992 1999 1 78.562 11.176
1993 1992 1 78.464 11.176
1993 1995 1 88.201 11.176
1994 1998 2 90.657 11.176
1994 2001 2 80.265 11.176
1995 1414 1 168.409 11.176
1995 1993 1 88.201 11.176
1995 2000 1 79.33 11.176
1996 684 1 103.171 11.176
1996 1997 1 176.403 11.176
1996 1999 1 81.338 11.176
1996 2002 1 80.13 11.176
1997 685 1 180.769 11.176
1997 1991 1 81.019 11.176
1997 1996 1 176.403 11.176
1997 2000 1 81.209 11.176
1998 856 2 160.647 11.176
1998 1174 2 78.61 11.176
1998 1991 2 83.899 11.176
1998 1994 2 90.657 11.176
1999 1992 1 78.562 11.176
1999 1996 1 81.338 11.176
1999 2000 1 170.533 11.176
2000 697 1 185.322 11.176
2000 1995 1 79.33 11.176
2000 1997 1 81.209 11.176
2000 1999 1 170.533 11.176
2001 1109 1 84.106 11.176
2001 1175 2 96.63 11.176
2001 1994 2 80.265 11.176
2002 949 1 65.308 11.176
2002 1991 1 180.767 11.176
2002 1996 1 80.13 11.176
2003 1 1 16.337 11.11111124992
2004 200 1 94.392 11.176
2004 1922 1 9.74 11.176
2005 1053 1 8.248 11.176
2005 2010 1 147.706 11.176
2006 699 1 8.549 11.176
2006 2005 2 86.632 11.176
2007 1413 1 8.593 11.176
2007 2006 2 16.691 11.176
2007 2009 1 65.358 11.176
2008 698 1 94.254 11.176
2008 1188 1 138.948 11.176
2008 2010 1 100.483 11.176
2009 1711 1 80.111 11.176
2009 2007 1 65.358 11.176
2009 2046 1 19.587 11.176
2010 1708 1 168.198 11.176
2010 2005 1 147.706 11.176
2010 2008 1 100.483 11.176
2011 1395 1 36.167 11.176
2011 2012 1 21.107 11.176
2012 2011 1 19.909 11.176
2012 2013 1 119.567 11.176
2013 2012 1 119.567 11.176
2014 454 1 64.826 11.11111124992
2015 694 1 99.28 11.176
2015 1669 1 23.351 11.176
2015 2016 1 11.489 11.176
2016 958 1 25.064 11.176
2016 2015 1 11.489 11.176
2017 1234 1 224.193 11.176
2018 1239 1 51.205 11.176
2019 1657 1 20.03 11.176
2019 2020 1 9.726 11.11111124992
2020 43 1 40.093 11.176
2020 2019 1 9.726 11.11111124992
2021 633 1 193.231 11.176
2021 1656 1 15.507 11.176
2022 2021 1 16.046 11.176
2023 494 1 89.251 11.176
2023 2022 1 21.38 11.176
2024 264 1 9.268 11.176
2025 505 2 31.758 11.176
2025 506 2 71.485 11.176
2026 505 1 35.395 11.176
2026 1767 1 140.789 11.176
2026 2027 1 40.224 11.11111124992
2027 505 2 39.914 11.176
2027 1632 2 40.418 11.176
2028 505 1 32.704 11.176
2028 728 1 130.09 11.176
2028 2025 1 36.637 11.11111124992
2029 1164 1 136.528 2.2352
2030 144 1 14.06 11.176
2030 586 1 55.309 11.176
2031 359 1 149.101 11.11111124992
2032 329 1 218.12 11.176
2032 1861 1 8.42 11.176
2033 1171 2 87.318 11.176
2033 2103 2 23.598 11.176
2034 423 2 65.952 13.4112
2035 729 2 49.433 11.176
2035 1466 1 64.529 11.176
2036 1773 2 14.744 11.11111124992
2037 2134 2 21.667 11.11111124992
2038 152 1 14.019 11.176
2038 210 1 122.071 11.176
2039 885 1 6.377 11.176
2040 198 1 11.732 11.176
2040 1621 2 90.599 11.176
2041 1306 1 199.144 11.176
2041 1907 1 5.862 11.176
2042 2043 1 9.817 11.11111124992
2043 780 1 64.048 11.176
2043 2044 1 6.343 11.11111124992
2044 1114 1 102.81 11.176
2044 2042 1 6.299 11.11111124992
2045 1236 2 16.193 11.176
2045 1814 1 83.052 11.176
2046 2009 1 19.587 11.176
2046 2059 1 71.789 11.176
2047 122 1 15.382 11.176
2047 1324 1 79.897 11.176
2048 121 1 64.732 11.176
2048 122 1 16.727 11.176
2048 2047 1 23.261 11.11111124992
2049 25 1 11.57 11.176
2049 1037 1 148.31 11.176
2049 1456 3 96.993 11.176
2050 585 2 90.161 11.176
2050 1180 2 37.003 11.176
2050 2051 1 36.194 11.11111124992
2051 1180 3 33.791 11.176
2051 1318 3 19.301 11.176
2052 2066 1 22.816 11.176
2053 946 1 22.938 11.11111124992
2053 1622 1 52.142 11.11111124992
2053 2052 1 29.994 11.11111124992
2054 447 1 17.651 11.176
2055 1554 1 37.636 11.176
2056 1011 1 124.444 11.176
2057 927 1 6.506 11.176
2057 2058 1 66.916 11.176
2058 239 1 151.56 11.176
2058 927 2 67.648 11.176
2059 2008 1 18.389 11.176
2059 2046 1 71.789 11.176
2060 612 1 37.542 11.176
2061 946 1 7.839 11.176
2061 2053 1 23.37 11.11111124992
2062 543 1 15.855 11.176
2062 1281 1 196.054 11.176
2063 1271 1 128.559 11.176
2063 2062 1 14.017 11.176
2064 1189 1 36.442 11.176
2064 2105 1 5.065 11.176
2065 1796 1 36.516 11.176
2065 2061 1 8.593 11.11111124992
2066 252 1 163.323 11.176
2066 2065 2 41.483 11.176
2067 989 1 25.254 11.176
2068 1104 1 80.262 11.176
2069 729 2 14.268 11.176
2069 899 2 112.166 11.176
2069 2035 1 58.988 11.176
2070 260 1 128.282 11.176
2070 261 1 8.634 11.176
2070 607 1 57.134 11.176
2071 355 1 207.658 11.176
2071 356 1 209.838 11.176
2071 2072 1 75.375 11.176
2072 1249 1 106.558 11.176
2072 1250 1 135.793 11.176
2072 1271 1 115.75 11.176
2072 2071 1 75.375 11.176
2073 474 2 450.827 8.9408
2074 537 1 219.821 11.176
2075 564 1 94.212 11.176
2075 969 1 139.319 11.176
2075 970 1 178.261 11.176
2075 1944 1 141.479 11.176
2076 1091 1 129.018 11.11111124992
2076 1958 1 14.677 11.11111124992
2077 1374 1 7.339 11.176
2078 2079 1 35.385 11.176
2079 456 1 44.541 15.6464
2079 972 1 303.153 15.6464
2080 140 1 242.155 11.176
2080 1193 1 109.812 11.176
2080 2081 1 52.944 11.176
2081 142 1 99.737 11.176
2081 812 1 167.839 11.176
2081 2080 1 52.944 11.176
2082 94 1 87.129 11.176
2082 95 1 35.541 11.176
2083 96 1 53.379 11.176
2083 2084 1 29.838 11.176
2084 1600 1 60.869 11.176
2084 1732 1 21.722 11.176
2085 1487 2 8.429 15.6464
2086 2087 1 15.275 15.6464
2086 2088 1 17.551 11.176
2087 1489 1 30.93 15.6464
2088 1379 1 460.82 11.176
2088 2087 1 18.983 11.176
2089 14 1 14.763 11.176
2089 15 1 190.847 11.176
2090 577 1 28.994 11.176
2091 1103 1 43.56 11.176
2092 488 1 130.526 11.176
2092 2094 1 25.486 11.176
2093 212 1 75.558 11.176
2093 2092 1 25.131 11.176
2094 489 1 25.479 11.176
2094 1045 1 75.359 11.176
2095 1978 2 16.147 11.176
2095 2142 2 98.881 11.176
2096 1956 1 192.494 11.176
2096 2099 1 5.234 11.176
2097 689 1 97.496 11.176
2097 2096 1 5.195 11.176
2098 1387 1 55.636 11.176
2098 2097 1 5.03 11.176
2099 2098 1 4.931 11.176
2100 156 1 113.672 11.176
2100 1525 1 14.59 11.176
2101 127 1 135.391 11.176
2101 1925 1 13.667 11.176
2101 2100 1 18.226 11.176
2102 1208 2 21.766 11.176
2102 1343 2 79.494 11.176
2103 1097 1 96.108 11.176
2103 2102 2 20.296 11.176
2104 1009 1 52.126 11.176
2105 1066 1 71.358 11.176
2106 855 1 143.729 11.176
2106 1174 1 17.186 11.176
2107 2085 2 86.975 15.6464
2107 2108 1 14.316 11.11111124992
2108 1762 2 351.601 15.6464
2109 2034 2 99.657 13.4112
2110 6 1 180.582 6.7056
2111 10 1 330.699 11.176
2111 2112 1 26.035 11.11111124992
2112 2111 1 26.035 11.11111124992
2113 1301 1 19.473 11.176
2114 8 1 236.915 11.176
2115 107 2 58.794 11.176
2115 880 2 48.691 11.176
2116 101 3 24.018 11.176
2116 2120 2 52.335 11.176
2117 316 2 78.99 11.176
2117 2118 3 24.856 11.176
2118 100 1 100.774 11.176
2118 101 1 7.435 11.176
2118 2116 2 24.009 11.176
2119 906 2 78.143 11.176
2119 2121 2 25.39 11.176
2120 874 2 26.036 11.176
2120 2116 2 52.335 11.176
2121 874 1 6.88 11.176
2121 875 1 197.294 11.176
2121 2120 2 25.574 11.176
2122 638 1 95.793 11.176
2122 2125 1 5.795 11.11111124992
2123 1902 1 192.977 11.176
2123 2122 1 5.823 11.11111124992
2124 202 1 95.947 11.176
2124 2123 1 5.83 11.11111124992
2125 79 1 199.848 11.176
2125 2124 1 5.757 11.11111124992
2126 1276 1 112.858 11.176
2127 1155 1 437.491 11.176
2128 2129 2 21.471 11.11111124992
2128 2139 2 65.617 11.176
2129 1484 2 16.276 11.11111124992
2130 2131 1 19.171 11.176
2130 2133 2 72.185 11.11111124992
2131 2036 1 15.824 11.176
2132 20 1 10.327 11.11111124992
2132 21 2 510.592 11.11111124992
2133 2037 2 29.431 11.11111124992
2134 663 2 18.899 11.11111124992
2134 1377 1 24.014 11.11111124992
2135 2132 1 3.687 11.11111124992
2136 989 1 764.738 15.6464
2136 2135 1 22.075 15.6464
2137 534 1 100.606 11.176
2137 814 1 64.084 11.176
2137 2138 1 43.113 11.11111124992
2138 2137 1 43.113 11.11111124992
2139 145 2 200.707 11.176
2139 664 2 4.495 11.176
2140 971 1 46.401 11.176
2141 470 2 71.3 11.176
2141 2142 1 39.121 11.176
2142 471 1 27.734 11.176
2142 2095 2 98.881 11.176
2143 472 1 147.013 11.176
2143 1303 1 186.634 11.176
2143 1944 1 15.921 11.176
2144 924 1 9.907 11.176
2144 1401 1 81.465 11.176
2145 2135 1 20.283 11.11111124992
2145 2136 1 29.613 15.6464
118 0 308 0 0 0 0 16 0
869 1 2678 0 0 0 0 16 0
3 3 7 0 0 0 0 16 0
118 4 307 0 0 0 0 16 0
1806 5 5096 0 0 0 0 16 0
2 6 4 0 0 0 0 16 0
4 7 10 0 0 0 0 16 0
3 9 6 0 0 0 0 16 0
117 10 305 0 0 0 0 16 0
455 11 1339 0 0 0 0 16 0
6 12 16 0 0 0 0 16 0
454 13 1336 0 0 0 0 16 0
1301 14 4002 0 0 0 0 16 0
5 15 13 0 0 0 0 16 0
7 16 19 0 0 0 0 16 0
6 18 15 0 0 0 0 16 0
252 19 738 0 0 0 0 16 0
9 20 24 0 0 0 0 16 0
1301 21 4001 0 0 0 0 16 0
8 23 21 0 0 0 0 16 0
10 24 27 0 0 0 0 16 0
9 26 23 0 0 0 0 16 0
2111 27 5713 0 0 0 0 16 0
9 28 23 0 0 0 0 16 0
3 29 6 0 0 0 0 16 0
1376 30 4177 0 0 0 0 16 0
820 31 2521 0 0 0 0 16 0
956 32 2944 0 0 0 0 16 0
16 33 38 0 0 0 0 16 0
495 34 1466 0 0 0 0 16 0
559 35 1673 0 0 0 0 16 0
2089 36 5675 0 0 0 0 16 0
15 37 34 0 0 0 0 16 0
1127 39 3460 0 0 0 0 16 0
1370 40 4167 0 0 0 0 16 0
1657 41 4830 0 0 0 0 16 0
124 42 328 0 0 0 0 16 0
473 43 1396 0 0 0 0 16 0
1304 44 4012 0 0 0 0 16 0
2131 45 5748 0 0 0 0 16 0
2133 46 5751 0 0 0 0 16 0
44 47 89 0 0 0 0 16 0
13 48 30 0 0 0 0 16 0
28 49 59 0 0 0 0 16 0
786 50 2417 0 0 0 0 16 0
1505 51 4467 0 0 0 0 16 0
23 52 50 0 0 0 0 16 0
29 53 62 0 0 0 0 16 0
1153 54 3542 0 0 0 0 16 0
1159 55 3565 0 0 0 0 16 0
2049 56 5597 0 0 0 0 16 0
404 57 1191 0 0 0 0 16 0
32 58 67 0 0 0 0 16 0
27 59 58 0 0 0 0 16 0
33 60 68 0 0 0 0 16 0
24 61 52 0 0 0 0 16 0
458 62 1348 0 0 0 0 16 0
1810 63 5103 0 0 0 0 16 0
1811 64 5105 0 0 0 0 16 0
30 65 63 0 0 0 0 16 0
34 66 70 0 0 0 0 16 0
31 67 65 0 0 0 0 16 0
27 68 58 0 0 0 0 16 0
1378 69 4180 0 0 0 0 16 0
39 70 80 0 0 0 0 16 0
741 71 2267 0 0 0 0 16 0
778 72 2393 0 0 0 0 16 0
1381 73 4189 0 0 0 0 16 0
890 74 2746 0 0 0 0 16 0
1090 75 3354 0 0 0 0 16 0
38 76 78 0 0 0 0 16 0
1586 77 4674 0 0 0 0 16 0
1372 78 4169 0 0 0 0 16 0
1373 79 4171 0 0 0 0 16 0
40 80 81 0 0 0 0 16 0
17 81 40 0 0 0 0 16 0
41 82 83 0 0 0 0 16 0
42 83 85 0 0 0 0 16 0
1763 84 5033 0 0 0 0 16 0
1490 85 4425 0 0 0 0 16 0
1763 86 5033 0 0 0 0 16 0
252 87 737 0 0 0 0 16 0
2019 88 5542 0 0 0 0 16 0
32 89 67 0 0 0 0 16 0
34 90 70 0 0 0 0 16 0
212 91 624 0 0 0 0 16 0
976 92 3002 0 0 0 0 16 0
1524 93 4507 0 0 0 0 16 0
47 94 98 0 0 0 0 16 0
1286 95 3951 0 0 0 0 16 0
1524 96 4506 0 0 0 0 16 0
46 97 95 0 0 0 0 16 0
48 98 101 0 0 0 0 16 0
583 99 1754 0 0 0 0 16 0
47 100 97 0 0 0 0 16 0
49 101 105 0 0 0 0 16 0
584 102 1758 0 0 0 0 16 0
1262 103 3874 0 0 0 0 16 0
48 104 100 0 0 0 0 16 0
640 105 1941 0 0 0 0 16 0
1646 106 4807 0 0 0 0 16 0
1924 107 5329 0 0 0 0 16 0
51 108 113 0 0 0 0 16 0
172 109 477 0 0 0 0 16 0
173 110 480 0 0 0 0 16 0
1646 111 4806 0 0 0 0 16 0
50 112 109 0 0 0 0 16 0
52 113 115 0 0 0 0 16 0
51 114 112 0 0 0 0 16 0
53 115 117 0 0 0 0 16 0
52 116 114 0 0 0 0 16 0
54 117 120 0 0 0 0 16 0
675 118 2059 0 0 0 0 16 0
53 119 116 0 0 0 0 16 0
55 120 124 0 0 0 0 16 0
676 121 2062 0 0 0 0 16 0
713 122 2178 0 0 0 0 16 0
54 123 119 0 0 0 0 16 0
56 124 127 0 0 0 0 16 0
366 125 1061 0 0 0 0 16 0
55 126 123 0 0 0 0 16 0
57 127 130 0 0 0 0 16 0
375 128 1092 0 0 0 0 16 0
56 129 126 0 0 0 0 16 0
58 130 133 0 0 0 0 16 0
366 131 1060 0 0 0 0 16 0
57 132 129 0 0 0 0 16 0
525 133 1565 0 0 0 0 16 0
1625 134 4764 0 0 0 0 16 0
60 135 139 0 0 0 0 16 0
1625 136 4763 0 0 0 0 16 0
1626 137 4767 0 0 0 0 16 0
59 138 136 0 0 0 0 16 0
61 139 142 0 0 0 0 16 0
525 140 1564 0 0 0 0 16 0
60 141 138 0 0 0 0 16 0
62 142 146 0 0 0 0 16 0
715 143 2184 0 0 0 0 16 0
725 144 2218 0 0 0 0 16 0
61 145 141 0 0 0 0 16 0
715 146 2183 0 0 0 0 16 0
1357 147 4138 0 0 0 0 16 0
64 148 152 0 0 0 0 16 0
830 149 2550 0 0 0 0 16 0
1357 150 4137 0 0 0 0 16 0
63 151 149 0 0 0 0 16 0
65 152 155 0 0 0 0 16 0
549 153 1641 0 0 0 0 16 0
64 154 151 0 0 0 0 16 0
554 155 1658 0 0 0 0 16 0
1634 156 4784 0 0 0 0 16 0
67 157 162 0 0 0 0 16 0
357 158 1037 0 0 0 0 16 0
900 159 2776 0 0 0 0 16 0
1463 160 4370 0 0 0 0 16 0
66 161 158 0 0 0 0 16 0
68 162 165 0 0 0 0 16 0
1014 163 3130 0 0 0 0 16 0
67 164 161 0 0 0 0 16 0
1464 165 4373 0 0 0 0 16 0
1144 167 3513 0 0 0 0 16 0
1439 168 4310 0 0 0 0 16 0
1464 169 4372 0 0 0 0 16 0
1633 170 4782 0 0 0 0 16 0
690 171 2108 0 0 0 0 16 0
740 172 2264 0 0 0 0 16 0
1079 173 3323 0 0 0 0 16 0
72 174 178 0 0 0 0 16 0
266 175 771 0 0 0 0 16 0
1649 176 4814 0 0 0 0 16 0
71 177 175 0 0 0 0 16 0
1034 178 3191 0 0 0 0 16 0
1192 179 3661 0 0 0 0 16 0
74 180 182 0 0 0 0 16 0
75 182 185 0 0 0 0 16 0
635 183 1922 0 0 0 0 16 0
74 184 181 0 0 0 0 16 0
76 185 188 0 0 0 0 16 0
636 186 1926 0 0 0 0 16 0
75 187 184 0 0 0 0 16 0
77 188 191 0 0 0 0 16 0
1619 189 4751 0 0 0 0 16 0
76 190 187 0 0 0 0 16 0
78 191 196 0 0 0 0 16 0
916 192 2834 0 0 0 0 16 0
1620 193 4752 0 0 0 0 16 0
1621 194 4755 0 0 0 0 16 0
77 195 190 0 0 0 0 16 0
79 196 200 0 0 0 0 16 0
638 197 1934 0 0 0 0 16 0
917 198 2837 0 0 0 0 16 0
78 199 195 0 0 0 0 16 0
80 200 204 0 0 0 0 16 0
476 201 1405 0 0 0 0 16 0
2125 202 5740 0 0 0 0 16 0
79 203 199 0 0 0 0 16 0
81 204 208 0 0 0 0 16 0
202 205 586 0 0 0 0 16 0
203 206 590 0 0 0 0 16 0
80 207 203 0 0 0 0 16 0
870 208 2681 0 0 0 0 16 0
1565 209 4618 0 0 0 0 16 0
83 210 214 0 0 0 0 16 0
615 211 1852 0 0 0 0 16 0
1565 212 4617 0 0 0 0 16 0
82 213 211 0 0 0 0 16 0
84 214 217 0 0 0 0 16 0
184 215 519 0 0 0 0 16 0
83 216 213 0 0 0 0 16 0
85 217 220 0 0 0 0 16 0
1976 218 5439 0 0 0 0 16 0
84 219 216 0 0 0 0 16 0
86 220 223 0 0 0 0 16 0
616 221 1855 0 0 0 0 16 0
85 222 219 0 0 0 0 16 0
87 223 226 0 0 0 0 16 0
617 224 1859 0 0 0 0 16 0
86 225 222 0 0 0 0 16 0
88 226 229 0 0 0 0 16 0
871 227 2684 0 0 0 0 16 0
87 228 225 0 0 0 0 16 0
89 229 232 0 0 0 0 16 0
1894 230 5270 0 0 0 0 16 0
88 231 228 0 0 0 0 16 0
90 232 235 0 0 0 0 16 0
618 233 1863 0 0 0 0 16 0
89 234 231 0 0 0 0 16 0
91 235 238 0 0 0 0 16 0
1615 236 4743 0 0 0 0 16 0
90 237 234 0 0 0 0 16 0
92 238 241 0 0 0 0 16 0
388 239 1139 0 0 0 0 16 0
91 240 237 0 0 0 0 16 0
93 241 244 0 0 0 0 16 0
1898 242 5278 0 0 0 0 16 0
92 243 240 0 0 0 0 16 0
431 244 1272 0 0 0 0 16 0
1537 245 4543 0 0 0 0 16 0
619 246 1867 0 0 0 0 16 0
1537 247 4542 0 0 0 0 16 0
2082 248 5664 0 0 0 0 16 0
872 249 2688 0 0 0 0 16 0
2083 250 5665 0 0 0 0 16 0
97 251 255 0 0 0 0 16 0
620 252 1871 0 0 0 0 16 0
2083 253 5666 0 0 0 0 16 0
96 254 252 0 0 0 0 16 0
98 255 259 0 0 0 0 16 0
621 256 1875 0 0 0 0 16 0
772 257 2370 0 0 0 0 16 0
97 258 254 0 0 0 0 16 0
99 259 262 0 0 0 0 16 0
622 260 1879 0 0 0 0 16 0
98 261 258 0 0 0 0 16 0
100 262 266 0 0 0 0 16 0
622 263 1878 0 0 0 0 16 0
873 264 2692 0 0 0 0 16 0
99 265 261 0 0 0 0 16 0
623 266 1883 0 0 0 0 16 0
2118 267 5724 0 0 0 0 16 0
102 268 271 0 0 0 0 16 0
2117 269 5721 0 0 0 0 16 0
2118 270 5723 0 0 0 0 16 0
875 271 2699 0 0 0 0 16 0
1607 272 4722 0 0 0 0 16 0
104 273 275 0 0 0 0 16 0
318 274 928 0 0 0 0 16 0
105 275 277 0 0 0 0 16 0
1765 276 5039 0 0 0 0 16 0
106 277 279 0 0 0 0 16 0
321 278 934 0 0 0 0 16 0
1420 279 4269 0 0 0 0 16 0
108 280 282 0 0 0 0 16 0
323 281 938 0 0 0 0 16 0
109 282 284 0 0 0 0 16 0
711 283 2171 0 0 0 0 16 0
110 284 286 0 0 0 0 16 0
913 285 2823 0 0 0 0 16 0
111 286 288 0 0 0 0 16 0
324 287 941 0 0 0 0 16 0
112 288 290 0 0 0 0 16 0
914 289 2827 0 0 0 0 16 0
113 290 293 0 0 0 0 16 0
325 291 944 0 0 0 0 16 0
902 292 2782 0 0 0 0 16 0
114 293 295 0 0 0 0 16 0
903 294 2785 0 0 0 0 16 0
115 295 297 0 0 0 0 16 0
903 296 2784 0 0 0 0 16 0
116 297 301 0 0 0 0 16 0
326 298 946 0 0 0 0 16 0
557 299 1667 0 0 0 0 16 0
115 300 298 0 0 0 0 16 0
117 301 304 0 0 0 0 16 0
556 302 1664 0 0 0 0 16 0
557 303 1666 0 0 0 0 16 0
4 304 9 0 0 0 0 16 0
116 305 300 0 0 0 0 16 0
1806 306 5095 0 0 0 0 16 0
2 308 3 0 0 0 0 16 0
1777 309 5056 0 0 0 0 16 0
1365 311 4156 0 0 0 0 16 0
1679 312 4872 0 0 0 0 16 0
121 313 318 0 0 0 0 16 0
810 314 2493 0 0 0 0 16 0
811 315 2496 0 0 0 0 16 0
1679 316 4871 0 0 0 0 16 0
120 317 314 0 0 0 0 16 0
1252 318 3844 0 0 0 0 16 0
2048 319 5594 0 0 0 0 16 0
1433 320 4298 0 0 0 0 16 0
2047 321 5592 0 0 0 0 16 0
2048 322 5593 0 0 0 0 16 0
124 323 327 0 0 0 0 16 0
1239 324 3801 0 0 0 0 16 0
1304 325 4011 0 0 0 0 16 0
1363 326 4151 0 0 0 0 16 0
19 327 43 0 0 0 0 16 0
123 328 324 0 0 0 0 16 0
1623 329 4759 0 0 0 0 16 0
1624 330 4762 0 0 0 0 16 0
967 331 2974 0 0 0 0 16 0
1517 332 4491 0 0 0 0 16 0
127 333 337 0 0 0 0 16 0
303 334 881 0 0 0 0 16 0
639 335 1938 0 0 0 0 16 0
126 336 334 0 0 0 0 16 0
156 337 430 0 0 0 0 16 0
304 338 884 0 0 0 0 16 0
2101 339 5697 0 0 0 0 16 0
752 341 2300 0 0 0 0 16 0
931 342 2875 0 0 0 0 16 0
128 343 341 0 0 0 0 16 0
131 344 348 0 0 0 0 16 0
350 345 1021 0 0 0 0 16 0
781 346 2402 0 0 0 0 16 0
130 347 345 0 0 0 0 16 0
132 348 351 0 0 0 0 16 0
410 349 1209 0 0 0 0 16 0
131 350 347 0 0 0 0 16 0
133 351 355 0 0 0 0 16 0
1075 352 3312 0 0 0 0 16 0
1235 353 3790 0 0 0 0 16 0
132 354 350 0 0 0 0 16 0
444 355 1308 0 0 0 0 16 0
1544 356 4564 0 0 0 0 16 0
951 357 2929 0 0 0 0 16 0
1693 358 4899 0 0 0 0 16 0
136 359 363 0 0 0 0 16 0
452 360 1330 0 0 0 0 16 0
453 361 1333 0 0 0 0 16 0
135 362 360 0 0 0 0 16 0
225 363 666 0 0 0 0 16 0
226 364 669 0 0 0 0 16 0
138 365 369 0 0 0 0 16 0
139 366 372 0 0 0 0 16 0
137 368 366 0 0 0 0 16 0
139 369 371 0 0 0 0 16 0
1266 370 3887 0 0 0 0 16 0
137 371 365 0 0 0 0 16 0
138 372 368 0 0 0 0 16 0
599 373 1803 0 0 0 0 16 0
1933 374 5347 0 0 0 0 16 0
141 375 379 0 0 0 0 16 0
561 376 1679 0 0 0 0 16 0
2080 377 5658 0 0 0 0 16 0
140 378 376 0 0 0 0 16 0
563 379 1686 0 0 0 0 16 0
1309 380 4031 0 0 0 0 16 0
813 381 2502 0 0 0 0 16 0
841 382 2591 0 0 0 0 16 0
2081 383 5661 0 0 0 0 16 0
144 384 388 0 0 0 0 16 0
446 385 1314 0 0 0 0 16 0
1296 386 3987 0 0 0 0 16 0
143 387 385 0 0 0 0 16 0
445 388 1311 0 0 0 0 16 0
1103 389 3389 0 0 0 0 16 0
147 391 396 0 0 0 0 16 0
665 392 2023 0 0 0 0 16 0
1104 393 3393 0 0 0 0 16 0
146 395 392 0 0 0 0 16 0
148 396 400 0 0 0 0 16 0
666 397 2027 0 0 0 0 16 0
784 398 2409 0 0 0 0 16 0
147 399 395 0 0 0 0 16 0
149 400 404 0 0 0 0 16 0
186 401 526 0 0 0 0 16 0
187 402 530 0 0 0 0 16 0
148 403 399 0 0 0 0 16 0
150 404 408 0 0 0 0 16 0
667 405 2031 0 0 0 0 16 0
1105 406 3397 0 0 0 0 16 0
149 407 403 0 0 0 0 16 0
151 408 412 0 0 0 0 16 0
668 409 2035 0 0 0 0 16 0
1043 410 3215 0 0 0 0 16 0
150 411 407 0 0 0 0 16 0
152 412 416 0 0 0 0 16 0
486 413 1439 0 0 0 0 16 0
487 414 1443 0 0 0 0 16 0
151 415 411 0 0 0 0 16 0
153 416 419 0 0 0 0 16 0
209 417 612 0 0 0 0 16 0
152 418 415 0 0 0 0 16 0
1106 419 3400 0 0 0 0 16 0
1580 420 4659 0 0 0 0 16 0
155 421 426 0 0 0 0 16 0
670 422 2042 0 0 0 0 16 0
1107 423 3404 0 0 0 0 16 0
1580 424 4658 0 0 0 0 16 0
154 425 422 0 0 0 0 16 0
156 426 429 0 0 0 0 16 0
671 427 2046 0 0 0 0 16 0
1108 428 3408 0 0 0 0 16 0
127 429 336 0 0 0 0 16 0
155 430 425 0 0 0 0 16 0
639 431 1937 0 0 0 0 16 0
2100 432 5695 0 0 0 0 16 0
158 433 436 0 0 0 0 16 0
1662 434 4840 0 0 0 0 16 0
157 435 434 0 0 0 0 16 0
496 436 1470 0 0 0 0 16 0
160 437 441 0 0 0 0 16 0
379 438 1106 0 0 0 0 16 0
1302 439 4005 0 0 0 0 16 0
159 440 438 0 0 0 0 16 0
161 441 445 0 0 0 0 16 0
380 442 1110 0 0 0 0 16 0
980 443 3016 0 0 0 0 16 0
160 444 440 0 0 0 0 16 0
162 445 449 0 0 0 0 16 0
724 446 2214 0 0 0 0 16 0
161 448 444 0 0 0 0 16 0
163 449 453 0 0 0 0 16 0
381 450 1113 0 0 0 0 16 0
1938 451 5359 0 0 0 0 16 0
162 452 448 0 0 0 0 16 0
382 453 1117 0 0 0 0 16 0
1947 454 5379 0 0 0 0 16 0
673 455 2054 0 0 0 0 16 0
166 456 460 0 0 0 0 16 0
604 457 1817 0 0 0 0 16 0
882 458 2721 0 0 0 0 16 0
165 459 457 0 0 0 0 16 0
167 460 464 0 0 0 0 16 0
545 461 1628 0 0 0 0 16 0
546 462 1632 0 0 0 0 16 0
166 463 459 0 0 0 0 16 0
883 464 2725 0 0 0 0 16 0
897 465 2767 0 0 0 0 16 0
169 466 470 0 0 0 0 16 0
1066 467 3286 0 0 0 0 16 0
1766 468 5041 0 0 0 0 16 0
168 469 467 0 0 0 0 16 0
700 470 2135 0 0 0 0 16 0
385 473 1128 0 0 0 0 16 0
170 475 473 0 0 0 0 16 0
50 476 108 0 0 0 0 16 0
352 477 1025 0 0 0 0 16 0
1421 478 4272 0 0 0 0 16 0
50 479 108 0 0 0 0 16 0
174 480 483 0 0 0 0 16 0
347 481 1011 0 0 0 0 16 0
173 482 479 0 0 0 0 16 0
175 483 487 0 0 0 0 16 0
348 484 1014 0 0 0 0 16 0
640 485 1940 0 0 0 0 16 0
174 486 482 0 0 0 0 16 0
176 487 491 0 0 0 0 16 0
349 488 1018 0 0 0 0 16 0
641 489 1945 0 0 0 0 16 0
175 490 486 0 0 0 0 16 0
177 491 495 0 0 0 0 16 0
724 492 2213 0 0 0 0 16 0
1576 493 4647 0 0 0 0 16 0
176 494 490 0 0 0 0 16 0
995 495 3068 0 0 0 0 16 0
1575 496 4644 0 0 0 0 16 0
1595 497 4692 0 0 0 0 16 0
179 498 502 0 0 0 0 16 0
1550 499 4579 0 0 0 0 16 0
1595 500 4691 0 0 0 0 16 0
178 501 499 0 0 0 0 16 0
1497 502 4445 0 0 0 0 16 0
1574 503 4641 0 0 0 0 16 0
181 504 508 0 0 0 0 16 0
1145 505 3516 0 0 0 0 16 0
1497 506 4444 0 0 0 0 16 0
180 507 505 0 0 0 0 16 0
182 508 512 0 0 0 0 16 0
1146 509 3519 0 0 0 0 16 0
1225 510 3760 0 0 0 0 16 0
181 511 507 0 0 0 0 16 0
183 512 516 0 0 0 0 16 0
1147 513 3523 0 0 0 0 16 0
1226 514 3764 0 0 0 0 16 0
182 515 511 0 0 0 0 16 0
184 516 518 0 0 0 0 16 0
1567 517 4624 0 0 0 0 16 0
83 518 213 0 0 0 0 16 0
183 519 515 0 0 0 0 16 0
615 520 1851 0 0 0 0 16 0
616 521 1854 0 0 0 0 16 0
186 522 525 0 0 0 0 16 0
783 523 2405 0 0 0 0 16 0
1257 524 3858 0 0 0 0 16 0
148 525 399 0 0 0 0 16 0
185 526 523 0 0 0 0 16 0
666 527 2026 0 0 0 0 16 0
667 528 2030 0 0 0 0 16 0
148 529 399 0 0 0 0 16 0
188 530 534 0 0 0 0 16 0
784 531 2408 0 0 0 0 16 0
1105 532 3396 0 0 0 0 16 0
187 533 529 0 0 0 0 16 0
189 534 538 0 0 0 0 16 0
579 535 1739 0 0 0 0 16 0
580 536 1743 0 0 0 0 16 0
188 537 533 0 0 0 0 16 0
190 538 542 0 0 0 0 16 0
785 539 2413 0 0 0 0 16 0
1259 540 3864 0 0 0 0 16 0
189 541 537 0 0 0 0 16 0
191 542 546 0 0 0 0 16 0
974 543 2995 0 0 0 0 16 0
1950 544 5387 0 0 0 0 16 0
190 545 541 0 0 0 0 16 0
192 546 549 0 0 0 0 16 0
991 547 3055 0 0 0 0 16 0
191 548 545 0 0 0 0 16 0
193 549 553 0 0 0 0 16 0
1512 550 4481 0 0 0 0 16 0
1942 551 5366 0 0 0 0 16 0
192 552 548 0 0 0 0 16 0
1486 553 4416 0 0 0 0 16 0
1491 554 4428 0 0 0 0 16 0
195 555 560 0 0 0 0 16 0
786 556 2416 0 0 0 0 16 0
1210 557 3714 0 0 0 0 16 0
1491 558 4427 0 0 0 0 16 0
194 559 556 0 0 0 0 16 0
196 560 564 0 0 0 0 16 0
1914 561 5310 0 0 0 0 16 0
1934 562 5350 0 0 0 0 16 0
195 563 559 0 0 0 0 16 0
197 564 568 0 0 0 0 16 0
637 565 1930 0 0 0 0 16 0
787 566 2421 0 0 0 0 16 0
196 567 563 0 0 0 0 16 0
198 568 572 0 0 0 0 16 0
636 569 1925 0 0 0 0 16 0
637 570 1929 0 0 0 0 16 0
197 571 567 0 0 0 0 16 0
1619 572 4750 0 0 0 0 16 0
2040 573 5579 0 0 0 0 16 0
214 574 632 0 0 0 0 16 0
491 575 1456 0 0 0 0 16 0
1495 576 4440 0 0 0 0 16 0
201 577 582 0 0 0 0 16 0
1211 578 3718 0 0 0 0 16 0
1495 579 4439 0 0 0 0 16 0
2004 580 5512 0 0 0 0 16 0
200 581 578 0 0 0 0 16 0
1255 582 3852 0 0 0 0 16 0
1912 583 5306 0 0 0 0 16 0
1918 584 5318 0 0 0 0 16 0
80 585 203 0 0 0 0 16 0
614 586 1848 0 0 0 0 16 0
1909 587 5300 0 0 0 0 16 0
2124 588 5738 0 0 0 0 16 0
80 589 203 0 0 0 0 16 0
204 590 594 0 0 0 0 16 0
476 591 1404 0 0 0 0 16 0
918 592 2841 0 0 0 0 16 0
203 593 589 0 0 0 0 16 0
205 594 598 0 0 0 0 16 0
477 595 1409 0 0 0 0 16 0
805 596 2481 0 0 0 0 16 0
204 597 593 0 0 0 0 16 0
206 598 602 0 0 0 0 16 0
478 599 1413 0 0 0 0 16 0
1077 600 3317 0 0 0 0 16 0
205 601 597 0 0 0 0 16 0
207 602 606 0 0 0 0 16 0
479 603 1417 0 0 0 0 16 0
1006 604 3106 0 0 0 0 16 0
206 605 601 0 0 0 0 16 0
480 606 1421 0 0 0 0 16 0
1112 607 3420 0 0 0 0 16 0
209 608 611 0 0 0 0 16 0
485 609 1435 0 0 0 0 16 0
1256 610 3855 0 0 0 0 16 0
152 611 415 0 0 0 0 16 0
208 612 609 0 0 0 0 16 0
486 613 1438 0 0 0 0 16 0
669 614 2038 0 0 0 0 16 0
211 615 620 0 0 0 0 16 0
487 616 1442 0 0 0 0 16 0
1106 617 3401 0 0 0 0 16 0
2038 618 5575 0 0 0 0 16 0
210 619 616 0 0 0 0 16 0
212 620 623 0 0 0 0 16 0
488 621 1447 0 0 0 0 16 0
582 622 1750 0 0 0 0 16 0
45 623 92 0 0 0 0 16 0
211 624 619 0 0 0 0 16 0
213 625 628 0 0 0 0 16 0
2093 626 5682 0 0 0 0 16 0
212 627 623 0 0 0 0 16 0
490 628 1453 0 0 0 0 16 0
976 629 3003 0 0 0 0 16 0
1507 630 4471 0 0 0 0 16 0
199 631 575 0 0 0 0 16 0
460 632 1356 0 0 0 0 16 0
1510 633 4477 0 0 0 0 16 0
1516 634 4489 0 0 0 0 16 0
216 635 638 0 0 0 0 16 0
643 636 1951 0 0 0 0 16 0
215 637 636 0 0 0 0 16 0
217 638 641 0 0 0 0 16 0
1070 639 3298 0 0 0 0 16 0
216 640 637 0 0 0 0 16 0
218 641 644 0 0 0 0 16 0
305 642 887 0 0 0 0 16 0
217 643 640 0 0 0 0 16 0
219 644 647 0 0 0 0 16 0
528 645 1574 0 0 0 0 16 0
218 646 643 0 0 0 0 16 0
220 647 650 0 0 0 0 16 0
241 648 709 0 0 0 0 16 0
219 649 646 0 0 0 0 16 0
221 650 653 0 0 0 0 16 0
306 651 890 0 0 0 0 16 0
220 652 649 0 0 0 0 16 0
222 653 657 0 0 0 0 16 0
241 654 708 0 0 0 0 16 0
307 655 894 0 0 0 0 16 0
221 656 652 0 0 0 0 16 0
223 657 660 0 0 0 0 16 0
243 658 716 0 0 0 0 16 0
222 659 656 0 0 0 0 16 0
224 660 663 0 0 0 0 16 0
308 661 898 0 0 0 0 16 0
223 662 659 0 0 0 0 16 0
225 663 665 0 0 0 0 16 0
451 664 1327 0 0 0 0 16 0
136 665 362 0 0 0 0 16 0
224 666 662 0 0 0 0 16 0
309 667 901 0 0 0 0 16 0
136 668 362 0 0 0 0 16 0
227 669 672 0 0 0 0 16 0
920 670 2847 0 0 0 0 16 0
226 671 668 0 0 0 0 16 0
228 672 675 0 0 0 0 16 0
227 674 671 0 0 0 0 16 0
229 675 678 0 0 0 0 16 0
1194 676 3667 0 0 0 0 16 0
228 677 674 0 0 0 0 16 0
230 678 681 0 0 0 0 16 0
453 679 1332 0 0 0 0 16 0
229 680 677 0 0 0 0 16 0
231 681 684 0 0 0 0 16 0
844 682 2600 0 0 0 0 16 0
230 683 680 0 0 0 0 16 0
232 684 687 0 0 0 0 16 0
791 685 2432 0 0 0 0 16 0
231 686 683 0 0 0 0 16 0
233 687 690 0 0 0 0 16 0
1287 688 3954 0 0 0 0 16 0
232 689 686 0 0 0 0 16 0
234 690 693 0 0 0 0 16 0
817 691 2513 0 0 0 0 16 0
233 692 689 0 0 0 0 16 0
235 693 696 0 0 0 0 16 0
523 694 1561 0 0 0 0 16 0
234 695 692 0 0 0 0 16 0
386 698 1131 0 0 0 0 16 0
387 699 1135 0 0 0 0 16 0
236 700 698 0 0 0 0 16 0
239 701 703 0 0 0 0 16 0
585 703 1761 0 0 0 0 16 0
2058 704 5614 0 0 0 0 16 0
593 705 1785 0 0 0 0 16 0
1051 706 3244 0 0 0 0 16 0
1143 707 3510 0 0 0 0 16 0
219 708 646 0 0 0 0 16 0
221 709 652 0 0 0 0 16 0
242 710 713 0 0 0 0 16 0
517 711 1543 0 0 0 0 16 0
241 712 708 0 0 0 0 16 0
243 713 715 0 0 0 0 16 0
389 714 1143 0 0 0 0 16 0
222 715 656 0 0 0 0 16 0
242 716 712 0 0 0 0 16 0
244 717 719 0 0 0 0 16 0
243 718 715 0 0 0 0 16 0
245 719 723 0 0 0 0 16 0
450 720 1324 0 0 0 0 16 0
451 721 1326 0 0 0 0 16 0
244 722 718 0 0 0 0 16 0
450 723 1323 0 0 0 0 16 0
247 725 729 0 0 0 0 16 0
608 726 1831 0 0 0 0 16 0
1406 727 4243 0 0 0 0 16 0
246 728 726 0 0 0 0 16 0
818 729 2517 0 0 0 0 16 0
1200 730 3685 0 0 0 0 16 0
249 731 734 0 0 0 0 16 0
1982 732 5453 0 0 0 0 16 0
248 733 732 0 0 0 0 16 0
404 734 1190 0 0 0 0 16 0
227 735 671 0 0 0 0 16 0
523 736 1560 0 0 0 0 16 0
7 737 18 0 0 0 0 16 0
43 738 88 0 0 0 0 16 0
2066 739 5629 0 0 0 0 16 0
254 740 744 0 0 0 0 16 0
1199 741 3682 0 0 0 0 16 0
1308 742 4027 0 0 0 0 16 0
253 743 741 0 0 0 0 16 0
400 744 1177 0 0 0 0 16 0
650 745 1973 0 0 0 0 16 0
1021 746 3153 0 0 0 0 16 0
1133 747 3481 0 0 0 0 16 0
547 750 1635 0 0 0 0 16 0
898 751 2770 0 0 0 0 16 0
256 752 750 0 0 0 0 16 0
259 753 756 0 0 0 0 16 0
352 754 1024 0 0 0 0 16 0
258 755 754 0 0 0 0 16 0
1951 758 5391 0 0 0 0 16 0
1981 759 5450 0 0 0 0 16 0
262 760 762 0 0 0 0 16 0
2070 761 5635 0 0 0 0 16 0
263 762 765 0 0 0 0 16 0
1441 763 4313 0 0 0 0 16 0
262 764 763 0 0 0 0 16 0
411 765 1212 0 0 0 0 16 0
263 766 764 0 0 0 0 16 0
1441 767 4313 0 0 0 0 16 0
1331 768 4082 0 0 0 0 16 0
1649 769 4813 0 0 0 0 16 0
71 770 174 0 0 0 0 16 0
267 771 775 0 0 0 0 16 0
509 772 1513 0 0 0 0 16 0
1035 773 3194 0 0 0 0 16 0
266 774 770 0 0 0 0 16 0
268 775 779 0 0 0 0 16 0
510 776 1517 0 0 0 0 16 0
1156 777 3554 0 0 0 0 16 0
267 778 774 0 0 0 0 16 0
752 779 2299 0 0 0 0 16 0
753 780 2303 0 0 0 0 16 0
270 781 785 0 0 0 0 16 0
391 782 1149 0 0 0 0 16 0
1354 783 4129 0 0 0 0 16 0
269 784 782 0 0 0 0 16 0
271 785 788 0 0 0 0 16 0
270 787 784 0 0 0 0 16 0
1080 788 3326 0 0 0 0 16 0
436 789 1287 0 0 0 0 16 0
1533 790 4532 0 0 0 0 16 0
274 791 796 0 0 0 0 16 0
1244 792 3816 0 0 0 0 16 0
1533 793 4531 0 0 0 0 16 0
1740 794 4990 0 0 0 0 16 0
273 795 792 0 0 0 0 16 0
275 796 800 0 0 0 0 16 0
652 797 1980 0 0 0 0 16 0
776 798 2386 0 0 0 0 16 0
274 799 795 0 0 0 0 16 0
276 800 804 0 0 0 0 16 0
1245 801 3820 0 0 0 0 16 0
1764 802 5036 0 0 0 0 16 0
275 803 799 0 0 0 0 16 0
277 804 808 0 0 0 0 16 0
653 805 1984 0 0 0 0 16 0
1246 806 3824 0 0 0 0 16 0
276 807 803 0 0 0 0 16 0
654 808 1988 0 0 0 0 16 0
1222 809 3750 0 0 0 0 16 0
1698 810 4914 0 0 0 0 16 0
279 811 815 0 0 0 0 16 0
1691 812 4894 0 0 0 0 16 0
1698 813 4913 0 0 0 0 16 0
278 814 812 0 0 0 0 16 0
656 815 1994 0 0 0 0 16 0
1689 816 4891 0 0 0 0 16 0
1871 817 5224 0 0 0 0 16 0
281 818 823 0 0 0 0 16 0
659 819 2006 0 0 0 0 16 0
1063 820 3277 0 0 0 0 16 0
1876 821 5234 0 0 0 0 16 0
280 822 819 0 0 0 0 16 0
282 823 827 0 0 0 0 16 0
660 824 2010 0 0 0 0 16 0
281 826 822 0 0 0 0 16 0
283 827 831 0 0 0 0 16 0
862 828 2654 0 0 0 0 16 0
1339 829 4097 0 0 0 0 16 0
282 830 826 0 0 0 0 16 0
284 831 835 0 0 0 0 16 0
863 832 2658 0 0 0 0 16 0
1072 833 3302 0 0 0 0 16 0
283 834 830 0 0 0 0 16 0
285 835 838 0 0 0 0 16 0
820 836 2520 0 0 0 0 16 0
284 837 834 0 0 0 0 16 0
286 838 841 0 0 0 0 16 0
864 839 2662 0 0 0 0 16 0
285 840 837 0 0 0 0 16 0
287 841 844 0 0 0 0 16 0
865 842 2666 0 0 0 0 16 0
286 843 840 0 0 0 0 16 0
865 844 2665 0 0 0 0 16 0
1341 845 4103 0 0 0 0 16 0
1341 846 4102 0 0 0 0 16 0
391 847 1148 0 0 0 0 16 0
1987 848 5463 0 0 0 0 16 0
289 849 847 0 0 0 0 16 0
1673 850 4863 0 0 0 0 16 0
290 851 849 0 0 0 0 16 0
1672 852 4860 0 0 0 0 16 0
921 853 2850 0 0 0 0 16 0
1671 854 4857 0 0 0 0 16 0
1672 855 4859 0 0 0 0 16 0
587 856 1768 0 0 0 0 16 0
778 857 2392 0 0 0 0 16 0
1540 858 4551 0 0 0 0 16 0
1857 859 5196 0 0 0 0 16 0
688 860 2100 0 0 0 0 16 0
1855 861 5192 0 0 0 0 16 0
1858 862 5198 0 0 0 0 16 0
297 863 867 0 0 0 0 16 0
481 864 1425 0 0 0 0 16 0
482 865 1427 0 0 0 0 16 0
296 866 864 0 0 0 0 16 0
298 867 871 0 0 0 0 16 0
1182 868 3631 0 0 0 0 16 0
1260 869 3868 0 0 0 0 16 0
297 870 866 0 0 0 0 16 0
789 872 2426 0 0 0 0 16 0
298 873 870 0 0 0 0 16 0
886 874 2735 0 0 0 0 16 0
157 875 433 0 0 0 0 16 0
302 876 878 0 0 0 0 16 0
301 877 875 0 0 0 0 16 0
496 878 1469 0 0 0 0 16 0
497 879 1474 0 0 0 0 16 0
126 880 333 0 0 0 0 16 0
304 881 883 0 0 0 0 16 0
672 882 2050 0 0 0 0 16 0
127 883 336 0 0 0 0 16 0
303 884 880 0 0 0 0 16 0
672 885 2049 0 0 0 0 16 0
217 886 640 0 0 0 0 16 0
306 887 889 0 0 0 0 16 0
536 888 1597 0 0 0 0 16 0
220 889 649 0 0 0 0 16 0
305 890 886 0 0 0 0 16 0
307 891 893 0 0 0 0 16 0
538 892 1604 0 0 0 0 16 0
221 893 652 0 0 0 0 16 0
306 894 889 0 0 0 0 16 0
308 895 897 0 0 0 0 16 0
223 897 659 0 0 0 0 16 0
307 898 893 0 0 0 0 16 0
309 899 900 0 0 0 0 16 0
225 900 665 0 0 0 0 16 0
308 901 897 0 0 0 0 16 0
1289 902 3961 0 0 0 0 16 0
311 903 907 0 0 0 0 16 0
830 904 2549 0 0 0 0 16 0
831 905 2553 0 0 0 0 16 0
310 906 904 0 0 0 0 16 0
312 907 911 0 0 0 0 16 0
765 908 2344 0 0 0 0 16 0
1294 909 3979 0 0 0 0 16 0
311 910 906 0 0 0 0 16 0
313 911 914 0 0 0 0 16 0
397 912 1169 0 0 0 0 16 0
312 913 910 0 0 0 0 16 0
314 914 918 0 0 0 0 16 0
766 915 2347 0 0 0 0 16 0
1317 916 4053 0 0 0 0 16 0
313 917 913 0 0 0 0 16 0
315 918 922 0 0 0 0 16 0
767 919 2351 0 0 0 0 16 0
1273 920 3911 0 0 0 0 16 0
314 921 917 0 0 0 0 16 0
767 922 2350 0 0 0 0 16 0
982 923 3023 0 0 0 0 16 0
624 924 1887 0 0 0 0 16 0
2117 925 5722 0 0 0 0 16 0
102 926 271 0 0 0 0 16 0
316 927 924 0 0 0 0 16 0
626 928 1894 0 0 0 0 16 0
1608 929 4724 0 0 0 0 16 0
104 930 275 0 0 0 0 16 0
318 931 928 0 0 0 0 16 0
319 932 930 0 0 0 0 16 0
628 933 1901 0 0 0 0 16 0
320 934 932 0 0 0 0 16 0
629 935 1903 0 0 0 0 16 0
106 936 279 0 0 0 0 16 0
321 937 934 0 0 0 0 16 0
322 938 936 0 0 0 0 16 0
631 939 1909 0 0 0 0 16 0
110 940 286 0 0 0 0 16 0
323 941 938 0 0 0 0 16 0
632 942 1913 0 0 0 0 16 0
112 943 290 0 0 0 0 16 0
324 944 940 0 0 0 0 16 0
633 945 1917 0 0 0 0 16 0
1336 946 4092 0 0 0 0 16 0
1661 947 4837 0 0 0 0 16 0
328 948 952 0 0 0 0 16 0
853 949 2625 0 0 0 0 16 0
327 951 949 0 0 0 0 16 0
1186 952 3646 0 0 0 0 16 0
1682 953 4877 0 0 0 0 16 0
1237 955 3796 0 0 0 0 16 0
1266 956 3886 0 0 0 0 16 0
2032 957 5567 0 0 0 0 16 0
329 958 955 0 0 0 0 16 0
332 959 964 0 0 0 0 16 0
1114 960 3425 0 0 0 0 16 0
1202 961 3691 0 0 0 0 16 0
1989 962 5467 0 0 0 0 16 0
331 963 960 0 0 0 0 16 0
371 964 1079 0 0 0 0 16 0
372 965 1082 0 0 0 0 16 0
1140 966 3501 0 0 0 0 16 0
677 967 2065 0 0 0 0 16 0
678 968 2068 0 0 0 0 16 0
894 969 2757 0 0 0 0 16 0
336 970 974 0 0 0 0 16 0
1168 971 3589 0 0 0 0 16 0
1946 972 5377 0 0 0 0 16 0
335 973 971 0 0 0 0 16 0
337 974 978 0 0 0 0 16 0
382 975 1116 0 0 0 0 16 0
383 976 1121 0 0 0 0 16 0
336 977 973 0 0 0 0 16 0
426 978 1258 0 0 0 0 16 0
1473 979 4393 0 0 0 0 16 0
339 980 985 0 0 0 0 16 0
461 981 1359 0 0 0 0 16 0
1169 982 3592 0 0 0 0 16 0
1473 983 4392 0 0 0 0 16 0
338 984 981 0 0 0 0 16 0
462 985 1362 0 0 0 0 16 0
463 986 1365 0 0 0 0 16 0
769 987 2359 0 0 0 0 16 0
341 988 993 0 0 0 0 16 0
464 989 1368 0 0 0 0 16 0
1171 990 3598 0 0 0 0 16 0
340 992 989 0 0 0 0 16 0
342 993 996 0 0 0 0 16 0
465 994 1372 0 0 0 0 16 0
341 995 992 0 0 0 0 16 0
343 996 999 0 0 0 0 16 0
466 997 1375 0 0 0 0 16 0
342 998 995 0 0 0 0 16 0
344 999 1002 0 0 0 0 16 0
467 1000 1379 0 0 0 0 16 0
343 1001 998 0 0 0 0 16 0
345 1002 1006 0 0 0 0 16 0
468 1003 1381 0 0 0 0 16 0
1027 1004 3171 0 0 0 0 16 0
344 1005 1001 0 0 0 0 16 0
1173 1006 3605 0 0 0 0 16 0
1460 1007 4362 0 0 0 0 16 0
470 1008 1387 0 0 0 0 16 0
1460 1009 4361 0 0 0 0 16 0
173 1010 479 0 0 0 0 16 0
348 1011 1013 0 0 0 0 16 0
824 1012 2532 0 0 0 0 16 0
174 1013 482 0 0 0 0 16 0
347 1014 1010 0 0 0 0 16 0
349 1015 1017 0 0 0 0 16 0
1347 1016 4118 0 0 0 0 16 0
175 1017 486 0 0 0 0 16 0
348 1018 1013 0 0 0 0 16 0
979 1019 3012 0 0 0 0 16 0
130 1020 344 0 0 0 0 16 0
780 1021 2399 0 0 0 0 16 0
739 1022 2261 0 0 0 0 16 0
172 1024 476 0 0 0 0 16 0
258 1025 753 0 0 0 0 16 0
674 1027 2056 0 0 0 0 16 0
352 1028 1024 0 0 0 0 16 0
355 1029 1032 0 0 0 0 16 0
540 1030 1609 0 0 0 0 16 0
354 1031 1030 0 0 0 0 16 0
1248 1032 3831 0 0 0 0 16 0
2071 1033 5639 0 0 0 0 16 0
703 1034 2145 0 0 0 0 16 0
2071 1035 5638 0 0 0 0 16 0
66 1036 157 0 0 0 0 16 0
899 1037 2773 0 0 0 0 16 0
1636 1038 4789 0 0 0 0 16 0
359 1039 1043 0 0 0 0 16 0
708 1040 2163 0 0 0 0 16 0
1177 1041 3616 0 0 0 0 16 0
358 1042 1040 0 0 0 0 16 0
1066 1043 3287 0 0 0 0 16 0
1054 1045 3252 0 0 0 0 16 0
499 1047 1480 0 0 0 0 16 0
886 1048 2734 0 0 0 0 16 0
1488 1050 4421 0 0 0 0 16 0
432 1051 1276 0 0 0 0 16 0
904 1052 2789 0 0 0 0 16 0
1617 1053 4747 0 0 0 0 16 0
1972 1054 5431 0 0 0 0 16 0
434 1055 1282 0 0 0 0 16 0
1085 1056 3340 0 0 0 0 16 0
1243 1057 3813 0 0 0 0 16 0
1969 1058 5425 0 0 0 0 16 0
366 1059 1060 0 0 0 0 16 0
55 1060 123 0 0 0 0 16 0
57 1061 129 0 0 0 0 16 0
676 1063 2061 0 0 0 0 16 0
368 1064 1069 0 0 0 0 16 0
651 1065 1976 0 0 0 0 16 0
1040 1066 3206 0 0 0 0 16 0
1411 1067 4253 0 0 0 0 16 0
367 1068 1065 0 0 0 0 16 0
1368 1070 4162 0 0 0 0 16 0
370 1071 1075 0 0 0 0 16 0
1041 1072 3209 0 0 0 0 16 0
1368 1073 4161 0 0 0 0 16 0
369 1074 1072 0 0 0 0 16 0
371 1075 1078 0 0 0 0 16 0
1086 1076 3343 0 0 0 0 16 0
1184 1077 3638 0 0 0 0 16 0
332 1078 963 0 0 0 0 16 0
370 1079 1074 0 0 0 0 16 0
1202 1080 3690 0 0 0 0 16 0
332 1081 963 0 0 0 0 16 0
373 1082 1085 0 0 0 0 16 0
695 1083 2119 0 0 0 0 16 0
372 1084 1081 0 0 0 0 16 0
374 1085 1089 0 0 0 0 16 0
440 1086 1299 0 0 0 0 16 0
1114 1087 3424 0 0 0 0 16 0
373 1088 1084 0 0 0 0 16 0
410 1089 1208 0 0 0 0 16 0
1275 1090 3915 0 0 0 0 16 0
56 1091 126 0 0 0 0 16 0
376 1092 1096 0 0 0 0 16 0
418 1093 1234 0 0 0 0 16 0
713 1094 2177 0 0 0 0 16 0
375 1095 1091 0 0 0 0 16 0
377 1096 1100 0 0 0 0 16 0
826 1097 2538 0 0 0 0 16 0
827 1098 2541 0 0 0 0 16 0
376 1099 1095 0 0 0 0 16 0
378 1100 1103 0 0 0 0 16 0
1282 1101 3940 0 0 0 0 16 0
377 1102 1099 0 0 0 0 16 0
379 1103 1105 0 0 0 0 16 0
692 1104 2113 0 0 0 0 16 0
159 1105 437 0 0 0 0 16 0
378 1106 1102 0 0 0 0 16 0
380 1107 1109 0 0 0 0 16 0
420 1108 1242 0 0 0 0 16 0
160 1109 440 0 0 0 0 16 0
379 1110 1105 0 0 0 0 16 0
393 1111 1156 0 0 0 0 16 0
162 1112 448 0 0 0 0 16 0
382 1113 1116 0 0 0 0 16 0
422 1114 1248 0 0 0 0 16 0
423 1115 1251 0 0 0 0 16 0
163 1116 452 0 0 0 0 16 0
336 1117 973 0 0 0 0 16 0
381 1118 1112 0 0 0 0 16 0
392 1119 1153 0 0 0 0 16 0
336 1120 973 0 0 0 0 16 0
1007 1121 3108 0 0 0 0 16 0
1499 1122 4451 0 0 0 0 16 0
385 1123 1127 0 0 0 0 16 0
427 1124 1261 0 0 0 0 16 0
1499 1125 4450 0 0 0 0 16 0
1986 1126 5460 0 0 0 0 16 0
170 1127 472 0 0 0 0 16 0
384 1128 1124 0 0 0 0 16 0
386 1129 1130 0 0 0 0 16 0
236 1130 697 0 0 0 0 16 0
385 1131 1127 0 0 0 0 16 0
428 1132 1264 0 0 0 0 16 0
1310 1133 4035 0 0 0 0 16 0
236 1134 697 0 0 0 0 16 0
388 1135 1138 0 0 0 0 16 0
806 1136 2484 0 0 0 0 16 0
1229 1137 3772 0 0 0 0 16 0
91 1138 237 0 0 0 0 16 0
387 1139 1134 0 0 0 0 16 0
618 1140 1862 0 0 0 0 16 0
1899 1141 5280 0 0 0 0 16 0
242 1142 712 0 0 0 0 16 0
517 1143 1542 0 0 0 0 16 0
530 1144 1580 0 0 0 0 16 0
391 1145 1148 0 0 0 0 16 0
590 1146 1775 0 0 0 0 16 0
591 1147 1778 0 0 0 0 16 0
269 1148 781 0 0 0 0 16 0
289 1149 848 0 0 0 0 16 0
390 1150 1146 0 0 0 0 16 0
591 1151 1777 0 0 0 0 16 0
382 1152 1116 0 0 0 0 16 0
425 1153 1255 0 0 0 0 16 0
380 1155 1109 0 0 0 0 16 0
421 1156 1245 0 0 0 0 16 0
395 1158 1162 0 0 0 0 16 0
1305 1159 4016 0 0 0 0 16 0
1479 1160 4408 0 0 0 0 16 0
394 1161 1159 0 0 0 0 16 0
396 1162 1165 0 0 0 0 16 0
843 1163 2597 0 0 0 0 16 0
395 1164 1161 0 0 0 0 16 0
397 1165 1168 0 0 0 0 16 0
765 1166 2343 0 0 0 0 16 0
766 1167 2346 0 0 0 0 16 0
312 1168 910 0 0 0 0 16 0
396 1169 1164 0 0 0 0 16 0
170 1171 472 0 0 0 0 16 0
403 1172 1187 0 0 0 0 16 0
515 1173 1536 0 0 0 0 16 0
649 1174 1969 0 0 0 0 16 0
1405 1175 4240 0 0 0 0 16 0
254 1176 743 0 0 0 0 16 0
649 1177 1968 0 0 0 0 16 0
1405 1178 4239 0 0 0 0 16 0
402 1179 1183 0 0 0 0 16 0
513 1180 1528 0 0 0 0 16 0
747 1181 2285 0 0 0 0 16 0
401 1182 1180 0 0 0 0 16 0
403 1183 1186 0 0 0 0 16 0
514 1184 1532 0 0 0 0 16 0
647 1185 1963 0 0 0 0 16 0
399 1186 1173 0 0 0 0 16 0
402 1187 1182 0 0 0 0 16 0
514 1188 1531 0 0 0 0 16 0
515 1189 1535 0 0 0 0 16 0
249 1191 733 0 0 0 0 16 0
1424 1192 4278 0 0 0 0 16 0
406 1193 1197 0 0 0 0 16 0
436 1194 1288 0 0 0 0 16 0
651 1195 1975 0 0 0 0 16 0
405 1196 1194 0 0 0 0 16 0
408 1197 1203 0 0 0 0 16 0
437 1198 1291 0 0 0 0 16 0
409 1199 1206 0 0 0 0 16 0
438 1200 1294 0 0 0 0 16 0
695 1201 2118 0 0 0 0 16 0
406 1202 1196 0 0 0 0 16 0
409 1203 1205 0 0 0 0 16 0
850 1204 2616 0 0 0 0 16 0
407 1205 1200 0 0 0 0 16 0
408 1206 1202 0 0 0 0 16 0
1087 1207 3346 0 0 0 0 16 0
131 1208 347 0 0 0 0 16 0
374 1209 1088 0 0 0 0 16 0
780 1210 2398 0 0 0 0 16 0
263 1211 764 0 0 0 0 16 0
1398 1212 4225 0 0 0 0 16 0
2024 1213 5551 0 0 0 0 16 0
413 1214 1218 0 0 0 0 16 0
703 1215 2144 0 0 0 0 16 0
704 1216 2149 0 0 0 0 16 0
412 1217 1215 0 0 0 0 16 0
881 1218 2719 0 0 0 0 16 0
882 1219 2720 0 0 0 0 16 0
415 1220 1224 0 0 0 0 16 0
1219 1221 3740 0 0 0 0 16 0
1343 1222 4110 0 0 0 0 16 0
414 1223 1221 0 0 0 0 16 0
416 1224 1228 0 0 0 0 16 0
1026 1225 3167 0 0 0 0 16 0
1613 1226 4737 0 0 0 0 16 0
415 1227 1223 0 0 0 0 16 0
1037 1228 3197 0 0 0 0 16 0
1456 1229 4351 0 0 0 0 16 0
25 1230 55 0 0 0 0 16 0
1204 1231 3697 0 0 0 0 16 0
1456 1232 4350 0 0 0 0 16 0
375 1233 1091 0 0 0 0 16 0
419 1234 1238 0 0 0 0 16 0
714 1235 2181 0 0 0 0 16 0
1626 1236 4766 0 0 0 0 16 0
418 1237 1233 0 0 0 0 16 0
420 1238 1241 0 0 0 0 16 0
827 1239 2540 0 0 0 0 16 0
1477 1240 4404 0 0 0 0 16 0
379 1241 1105 0 0 0 0 16 0
421 1242 1244 0 0 0 0 16 0
1469 1243 4384 0 0 0 0 16 0
393 1244 1155 0 0 0 0 16 0
422 1245 1247 0 0 0 0 16 0
1476 1246 4401 0 0 0 0 16 0
381 1247 1112 0 0 0 0 16 0
1475 1248 4398 0 0 0 0 16 0
2109 1249 5710 0 0 0 0 16 0
381 1250 1112 0 0 0 0 16 0
424 1251 1253 0 0 0 0 16 0
1470 1252 4387 0 0 0 0 16 0
425 1253 1255 0 0 0 0 16 0
1468 1254 4381 0 0 0 0 16 0
337 1255 977 0 0 0 0 16 0
392 1256 1152 0 0 0 0 16 0
1471 1257 4389 0 0 0 0 16 0
383 1258 1120 0 0 0 0 16 0
1500 1259 4453 0 0 0 0 16 0
384 1260 1123 0 0 0 0 16 0
428 1261 1263 0 0 0 0 16 0
1527 1262 4514 0 0 0 0 16 0
386 1263 1130 0 0 0 0 16 0
429 1264 1266 0 0 0 0 16 0
1536 1265 4540 0 0 0 0 16 0
430 1266 1269 0 0 0 0 16 0
1229 1267 3771 0 0 0 0 16 0
1528 1268 4517 0 0 0 0 16 0
93 1269 243 0 0 0 0 16 0
1545 1270 4567 0 0 0 0 16 0
1900 1271 5282 0 0 0 0 16 0
432 1272 1275 0 0 0 0 16 0
1546 1273 4570 0 0 0 0 16 0
1618 1274 4749 0 0 0 0 16 0
363 1275 1052 0 0 0 0 16 0
433 1276 1278 0 0 0 0 16 0
1532 1277 4529 0 0 0 0 16 0
434 1278 1281 0 0 0 0 16 0
1529 1279 4520 0 0 0 0 16 0
1971 1280 5429 0 0 0 0 16 0
364 1281 1056 0 0 0 0 16 0
435 1282 1284 0 0 0 0 16 0
1538 1283 4546 0 0 0 0 16 0
272 1284 789 0 0 0 0 16 0
1011 1285 3123 0 0 0 0 16 0
1530 1286 4523 0 0 0 0 16 0
405 1287 1193 0 0 0 0 16 0
437 1288 1290 0 0 0 0 16 0
1539 1289 4549 0 0 0 0 16 0
406 1290 1196 0 0 0 0 16 0
438 1291 1293 0 0 0 0 16 0
1534 1292 4535 0 0 0 0 16 0
407 1293 1199 0 0 0 0 16 0
439 1294 1296 0 0 0 0 16 0
1540 1295 4552 0 0 0 0 16 0
440 1296 1298 0 0 0 0 16 0
1541 1297 4554 0 0 0 0 16 0
373 1298 1084 0 0 0 0 16 0
441 1299 1300 0 0 0 0 16 0
442 1300 1302 0 0 0 0 16 0
1542 1301 4558 0 0 0 0 16 0
443 1302 1305 0 0 0 0 16 0
1275 1303 3914 0 0 0 0 16 0
1727 1304 4965 0 0 0 0 16 0
133 1305 354 0 0 0 0 16 0
1075 1306 3311 0 0 0 0 16 0
1543 1307 4561 0 0 0 0 16 0
1235 1308 3789 0 0 0 0 16 0
1531 1309 4526 0 0 0 0 16 0
144 1310 387 0 0 0 0 16 0
446 1311 1313 0 0 0 0 16 0
587 1312 1767 0 0 0 0 16 0
143 1313 384 0 0 0 0 16 0
445 1314 1310 0 0 0 0 16 0
1931 1315 5341 0 0 0 0 16 0
741 1316 2266 0 0 0 0 16 0
1382 1317 4192 0 0 0 0 16 0
617 1320 1858 0 0 0 0 16 0
1010 1321 3119 0 0 0 0 16 0
448 1322 1320 0 0 0 0 16 0
244 1323 718 0 0 0 0 16 0
245 1324 722 0 0 0 0 16 0
530 1325 1579 0 0 0 0 16 0
224 1326 662 0 0 0 0 16 0
244 1327 718 0 0 0 0 16 0
452 1328 1329 0 0 0 0 16 0
135 1329 359 0 0 0 0 16 0
451 1330 1326 0 0 0 0 16 0
1251 1331 3841 0 0 0 0 16 0
135 1332 359 0 0 0 0 16 0
229 1333 677 0 0 0 0 16 0
1196 1334 3673 0 0 0 0 16 0
5 1335 12 0 0 0 0 16 0
455 1336 1338 0 0 0 0 16 0
4 1338 9 0 0 0 0 16 0
454 1339 1335 0 0 0 0 16 0
1335 1340 4090 0 0 0 0 16 0
2077 1341 5653 0 0 0 0 16 0
2078 1342 5654 0 0 0 0 16 0
458 1343 1347 0 0 0 0 16 0
973 1344 2992 0 0 0 0 16 0
1372 1345 4170 0 0 0 0 16 0
1374 1346 4174 0 0 0 0 16 0
29 1347 61 0 0 0 0 16 0
457 1348 1344 0 0 0 0 16 0
1942 1349 5365 0 0 0 0 16 0
1949 1350 5383 0 0 0 0 16 0
992 1351 3059 0 0 0 0 16 0
1046 1352 3226 0 0 0 0 16 0
1508 1353 4473 0 0 0 0 16 0
1514 1354 4485 0 0 0 0 16 0
214 1355 631 0 0 0 0 16 0
1167 1356 3587 0 0 0 0 16 0
1550 1357 4578 0 0 0 0 16 0
338 1358 980 0 0 0 0 16 0
462 1359 1361 0 0 0 0 16 0
1468 1360 4380 0 0 0 0 16 0
339 1361 984 0 0 0 0 16 0
461 1362 1358 0 0 0 0 16 0
463 1363 1364 0 0 0 0 16 0
339 1364 984 0 0 0 0 16 0
462 1365 1361 0 0 0 0 16 0
464 1366 1367 0 0 0 0 16 0
340 1367 988 0 0 0 0 16 0
463 1368 1364 0 0 0 0 16 0
465 1369 1371 0 0 0 0 16 0
998 1370 3080 0 0 0 0 16 0
341 1371 992 0 0 0 0 16 0
464 1372 1367 0 0 0 0 16 0
466 1373 1376 0 0 0 0 16 0
465 1375 1371 0 0 0 0 16 0
467 1376 1378 0 0 0 0 16 0
1000 1377 3087 0 0 0 0 16 0
343 1378 998 0 0 0 0 16 0
466 1379 1375 0 0 0 0 16 0
1445 1380 4321 0 0 0 0 16 0
469 1381 1385 0 0 0 0 16 0
1001 1382 3090 0 0 0 0 16 0
1445 1383 4321 0 0 0 0 16 0
468 1384 1382 0 0 0 0 16 0
470 1385 1388 0 0 0 0 16 0
1002 1386 3094 0 0 0 0 16 0
469 1387 1384 0 0 0 0 16 0
988 1388 3045 0 0 0 0 16 0
1460 1389 4361 0 0 0 0 16 0
2141 1390 5765 0 0 0 0 16 0
758 1391 2321 0 0 0 0 16 0
2141 1392 5764 0 0 0 0 16 0
1978 1393 5442 0 0 0 0 16 0
2143 1394 5769 0 0 0 0 16 0
19 1395 42 0 0 0 0 16 0
1303 1396 4008 0 0 0 0 16 0
1423 1397 4275 0 0 0 0 16 0
1239 1398 3800 0 0 0 0 16 0
1624 1399 4761 0 0 0 0 16 0
1138 1401 3495 0 0 0 0 16 0
2127 1403 5742 0 0 0 0 16 0
79 1404 199 0 0 0 0 16 0
203 1405 589 0 0 0 0 16 0
477 1406 1408 0 0 0 0 16 0
917 1407 2836 0 0 0 0 16 0
204 1408 593 0 0 0 0 16 0
476 1409 1404 0 0 0 0 16 0
478 1410 1412 0 0 0 0 16 0
804 1411 2477 0 0 0 0 16 0
205 1412 597 0 0 0 0 16 0
477 1413 1408 0 0 0 0 16 0
479 1414 1416 0 0 0 0 16 0
1049 1415 3237 0 0 0 0 16 0
206 1416 601 0 0 0 0 16 0
478 1417 1412 0 0 0 0 16 0
480 1418 1420 0 0 0 0 16 0
1005 1419 3102 0 0 0 0 16 0
207 1420 605 0 0 0 0 16 0
479 1421 1416 0 0 0 0 16 0
481 1422 1424 0 0 0 0 16 0
1050 1423 3241 0 0 0 0 16 0
296 1424 863 0 0 0 0 16 0
480 1425 1420 0 0 0 0 16 0
296 1426 863 0 0 0 0 16 0
483 1427 1431 0 0 0 0 16 0
1182 1428 3630 0 0 0 0 16 0
1183 1429 3635 0 0 0 0 16 0
482 1430 1426 0 0 0 0 16 0
1038 1431 3201 0 0 0 0 16 0
1039 1432 3204 0 0 0 0 16 0
485 1433 1434 0 0 0 0 16 0
208 1434 608 0 0 0 0 16 0
486 1436 1438 0 0 0 0 16 0
1042 1437 3212 0 0 0 0 16 0
151 1438 411 0 0 0 0 16 0
209 1439 611 0 0 0 0 16 0
485 1440 1434 0 0 0 0 16 0
668 1441 2034 0 0 0 0 16 0
151 1442 411 0 0 0 0 16 0
210 1443 615 0 0 0 0 16 0
488 1444 1446 0 0 0 0 16 0
1043 1445 3214 0 0 0 0 16 0
211 1446 619 0 0 0 0 16 0
487 1447 1442 0 0 0 0 16 0
581 1448 1747 0 0 0 0 16 0
2092 1449 5680 0 0 0 0 16 0
490 1450 1452 0 0 0 0 16 0
2093 1451 5681 0 0 0 0 16 0
213 1452 627 0 0 0 0 16 0
489 1453 1451 0 0 0 0 16 0
975 1454 2999 0 0 0 0 16 0
992 1455 3058 0 0 0 0 16 0
1046 1456 3225 0 0 0 0 16 0
1494 1457 4437 0 0 0 0 16 0
1511 1458 4479 0 0 0 0 16 0
1659 1459 4833 0 0 0 0 16 0
2020 1460 5544 0 0 0 0 16 0
492 1461 1459 0 0 0 0 16 0
1335 1462 4089 0 0 0 0 16 0
1658 1463 4832 0 0 0 0 16 0
493 1464 1461 0 0 0 0 16 0
15 1465 33 0 0 0 0 16 0
820 1466 2520 0 0 0 0 16 0
1341 1467 4102 0 0 0 0 16 0
158 1469 435 0 0 0 0 16 0
302 1470 877 0 0 0 0 16 0
866 1471 2669 0 0 0 0 16 0
963 1472 2964 0 0 0 0 16 0
302 1473 877 0 0 0 0 16 0
964 1474 2967 0 0 0 0 16 0
1417 1475 4266 0 0 0 0 16 0
499 1476 1479 0 0 0 0 16 0
811 1477 2495 0 0 0 0 16 0
361 1479 1048 0 0 0 0 16 0
498 1480 1477 0 0 0 0 16 0
500 1481 1483 0 0 0 0 16 0
499 1482 1479 0 0 0 0 16 0
1365 1483 4155 0 0 0 0 16 0
1602 1484 4708 0 0 0 0 16 0
502 1485 1489 0 0 0 0 16 0
600 1486 1806 0 0 0 0 16 0
603 1487 1815 0 0 0 0 16 0
501 1488 1486 0 0 0 0 16 0
503 1489 1492 0 0 0 0 16 0
604 1490 1816 0 0 0 0 16 0
502 1491 1488 0 0 0 0 16 0
605 1492 1821 0 0 0 0 16 0
1630 1493 4775 0 0 0 0 16 0
1629 1494 4772 0 0 0 0 16 0
1630 1495 4774 0 0 0 0 16 0
1631 1496 4777 0 0 0 0 16 0
1632 1497 4780 0 0 0 0 16 0
2025 1498 5553 0 0 0 0 16 0
2026 1499 5555 0 0 0 0 16 0
2027 1500 5558 0 0 0 0 16 0
2028 1501 5560 0 0 0 0 16 0
729 1502 2232 0 0 0 0 16 0
1465 1503 4376 0 0 0 0 16 0
1951 1504 5390 0 0 0 0 16 0
2025 1505 5552 0 0 0 0 16 0
508 1506 1510 0 0 0 0 16 0
1465 1507 4375 0 0 0 0 16 0
1466 1508 4378 0 0 0 0 16 0
507 1509 1507 0 0 0 0 16 0
1144 1510 3512 0 0 0 0 16 0
1332 1511 4085 0 0 0 0 16 0
266 1512 770 0 0 0 0 16 0
510 1513 1516 0 0 0 0 16 0
597 1514 1797 0 0 0 0 16 0
1331 1515 4083 0 0 0 0 16 0
267 1516 774 0 0 0 0 16 0
509 1517 1512 0 0 0 0 16 0
511 1518 1521 0 0 0 0 16 0
595 1519 1791 0 0 0 0 16 0
510 1520 1516 0 0 0 0 16 0
512 1521 1524 0 0 0 0 16 0
750 1522 2294 0 0 0 0 16 0
511 1523 1520 0 0 0 0 16 0
513 1524 1527 0 0 0 0 16 0
592 1525 1782 0 0 0 0 16 0
749 1526 2291 0 0 0 0 16 0
401 1527 1179 0 0 0 0 16 0
512 1528 1523 0 0 0 0 16 0
514 1529 1531 0 0 0 0 16 0
748 1530 2288 0 0 0 0 16 0
402 1531 1182 0 0 0 0 16 0
403 1532 1186 0 0 0 0 16 0
513 1533 1527 0 0 0 0 16 0
648 1534 1966 0 0 0 0 16 0
399 1535 1172 0 0 0 0 16 0
403 1536 1186 0 0 0 0 16 0
516 1537 1540 0 0 0 0 16 0
1123 1538 3450 0 0 0 0 16 0
515 1539 1535 0 0 0 0 16 0
517 1540 1542 0 0 0 0 16 0
529 1541 1577 0 0 0 0 16 0
241 1542 708 0 0 0 0 16 0
389 1543 1142 0 0 0 0 16 0
516 1544 1539 0 0 0 0 16 0
529 1545 1576 0 0 0 0 16 0
519 1546 1551 0 0 0 0 16 0
931 1547 2874 0 0 0 0 16 0
1141 1548 3504 0 0 0 0 16 0
1297 1549 3990 0 0 0 0 16 0
518 1550 1547 0 0 0 0 16 0
520 1551 1554 0 0 0 0 16 0
754 1552 2307 0 0 0 0 16 0
519 1553 1550 0 0 0 0 16 0
521 1554 1557 0 0 0 0 16 0
823 1555 2529 0 0 0 0 16 0
520 1556 1553 0 0 0 0 16 0
754 1557 2306 0 0 0 0 16 0
755 1558 2310 0 0 0 0 16 0
235 1559 695 0 0 0 0 16 0
234 1560 692 0 0 0 0 16 0
791 1562 2431 0 0 0 0 16 0
525 1563 1564 0 0 0 0 16 0
58 1564 132 0 0 0 0 16 0
60 1565 138 0 0 0 0 16 0
527 1567 1571 0 0 0 0 16 0
679 1568 2071 0 0 0 0 16 0
901 1569 2779 0 0 0 0 16 0
526 1570 1568 0 0 0 0 16 0
1288 1571 3957 0 0 0 0 16 0
1651 1572 4818 0 0 0 0 16 0
218 1573 643 0 0 0 0 16 0
529 1574 1576 0 0 0 0 16 0
1121 1575 3444 0 0 0 0 16 0
516 1576 1539 0 0 0 0 16 0
517 1577 1542 0 0 0 0 16 0
528 1578 1573 0 0 0 0 16 0
389 1579 1142 0 0 0 0 16 0
450 1580 1323 0 0 0 0 16 0
1405 1581 4239 0 0 0 0 16 0
532 1582 1586 0 0 0 0 16 0
828 1583 2544 0 0 0 0 16 0
1477 1584 4403 0 0 0 0 16 0
531 1585 1583 0 0 0 0 16 0
533 1586 1590 0 0 0 0 16 0
1355 1587 4132 0 0 0 0 16 0
532 1589 1585 0 0 0 0 16 0
1305 1590 4015 0 0 0 0 16 0
1469 1591 4383 0 0 0 0 16 0
1599 1592 4701 0 0 0 0 16 0
2137 1593 5758 0 0 0 0 16 0
536 1594 1596 0 0 0 0 16 0
1599 1595 4700 0 0 0 0 16 0
305 1596 886 0 0 0 0 16 0
535 1597 1595 0 0 0 0 16 0
537 1598 1601 0 0 0 0 16 0
953 1599 2935 0 0 0 0 16 0
536 1600 1596 0 0 0 0 16 0
538 1601 1603 0 0 0 0 16 0
306 1603 889 0 0 0 0 16 0
537 1604 1600 0 0 0 0 16 0
555 1606 1662 0 0 0 0 16 0
538 1607 1603 0 0 0 0 16 0
354 1608 1029 0 0 0 0 16 0
541 1609 1612 0 0 0 0 16 0
1140 1610 3500 0 0 0 0 16 0
540 1611 1608 0 0 0 0 16 0
542 1612 1615 0 0 0 0 16 0
1248 1613 3830 0 0 0 0 16 0
541 1614 1611 0 0 0 0 16 0
543 1615 1619 0 0 0 0 16 0
1248 1616 3830 0 0 0 0 16 0
1283 1617 3943 0 0 0 0 16 0
542 1618 1614 0 0 0 0 16 0
544 1619 1624 0 0 0 0 16 0
1283 1620 3942 0 0 0 0 16 0
2062 1621 5621 0 0 0 0 16 0
2063 1622 5622 0 0 0 0 16 0
543 1623 1618 0 0 0 0 16 0
545 1624 1627 0 0 0 0 16 0
704 1625 2148 0 0 0 0 16 0
705 1626 2153 0 0 0 0 16 0
166 1627 459 0 0 0 0 16 0
544 1628 1623 0 0 0 0 16 0
882 1629 2720 0 0 0 0 16 0
883 1630 2724 0 0 0 0 16 0
166 1631 459 0 0 0 0 16 0
547 1632 1634 0 0 0 0 16 0
897 1633 2766 0 0 0 0 16 0
256 1634 749 0 0 0 0 16 0
546 1635 1631 0 0 0 0 16 0
548 1636 1638 0 0 0 0 16 0
547 1637 1634 0 0 0 0 16 0
550 1638 1644 0 0 0 0 16 0
605 1639 1820 0 0 0 0 16 0
64 1640 151 0 0 0 0 16 0
554 1641 1657 0 0 0 0 16 0
930 1642 2872 0 0 0 0 16 0
548 1643 1637 0 0 0 0 16 0
606 1644 1824 0 0 0 0 16 0
1629 1645 4771 0 0 0 0 16 0
602 1646 1812 0 0 0 0 16 0
1329 1647 4078 0 0 0 0 16 0
1631 1648 4776 0 0 0 0 16 0
553 1649 1654 0 0 0 0 16 0
728 1650 2228 0 0 0 0 16 0
1328 1651 4076 0 0 0 0 16 0
1329 1652 4077 0 0 0 0 16 0
552 1653 1650 0 0 0 0 16 0
554 1654 1657 0 0 0 0 16 0
727 1655 2224 0 0 0 0 16 0
737 1656 2254 0 0 0 0 16 0
65 1657 154 0 0 0 0 16 0
549 1658 1640 0 0 0 0 16 0
553 1659 1653 0 0 0 0 16 0
726 1660 2221 0 0 0 0 16 0
538 1661 1603 0 0 0 0 16 0
1080 1662 3325 0 0 0 0 16 0
116 1663 300 0 0 0 0 16 0
1335 1664 4089 0 0 0 0 16 0
1337 1665 4094 0 0 0 0 16 0
115 1666 297 0 0 0 0 16 0
116 1667 300 0 0 0 0 16 0
558 1668 1670 0 0 0 0 16 0
557 1669 1666 0 0 0 0 16 0
1126 1670 3457 0 0 0 0 16 0
1666 1671 4848 0 0 0 0 16 0
15 1672 33 0 0 0 0 16 0
1665 1673 4845 0 0 0 0 16 0
1666 1674 4847 0 0 0 0 16 0
561 1675 1678 0 0 0 0 16 0
565 1676 1693 0 0 0 0 16 0
140 1678 375 0 0 0 0 16 0
560 1679 1676 0 0 0 0 16 0
562 1680 1683 0 0 0 0 16 0
1295 1681 3983 0 0 0 0 16 0
561 1682 1678 0 0 0 0 16 0
563 1683 1685 0 0 0 0 16 0
1361 1684 4147 0 0 0 0 16 0
141 1685 378 0 0 0 0 16 0
562 1686 1682 0 0 0 0 16 0
564 1687 1689 0 0 0 0 16 0
563 1688 1685 0 0 0 0 16 0
609 1689 1834 0 0 0 0 16 0
610 1690 1837 0 0 0 0 16 0
2075 1691 5648 0 0 0 0 16 0
560 1692 1675 0 0 0 0 16 0
823 1693 2528 0 0 0 0 16 0
1300 1694 3999 0 0 0 0 16 0
1033 1695 3187 0 0 0 0 16 0
1442 1696 4315 0 0 0 0 16 0
1454 1697 4346 0 0 0 0 16 0
566 1698 1695 0 0 0 0 16 0
1032 1699 3184 0 0 0 0 16 0
1447 1700 4326 0 0 0 0 16 0
569 1701 1705 0 0 0 0 16 0
835 1702 2569 0 0 0 0 16 0
1453 1703 4344 0 0 0 0 16 0
568 1704 1702 0 0 0 0 16 0
570 1705 1709 0 0 0 0 16 0
1216 1706 3730 0 0 0 0 16 0
1452 1707 4341 0 0 0 0 16 0
569 1708 1704 0 0 0 0 16 0
1217 1709 3734 0 0 0 0 16 0
1451 1710 4338 0 0 0 0 16 0
572 1711 1715 0 0 0 0 16 0
818 1712 2516 0 0 0 0 16 0
571 1714 1712 0 0 0 0 16 0
573 1715 1719 0 0 0 0 16 0
1012 1716 3126 0 0 0 0 16 0
1200 1717 3684 0 0 0 0 16 0
572 1718 1714 0 0 0 0 16 0
1196 1719 3672 0 0 0 0 16 0
1223 1720 3754 0 0 0 0 16 0
575 1721 1725 0 0 0 0 16 0
961 1722 2960 0 0 0 0 16 0
1394 1723 4216 0 0 0 0 16 0
574 1724 1722 0 0 0 0 16 0
1118 1725 3435 0 0 0 0 16 0
577 1727 1731 0 0 0 0 16 0
1102 1728 3387 0 0 0 0 16 0
1232 1729 3781 0 0 0 0 16 0
576 1730 1728 0 0 0 0 16 0
1103 1731 3390 0 0 0 0 16 0
1137 1732 3492 0 0 0 0 16 0
579 1734 1738 0 0 0 0 16 0
1104 1735 3392 0 0 0 0 16 0
1152 1736 3538 0 0 0 0 16 0
188 1738 533 0 0 0 0 16 0
578 1739 1735 0 0 0 0 16 0
784 1740 2408 0 0 0 0 16 0
785 1741 2412 0 0 0 0 16 0
188 1742 533 0 0 0 0 16 0
581 1743 1746 0 0 0 0 16 0
1105 1744 3396 0 0 0 0 16 0
1258 1745 3861 0 0 0 0 16 0
488 1746 1446 0 0 0 0 16 0
580 1747 1742 0 0 0 0 16 0
1043 1748 3214 0 0 0 0 16 0
1044 1749 3219 0 0 0 0 16 0
45 1750 91 0 0 0 0 16 0
211 1751 619 0 0 0 0 16 0
1578 1752 4653 0 0 0 0 16 0
47 1753 97 0 0 0 0 16 0
584 1754 1757 0 0 0 0 16 0
1107 1755 3403 0 0 0 0 16 0
1578 1756 4652 0 0 0 0 16 0
48 1757 100 0 0 0 0 16 0
583 1758 1753 0 0 0 0 16 0
1108 1759 3407 0 0 0 0 16 0
239 1760 702 0 0 0 0 16 0
586 1761 1765 0 0 0 0 16 0
869 1762 2677 0 0 0 0 16 0
2050 1763 5600 0 0 0 0 16 0
585 1764 1760 0 0 0 0 16 0
732 1765 2240 0 0 0 0 16 0
2030 1766 5563 0 0 0 0 16 0
293 1767 857 0 0 0 0 16 0
445 1768 1310 0 0 0 0 16 0
741 1769 2266 0 0 0 0 16 0
665 1770 2022 0 0 0 0 16 0
885 1771 2732 0 0 0 0 16 0
1151 1772 3535 0 0 0 0 16 0
590 1773 1774 0 0 0 0 16 0
390 1774 1145 0 0 0 0 16 0
1276 1776 3918 0 0 0 0 16 0
390 1777 1145 0 0 0 0 16 0
391 1778 1148 0 0 0 0 16 0
919 1779 2844 0 0 0 0 16 0
1987 1780 5462 0 0 0 0 16 0
512 1781 1523 0 0 0 0 16 0
593 1782 1784 0 0 0 0 16 0
1051 1783 3243 0 0 0 0 16 0
240 1784 706 0 0 0 0 16 0
592 1785 1781 0 0 0 0 16 0
594 1786 1788 0 0 0 0 16 0
593 1787 1784 0 0 0 0 16 0
595 1788 1790 0 0 0 0 16 0
790 1789 2429 0 0 0 0 16 0
510 1790 1516 0 0 0 0 16 0
594 1791 1787 0 0 0 0 16 0
596 1792 1794 0 0 0 0 16 0
595 1793 1790 0 0 0 0 16 0
597 1794 1796 0 0 0 0 16 0
509 1796 1512 0 0 0 0 16 0
596 1797 1793 0 0 0 0 16 0
1425 1798 4280 0 0 0 0 16 0
599 1799 1802 0 0 0 0 16 0
1067 1800 3291 0 0 0 0 16 0
1389 1801 4206 0 0 0 0 16 0
139 1802 371 0 0 0 0 16 0
598 1803 1800 0 0 0 0 16 0
1067 1804 3290 0 0 0 0 16 0
501 1805 1485 0 0 0 0 16 0
601 1806 1809 0 0 0 0 16 0
734 1807 2245 0 0 0 0 16 0
600 1808 1805 0 0 0 0 16 0
602 1809 1811 0 0 0 0 16 0
735 1810 2247 0 0 0 0 16 0
551 1811 1647 0 0 0 0 16 0
601 1812 1808 0 0 0 0 16 0
736 1813 2250 0 0 0 0 16 0
501 1814 1485 0 0 0 0 16 0
604 1815 1816 0 0 0 0 16 0
165 1816 456 0 0 0 0 16 0
502 1817 1488 0 0 0 0 16 0
603 1818 1814 0 0 0 0 16 0
605 1819 1820 0 0 0 0 16 0
503 1820 1491 0 0 0 0 16 0
548 1821 1637 0 0 0 0 16 0
604 1822 1816 0 0 0 0 16 0
550 1823 1643 0 0 0 0 16 0
1953 1825 5396 0 0 0 0 16 0
884 1826 2729 0 0 0 0 16 0
1633 1827 4781 0 0 0 0 16 0
1980 1828 5448 0 0 0 0 16 0
2070 1829 5635 0 0 0 0 16 0
246 1830 725 0 0 0 0 16 0
1251 1831 3840 0 0 0 0 16 0
1406 1832 4242 0 0 0 0 16 0
564 1833 1688 0 0 0 0 16 0
1361 1834 4146 0 0 0 0 16 0
1437 1835 4306 0 0 0 0 16 0
564 1836 1688 0 0 0 0 16 0
611 1837 1841 0 0 0 0 16 0
970 1838 2981 0 0 0 0 16 0
1309 1839 4030 0 0 0 0 16 0
610 1840 1836 0 0 0 0 16 0
1324 1841 4068 0 0 0 0 16 0
1433 1842 4297 0 0 0 0 16 0
1252 1844 3843 0 0 0 0 16 0
612 1847 1844 0 0 0 0 16 0
81 1848 207 0 0 0 0 16 0
202 1849 585 0 0 0 0 16 0
1566 1850 4621 0 0 0 0 16 0
82 1851 210 0 0 0 0 16 0
184 1852 518 0 0 0 0 16 0
1566 1853 4620 0 0 0 0 16 0
85 1854 219 0 0 0 0 16 0
184 1855 518 0 0 0 0 16 0
617 1856 1858 0 0 0 0 16 0
1226 1857 3763 0 0 0 0 16 0
86 1858 222 0 0 0 0 16 0
448 1859 1319 0 0 0 0 16 0
616 1860 1854 0 0 0 0 16 0
1895 1861 5272 0 0 0 0 16 0
89 1862 231 0 0 0 0 16 0
388 1863 1138 0 0 0 0 16 0
1896 1865 5274 0 0 0 0 16 0
94 1866 247 0 0 0 0 16 0
1018 1867 3143 0 0 0 0 16 0
1545 1868 4566 0 0 0 0 16 0
1907 1869 5296 0 0 0 0 16 0
96 1870 251 0 0 0 0 16 0
621 1871 1874 0 0 0 0 16 0
1165 1872 3581 0 0 0 0 16 0
1908 1873 5298 0 0 0 0 16 0
97 1874 254 0 0 0 0 16 0
620 1875 1870 0 0 0 0 16 0
771 1876 2366 0 0 0 0 16 0
1314 1877 4044 0 0 0 0 16 0
98 1878 258 0 0 0 0 16 0
99 1879 261 0 0 0 0 16 0
623 1880 1882 0 0 0 0 16 0
1315 1881 4048 0 0 0 0 16 0
100 1882 265 0 0 0 0 16 0
622 1883 1878 0 0 0 0 16 0
624 1884 1886 0 0 0 0 16 0
1098 1885 3373 0 0 0 0 16 0
316 1886 925 0 0 0 0 16 0
623 1887 1882 0 0 0 0 16 0
625 1888 1890 0 0 0 0 16 0
1293 1889 3976 0 0 0 0 16 0
317 1890 926 0 0 0 0 16 0
624 1891 1886 0 0 0 0 16 0
1088 1892 3349 0 0 0 0 16 0
1609 1893 4727 0 0 0 0 16 0
627 1894 1897 0 0 0 0 16 0
1022 1895 3155 0 0 0 0 16 0
1609 1896 4726 0 0 0 0 16 0
319 1897 930 0 0 0 0 16 0
626 1898 1895 0 0 0 0 16 0
628 1899 1900 0 0 0 0 16 0
320 1900 932 0 0 0 0 16 0
627 1901 1897 0 0 0 0 16 0
629 1902 1904 0 0 0 0 16 0
628 1903 1900 0 0 0 0 16 0
630 1904 1906 0 0 0 0 16 0
891 1905 2747 0 0 0 0 16 0
322 1906 936 0 0 0 0 16 0
629 1907 1903 0 0 0 0 16 0
631 1908 1910 0 0 0 0 16 0
630 1909 1906 0 0 0 0 16 0
632 1910 1912 0 0 0 0 16 0
1061 1911 3270 0 0 0 0 16 0
324 1912 940 0 0 0 0 16 0
631 1913 1909 0 0 0 0 16 0
633 1914 1916 0 0 0 0 16 0
731 1915 2237 0 0 0 0 16 0
325 1916 943 0 0 0 0 16 0
632 1917 1912 0 0 0 0 16 0
954 1918 2938 0 0 0 0 16 0
2021 1919 5547 0 0 0 0 16 0
635 1920 1921 0 0 0 0 16 0
74 1921 181 0 0 0 0 16 0
636 1923 1925 0 0 0 0 16 0
1155 1924 3550 0 0 0 0 16 0
75 1925 184 0 0 0 0 16 0
197 1926 567 0 0 0 0 16 0
635 1927 1921 0 0 0 0 16 0
787 1928 2420 0 0 0 0 16 0
196 1929 563 0 0 0 0 16 0
197 1930 567 0 0 0 0 16 0
638 1931 1933 0 0 0 0 16 0
1620 1932 4753 0 0 0 0 16 0
78 1933 195 0 0 0 0 16 0
637 1934 1929 0 0 0 0 16 0
1048 1935 3233 0 0 0 0 16 0
2122 1936 5734 0 0 0 0 16 0
126 1937 333 0 0 0 0 16 0
156 1938 429 0 0 0 0 16 0
671 1939 2045 0 0 0 0 16 0
49 1940 104 0 0 0 0 16 0
174 1941 482 0 0 0 0 16 0
641 1942 1944 0 0 0 0 16 0
1262 1943 3873 0 0 0 0 16 0
175 1944 486 0 0 0 0 16 0
640 1945 1940 0 0 0 0 16 0
978 1946 3009 0 0 0 0 16 0
650 1947 1972 0 0 0 0 16 0
818 1948 2516 0 0 0 0 16 0
1199 1949 3681 0 0 0 0 16 0
215 1950 635 0 0 0 0 16 0
644 1951 1954 0 0 0 0 16 0
742 1952 2270 0 0 0 0 16 0
643 1953 1950 0 0 0 0 16 0
645 1954 1957 0 0 0 0 16 0
1070 1955 3297 0 0 0 0 16 0
644 1956 1953 0 0 0 0 16 0
646 1957 1960 0 0 0 0 16 0
845 1958 2603 0 0 0 0 16 0
645 1959 1956 0 0 0 0 16 0
647 1960 1962 0 0 0 0 16 0
1122 1961 3447 0 0 0 0 16 0
402 1962 1182 0 0 0 0 16 0
646 1963 1959 0 0 0 0 16 0
1122 1964 3446 0 0 0 0 16 0
514 1965 1531 0 0 0 0 16 0
649 1966 1968 0 0 0 0 16 0
748 1967 2287 0 0 0 0 16 0
399 1968 1172 0 0 0 0 16 0
400 1969 1176 0 0 0 0 16 0
648 1970 1965 0 0 0 0 16 0
1308 1971 4026 0 0 0 0 16 0
254 1972 743 0 0 0 0 16 0
642 1973 1948 0 0 0 0 16 0
1406 1974 4242 0 0 0 0 16 0
367 1975 1064 0 0 0 0 16 0
405 1976 1193 0 0 0 0 16 0
850 1977 2615 0 0 0 0 16 0
1085 1978 3339 0 0 0 0 16 0
274 1979 795 0 0 0 0 16 0
777 1980 2390 0 0 0 0 16 0
1745 1981 5000 0 0 0 0 16 0
1764 1982 5035 0 0 0 0 16 0
276 1983 803 0 0 0 0 16 0
654 1984 1987 0 0 0 0 16 0
853 1985 2624 0 0 0 0 16 0
1764 1986 5035 0 0 0 0 16 0
277 1987 807 0 0 0 0 16 0
653 1988 1983 0 0 0 0 16 0
1696 1989 4908 0 0 0 0 16 0
1697 1990 4911 0 0 0 0 16 0
278 1991 811 0 0 0 0 16 0
1696 1992 4907 0 0 0 0 16 0
279 1993 814 0 0 0 0 16 0
655 1994 1991 0 0 0 0 16 0
657 1995 1998 0 0 0 0 16 0
856 1996 2635 0 0 0 0 16 0
656 1997 1993 0 0 0 0 16 0
658 1998 2002 0 0 0 0 16 0
1865 1999 5212 0 0 0 0 16 0
1870 2000 5222 0 0 0 0 16 0
657 2001 1997 0 0 0 0 16 0
659 2002 2005 0 0 0 0 16 0
1869 2003 5220 0 0 0 0 16 0
1874 2004 5230 0 0 0 0 16 0
280 2005 818 0 0 0 0 16 0
658 2006 2001 0 0 0 0 16 0
660 2007 2009 0 0 0 0 16 0
860 2008 2647 0 0 0 0 16 0
281 2009 822 0 0 0 0 16 0
659 2010 2005 0 0 0 0 16 0
707 2011 2159 0 0 0 0 16 0
1112 2012 3419 0 0 0 0 16 0
1557 2013 4597 0 0 0 0 16 0
846 2014 2606 0 0 0 0 16 0
1139 2015 3498 0 0 0 0 16 0
1557 2016 4596 0 0 0 0 16 0
1962 2017 5411 0 0 0 0 16 0
2145 2018 5773 0 0 0 0 16 0
665 2019 2022 0 0 0 0 16 0
1136 2020 3489 0 0 0 0 16 0
2129 2021 5745 0 0 0 0 16 0
146 2022 391 0 0 0 0 16 0
588 2023 1771 0 0 0 0 16 0
664 2024 2020 0 0 0 0 16 0
666 2025 2026 0 0 0 0 16 0
147 2026 395 0 0 0 0 16 0
186 2027 525 0 0 0 0 16 0
665 2028 2022 0 0 0 0 16 0
783 2029 2404 0 0 0 0 16 0
149 2030 403 0 0 0 0 16 0
186 2031 525 0 0 0 0 16 0
668 2032 2034 0 0 0 0 16 0
1257 2033 3857 0 0 0 0 16 0
150 2034 407 0 0 0 0 16 0
486 2035 1438 0 0 0 0 16 0
667 2036 2030 0 0 0 0 16 0
1042 2037 3211 0 0 0 0 16 0
153 2038 418 0 0 0 0 16 0
209 2039 611 0 0 0 0 16 0
1581 2040 4662 0 0 0 0 16 0
154 2041 421 0 0 0 0 16 0
671 2042 2045 0 0 0 0 16 0
1285 2043 3948 0 0 0 0 16 0
1581 2044 4661 0 0 0 0 16 0
155 2045 425 0 0 0 0 16 0
639 2046 1937 0 0 0 0 16 0
670 2047 2041 0 0 0 0 16 0
1261 2048 3872 0 0 0 0 16 0
303 2049 880 0 0 0 0 16 0
304 2050 883 0 0 0 0 16 0
673 2051 2053 0 0 0 0 16 0
1421 2052 4271 0 0 0 0 16 0
672 2054 2049 0 0 0 0 16 0
352 2055 1024 0 0 0 0 16 0
675 2056 2058 0 0 0 0 16 0
53 2058 116 0 0 0 0 16 0
674 2059 2055 0 0 0 0 16 0
676 2060 2061 0 0 0 0 16 0
54 2061 119 0 0 0 0 16 0
366 2062 1060 0 0 0 0 16 0
675 2063 2058 0 0 0 0 16 0
334 2064 968 0 0 0 0 16 0
678 2065 2067 0 0 0 0 16 0
923 2066 2855 0 0 0 0 16 0
334 2067 967 0 0 0 0 16 0
677 2068 2064 0 0 0 0 16 0
679 2069 2070 0 0 0 0 16 0
526 2070 1567 0 0 0 0 16 0
678 2071 2067 0 0 0 0 16 0
1650 2072 4816 0 0 0 0 16 0
681 2073 2077 0 0 0 0 16 0
686 2074 2094 0 0 0 0 16 0
851 2075 2619 0 0 0 0 16 0
680 2076 2074 0 0 0 0 16 0
682 2077 2081 0 0 0 0 16 0
688 2078 2099 0 0 0 0 16 0
933 2079 2881 0 0 0 0 16 0
681 2080 2076 0 0 0 0 16 0
696 2081 2121 0 0 0 0 16 0
1854 2082 5190 0 0 0 0 16 0
1990 2083 5470 0 0 0 0 16 0
1386 2084 4199 0 0 0 0 16 0
1700 2085 4919 0 0 0 0 16 0
1821 2086 5124 0 0 0 0 16 0
949 2087 2924 0 0 0 0 16 0
1702 2088 4923 0 0 0 0 16 0
1996 2089 5486 0 0 0 0 16 0
697 2090 2125 0 0 0 0 16 0
1109 2091 3412 0 0 0 0 16 0
1997 2092 5490 0 0 0 0 16 0
680 2093 2073 0 0 0 0 16 0
687 2094 2097 0 0 0 0 16 0
777 2095 2389 0 0 0 0 16 0
686 2096 2093 0 0 0 0 16 0
688 2097 2099 0 0 0 0 16 0
1230 2098 3775 0 0 0 0 16 0
295 2099 861 0 0 0 0 16 0
681 2100 2076 0 0 0 0 16 0
687 2101 2096 0 0 0 0 16 0
1185 2102 3642 0 0 0 0 16 0
1386 2103 4198 0 0 0 0 16 0
2097 2106 5690 0 0 0 0 16 0
70 2107 172 0 0 0 0 16 0
1391 2108 4210 0 0 0 0 16 0
742 2109 2269 0 0 0 0 16 0
743 2110 2273 0 0 0 0 16 0
1598 2111 4699 0 0 0 0 16 0
378 2112 1102 0 0 0 0 16 0
693 2113 2115 0 0 0 0 16 0
692 2114 2112 0 0 0 0 16 0
827 2115 2540 0 0 0 0 16 0
959 2116 2954 0 0 0 0 16 0
2015 2117 5536 0 0 0 0 16 0
372 2118 1081 0 0 0 0 16 0
407 2119 1199 0 0 0 0 16 0
682 2120 2080 0 0 0 0 16 0
933 2121 2880 0 0 0 0 16 0
934 2122 2885 0 0 0 0 16 0
1704 2123 4926 0 0 0 0 16 0
685 2124 2091 0 0 0 0 16 0
698 2125 2129 0 0 0 0 16 0
1709 2126 4934 0 0 0 0 16 0
2000 2127 5501 0 0 0 0 16 0
697 2128 2124 0 0 0 0 16 0
1175 2129 3610 0 0 0 0 16 0
2008 2130 5521 0 0 0 0 16 0
700 2131 2134 0 0 0 0 16 0
1413 2132 4258 0 0 0 0 16 0
2006 2133 5516 0 0 0 0 16 0
169 2134 469 0 0 0 0 16 0
699 2135 2132 0 0 0 0 16 0
1380 2136 4186 0 0 0 0 16 0
702 2137 2142 0 0 0 0 16 0
1380 2138 4185 0 0 0 0 16 0
1723 2139 4958 0 0 0 0 16 0
701 2141 2138 0 0 0 0 16 0
1055 2142 3255 0 0 0 0 16 0
356 2144 1035 0 0 0 0 16 0
412 2145 1214 0 0 0 0 16 0
881 2146 2718 0 0 0 0 16 0
1250 2147 3838 0 0 0 0 16 0
412 2148 1214 0 0 0 0 16 0
544 2149 1623 0 0 0 0 16 0
882 2150 2720 0 0 0 0 16 0
1281 2151 3936 0 0 0 0 16 0
544 2152 1623 0 0 0 0 16 0
706 2153 2156 0 0 0 0 16 0
759 2154 2324 0 0 0 0 16 0
705 2155 2152 0 0 0 0 16 0
883 2156 2724 0 0 0 0 16 0
1654 2157 4822 0 0 0 0 16 0
660 2158 2009 0 0 0 0 16 0
861 2159 2651 0 0 0 0 16 0
862 2160 2653 0 0 0 0 16 0
1778 2161 5059 0 0 0 0 16 0
358 2162 1039 0 0 0 0 16 0
709 2163 2167 0 0 0 0 16 0
1084 2164 3336 0 0 0 0 16 0
1778 2165 5058 0 0 0 0 16 0
708 2166 2162 0 0 0 0 16 0
709 2169 2166 0 0 0 0 16 0
108 2170 282 0 0 0 0 16 0
712 2171 2175 0 0 0 0 16 0
912 2172 2819 0 0 0 0 16 0
913 2173 2822 0 0 0 0 16 0
711 2174 2170 0 0 0 0 16 0
1062 2175 3273 0 0 0 0 16 0
1083 2176 3333 0 0 0 0 16 0
54 2177 119 0 0 0 0 16 0
375 2178 1091 0 0 0 0 16 0
825 2179 2535 0 0 0 0 16 0
418 2180 1233 0 0 0 0 16 0
1356 2181 4135 0 0 0 0 16 0
61 2183 141 0 0 0 0 16 0
62 2184 145 0 0 0 0 16 0
762 2185 2334 0 0 0 0 16 0
717 2186 2190 0 0 0 0 16 0
966 2187 2971 0 0 0 0 16 0
1474 2188 4396 0 0 0 0 16 0
716 2189 2187 0 0 0 0 16 0
718 2190 2194 0 0 0 0 16 0
981 2191 3019 0 0 0 0 16 0
996 2192 3072 0 0 0 0 16 0
717 2193 2189 0 0 0 0 16 0
719 2194 2198 0 0 0 0 16 0
768 2195 2355 0 0 0 0 16 0
981 2196 3018 0 0 0 0 16 0
718 2197 2193 0 0 0 0 16 0
720 2198 2202 0 0 0 0 16 0
982 2199 3022 0 0 0 0 16 0
997 2200 3076 0 0 0 0 16 0
719 2201 2197 0 0 0 0 16 0
721 2202 2206 0 0 0 0 16 0
983 2203 3027 0 0 0 0 16 0
998 2204 3079 0 0 0 0 16 0
720 2205 2201 0 0 0 0 16 0
985 2206 3034 0 0 0 0 16 0
1000 2207 3086 0 0 0 0 16 0
1449 2208 4332 0 0 0 0 16 0
986 2209 3037 0 0 0 0 16 0
1449 2210 4331 0 0 0 0 16 0
994 2211 3064 0 0 0 0 16 0
1576 2212 4646 0 0 0 0 16 0
161 2213 444 0 0 0 0 16 0
176 2214 490 0 0 0 0 16 0
979 2215 3011 0 0 0 0 16 0
995 2216 3067 0 0 0 0 16 0
61 2217 141 0 0 0 0 16 0
1358 2218 4141 0 0 0 0 16 0
1359 2219 4143 0 0 0 0 16 0
554 2220 1657 0 0 0 0 16 0
1358 2221 4140 0 0 0 0 16 0
1628 2222 4770 0 0 0 0 16 0
553 2223 1653 0 0 0 0 16 0
736 2224 2249 0 0 0 0 16 0
1328 2225 4075 0 0 0 0 16 0
1628 2226 4769 0 0 0 0 16 0
552 2227 1649 0 0 0 0 16 0
737 2228 2253 0 0 0 0 16 0
1726 2229 4963 0 0 0 0 16 0
2028 2230 5559 0 0 0 0 16 0
506 2231 1503 0 0 0 0 16 0
1726 2232 4962 0 0 0 0 16 0
2069 2233 5633 0 0 0 0 16 0
731 2234 2236 0 0 0 0 16 0
809 2235 2491 0 0 0 0 16 0
632 2236 1912 0 0 0 0 16 0
730 2237 2235 0 0 0 0 16 0
954 2238 2937 0 0 0 0 16 0
586 2239 1764 0 0 0 0 16 0
937 2241 2894 0 0 0 0 16 0
1068 2242 3294 0 0 0 0 16 0
732 2243 2239 0 0 0 0 16 0
600 2244 1805 0 0 0 0 16 0
735 2245 2246 0 0 0 0 16 0
601 2246 1808 0 0 0 0 16 0
734 2247 2244 0 0 0 0 16 0
736 2248 2249 0 0 0 0 16 0
602 2249 1811 0 0 0 0 16 0
727 2250 2223 0 0 0 0 16 0
735 2251 2246 0 0 0 0 16 0
1628 2252 4769 0 0 0 0 16 0
553 2253 1653 0 0 0 0 16 0
728 2254 2227 0 0 0 0 16 0
738 2255 2257 0 0 0 0 16 0
737 2256 2253 0 0 0 0 16 0
1463 2257 4369 0 0 0 0 16 0
1635 2258 4786 0 0 0 0 16 0
1636 2259 4788 0 0 0 0 16 0
351 2260 1023 0 0 0 0 16 0
740 2261 2263 0 0 0 0 16 0
961 2262 2959 0 0 0 0 16 0
70 2263 171 0 0 0 0 16 0
739 2264 2260 0 0 0 0 16 0
1078 2265 3320 0 0 0 0 16 0
35 2266 72 0 0 0 0 16 0
447 2267 1317 0 0 0 0 16 0
587 2268 1767 0 0 0 0 16 0
643 2269 1950 0 0 0 0 16 0
691 2270 2110 0 0 0 0 16 0
691 2272 2109 0 0 0 0 16 0
744 2273 2276 0 0 0 0 16 0
1079 2274 3322 0 0 0 0 16 0
743 2275 2272 0 0 0 0 16 0
745 2276 2279 0 0 0 0 16 0
1119 2277 3438 0 0 0 0 16 0
744 2278 2275 0 0 0 0 16 0
746 2279 2282 0 0 0 0 16 0
845 2280 2602 0 0 0 0 16 0
745 2281 2278 0 0 0 0 16 0
747 2282 2284 0 0 0 0 16 0
845 2283 2602 0 0 0 0 16 0
401 2284 1179 0 0 0 0 16 0
746 2285 2281 0 0 0 0 16 0
1051 2286 3243 0 0 0 0 16 0
513 2287 1527 0 0 0 0 16 0
648 2288 1965 0 0 0 0 16 0
749 2289 2290 0 0 0 0 16 0
512 2290 1523 0 0 0 0 16 0
748 2291 2287 0 0 0 0 16 0
750 2292 2293 0 0 0 0 16 0
511 2293 1520 0 0 0 0 16 0
749 2294 2290 0 0 0 0 16 0
751 2295 2297 0 0 0 0 16 0
750 2296 2293 0 0 0 0 16 0
752 2297 2299 0 0 0 0 16 0
1308 2298 4026 0 0 0 0 16 0
128 2299 340 0 0 0 0 16 0
268 2300 778 0 0 0 0 16 0
751 2301 2296 0 0 0 0 16 0
268 2302 778 0 0 0 0 16 0
754 2303 2306 0 0 0 0 16 0
1156 2304 3553 0 0 0 0 16 0
1297 2305 3989 0 0 0 0 16 0
519 2306 1550 0 0 0 0 16 0
521 2307 1556 0 0 0 0 16 0
753 2308 2302 0 0 0 0 16 0
521 2309 1556 0 0 0 0 16 0
839 2310 2584 0 0 0 0 16 0
840 2311 2588 0 0 0 0 16 0
1426 2312 4283 0 0 0 0 16 0
757 2313 2318 0 0 0 0 16 0
1158 2314 3562 0 0 0 0 16 0
1307 2315 4024 0 0 0 0 16 0
1428 2316 4287 0 0 0 0 16 0
756 2317 2314 0 0 0 0 16 0
758 2318 2320 0 0 0 0 16 0
1437 2319 4305 0 0 0 0 16 0
471 2320 1392 0 0 0 0 16 0
757 2321 2317 0 0 0 0 16 0
988 2322 3044 0 0 0 0 16 0
705 2323 2152 0 0 0 0 16 0
761 2324 2330 0 0 0 0 16 0
1150 2325 3532 0 0 0 0 16 0
761 2326 2329 0 0 0 0 16 0
894 2327 2756 0 0 0 0 16 0
938 2328 2896 0 0 0 0 16 0
759 2329 2323 0 0 0 0 16 0
760 2330 2327 0 0 0 0 16 0
895 2331 2760 0 0 0 0 16 0
938 2332 2895 0 0 0 0 16 0
715 2333 2183 0 0 0 0 16 0
763 2334 2337 0 0 0 0 16 0
829 2335 2547 0 0 0 0 16 0
762 2336 2333 0 0 0 0 16 0
764 2337 2340 0 0 0 0 16 0
1356 2338 4134 0 0 0 0 16 0
763 2339 2336 0 0 0 0 16 0
765 2340 2343 0 0 0 0 16 0
807 2341 2487 0 0 0 0 16 0
829 2342 2546 0 0 0 0 16 0
311 2343 906 0 0 0 0 16 0
396 2344 1164 0 0 0 0 16 0
764 2345 2339 0 0 0 0 16 0
313 2346 913 0 0 0 0 16 0
396 2347 1164 0 0 0 0 16 0
767 2348 2350 0 0 0 0 16 0
843 2349 2596 0 0 0 0 16 0
314 2350 917 0 0 0 0 16 0
315 2351 921 0 0 0 0 16 0
766 2352 2346 0 0 0 0 16 0
1272 2353 3907 0 0 0 0 16 0
718 2354 2193 0 0 0 0 16 0
996 2355 3071 0 0 0 0 16 0
997 2356 3075 0 0 0 0 16 0
339 2358 984 0 0 0 0 16 0
1162 2359 3571 0 0 0 0 16 0
1503 2360 4462 0 0 0 0 16 0
771 2361 2365 0 0 0 0 16 0
1164 2362 3577 0 0 0 0 16 0
1311 2363 4038 0 0 0 0 16 0
1730 2364 4971 0 0 0 0 16 0
621 2365 1874 0 0 0 0 16 0
770 2366 2362 0 0 0 0 16 0
1165 2367 3580 0 0 0 0 16 0
1314 2368 4043 0 0 0 0 16 0
97 2369 254 0 0 0 0 16 0
773 2370 2374 0 0 0 0 16 0
872 2371 2687 0 0 0 0 16 0
873 2372 2691 0 0 0 0 16 0
772 2373 2369 0 0 0 0 16 0
774 2374 2378 0 0 0 0 16 0
905 2375 2793 0 0 0 0 16 0
1736 2376 4982 0 0 0 0 16 0
773 2377 2373 0 0 0 0 16 0
775 2378 2382 0 0 0 0 16 0
794 2379 2441 0 0 0 0 16 0
795 2380 2445 0 0 0 0 16 0
774 2381 2377 0 0 0 0 16 0
776 2382 2385 0 0 0 0 16 0
1130 2383 3469 0 0 0 0 16 0
1747 2384 5004 0 0 0 0 16 0
274 2385 795 0 0 0 0 16 0
775 2386 2381 0 0 0 0 16 0
1244 2387 3815 0 0 0 0 16 0
1245 2388 3819 0 0 0 0 16 0
652 2389 1979 0 0 0 0 16 0
686 2390 2093 0 0 0 0 16 0
1926 2391 5333 0 0 0 0 16 0
35 2392 71 0 0 0 0 16 0
293 2393 856 0 0 0 0 16 0
1068 2394 3293 0 0 0 0 16 0
1381 2395 4188 0 0 0 0 16 0
1382 2396 4191 0 0 0 0 16 0
1932 2397 5344 0 0 0 0 16 0
350 2398 1020 0 0 0 0 16 0
410 2399 1208 0 0 0 0 16 0
2043 2400 5584 0 0 0 0 16 0
130 2401 344 0 0 0 0 16 0
1235 2402 3789 0 0 0 0 16 0
783 2403 2404 0 0 0 0 16 0
185 2404 522 0 0 0 0 16 0
666 2405 2026 0 0 0 0 16 0
1151 2407 3534 0 0 0 0 16 0
147 2408 395 0 0 0 0 16 0
187 2409 529 0 0 0 0 16 0
579 2410 1738 0 0 0 0 16 0
1104 2411 3392 0 0 0 0 16 0
189 2412 537 0 0 0 0 16 0
579 2413 1738 0 0 0 0 16 0
1152 2414 3537 0 0 0 0 16 0
1950 2415 5386 0 0 0 0 16 0
23 2416 51 0 0 0 0 16 0
194 2417 555 0 0 0 0 16 0
1153 2418 3541 0 0 0 0 16 0
1934 2419 5349 0 0 0 0 16 0
196 2420 563 0 0 0 0 16 0
636 2421 1925 0 0 0 0 16 0
1155 2422 3549 0 0 0 0 16 0
1934 2423 5349 0 0 0 0 16 0
789 2424 2425 0 0 0 0 16 0
298 2425 870 0 0 0 0 16 0
1260 2427 3867 0 0 0 0 16 0
594 2428 1787 0 0 0 0 16 0
1143 2429 3509 0 0 0 0 16 0
1395 2430 4218 0 0 0 0 16 0
231 2431 683 0 0 0 0 16 0
523 2432 1560 0 0 0 0 16 0
805 2434 2480 0 0 0 0 16 0
1563 2435 4612 0 0 0 0 16 0
904 2436 2788 0 0 0 0 16 0
1129 2437 3465 0 0 0 0 16 0
1967 2438 5421 0 0 0 0 16 0
1970 2439 5427 0 0 0 0 16 0
774 2440 2377 0 0 0 0 16 0
1529 2441 4519 0 0 0 0 16 0
1735 2442 4980 0 0 0 0 16 0
1742 2443 4994 0 0 0 0 16 0
774 2444 2377 0 0 0 0 16 0
796 2445 2449 0 0 0 0 16 0
905 2446 2792 0 0 0 0 16 0
1130 2447 3468 0 0 0 0 16 0
795 2448 2444 0 0 0 0 16 0
797 2449 2453 0 0 0 0 16 0
906 2450 2797 0 0 0 0 16 0
1131 2451 3473 0 0 0 0 16 0
796 2452 2448 0 0 0 0 16 0
907 2453 2801 0 0 0 0 16 0
1132 2454 3477 0 0 0 0 16 0
1604 2455 4714 0 0 0 0 16 0
799 2456 2460 0 0 0 0 16 0
908 2457 2804 0 0 0 0 16 0
1604 2458 4713 0 0 0 0 16 0
798 2459 2457 0 0 0 0 16 0
909 2460 2808 0 0 0 0 16 0
1133 2461 3480 0 0 0 0 16 0
1887 2462 5256 0 0 0 0 16 0
801 2463 2468 0 0 0 0 16 0
910 2464 2812 0 0 0 0 16 0
1134 2465 3485 0 0 0 0 16 0
1888 2466 5258 0 0 0 0 16 0
800 2467 2464 0 0 0 0 16 0
912 2468 2818 0 0 0 0 16 0
1062 2469 3272 0 0 0 0 16 0
803 2471 2473 0 0 0 0 16 0
804 2473 2476 0 0 0 0 16 0
916 2474 2833 0 0 0 0 16 0
1076 2475 3314 0 0 0 0 16 0
477 2476 1408 0 0 0 0 16 0
803 2477 2472 0 0 0 0 16 0
917 2478 2836 0 0 0 0 16 0
1049 2479 3236 0 0 0 0 16 0
204 2480 593 0 0 0 0 16 0
1128 2481 3462 0 0 0 0 16 0
1562 2482 4610 0 0 0 0 16 0
387 2483 1134 0 0 0 0 16 0
1010 2484 3118 0 0 0 0 16 0
1897 2485 5276 0 0 0 0 16 0
764 2486 2339 0 0 0 0 16 0
828 2487 2543 0 0 0 0 16 0
1355 2488 4131 0 0 0 0 16 0
1479 2489 4407 0 0 0 0 16 0
932 2490 2878 0 0 0 0 16 0
36 2491 74 0 0 0 0 16 0
120 2492 313 0 0 0 0 16 0
813 2493 2501 0 0 0 0 16 0
842 2494 2594 0 0 0 0 16 0
120 2495 313 0 0 0 0 16 0
498 2496 1476 0 0 0 0 16 0
1678 2497 4870 0 0 0 0 16 0
813 2498 2501 0 0 0 0 16 0
815 2499 2509 0 0 0 0 16 0
2081 2500 5660 0 0 0 0 16 0
142 2501 382 0 0 0 0 16 0
810 2502 2492 0 0 0 0 16 0
812 2503 2499 0 0 0 0 16 0
1324 2504 4067 0 0 0 0 16 0
953 2505 2934 0 0 0 0 16 0
2137 2507 5757 0 0 0 0 16 0
812 2508 2498 0 0 0 0 16 0
1309 2510 4030 0 0 0 0 16 0
815 2511 2508 0 0 0 0 16 0
233 2512 689 0 0 0 0 16 0
1264 2514 3881 0 0 0 0 16 0
1792 2515 5077 0 0 0 0 16 0
247 2516 728 0 0 0 0 16 0
571 2517 1711 0 0 0 0 16 0
642 2518 1947 0 0 0 0 16 0
571 2519 1711 0 0 0 0 16 0
14 2520 32 0 0 0 0 16 0
284 2521 834 0 0 0 0 16 0
495 2522 1465 0 0 0 0 16 0
16 2523 37 0 0 0 0 16 0
1127 2524 3459 0 0 0 0 16 0
1321 2525 4061 0 0 0 0 16 0
1322 2526 4063 0 0 0 0 16 0
520 2528 1553 0 0 0 0 16 0
565 2529 1692 0 0 0 0 16 0
840 2530 2587 0 0 0 0 16 0
347 2531 1010 0 0 0 0 16 0
825 2532 2534 0 0 0 0 16 0
1347 2533 4117 0 0 0 0 16 0
713 2534 2177 0 0 0 0 16 0
824 2535 2531 0 0 0 0 16 0
826 2536 2537 0 0 0 0 16 0
376 2537 1095 0 0 0 0 16 0
825 2538 2534 0 0 0 0 16 0
1282 2539 3939 0 0 0 0 16 0
376 2540 1095 0 0 0 0 16 0
419 2541 1237 0 0 0 0 16 0
693 2542 2114 0 0 0 0 16 0
531 2543 1582 0 0 0 0 16 0
807 2544 2486 0 0 0 0 16 0
1356 2545 4134 0 0 0 0 16 0
762 2546 2333 0 0 0 0 16 0
764 2547 2339 0 0 0 0 16 0
830 2548 2549 0 0 0 0 16 0
63 2549 148 0 0 0 0 16 0
310 2550 903 0 0 0 0 16 0
829 2551 2546 0 0 0 0 16 0
310 2552 903 0 0 0 0 16 0
832 2553 2557 0 0 0 0 16 0
1294 2554 3978 0 0 0 0 16 0
831 2556 2552 0 0 0 0 16 0
833 2557 2561 0 0 0 0 16 0
942 2558 2904 0 0 0 0 16 0
943 2559 2908 0 0 0 0 16 0
832 2560 2556 0 0 0 0 16 0
834 2561 2565 0 0 0 0 16 0
1290 2562 3964 0 0 0 0 16 0
1291 2563 3968 0 0 0 0 16 0
833 2564 2560 0 0 0 0 16 0
835 2565 2568 0 0 0 0 16 0
1268 2566 3891 0 0 0 0 16 0
1269 2567 3895 0 0 0 0 16 0
568 2568 1701 0 0 0 0 16 0
834 2569 2564 0 0 0 0 16 0
1215 2570 3726 0 0 0 0 16 0
1216 2571 3729 0 0 0 0 16 0
567 2572 1698 0 0 0 0 16 0
837 2573 2576 0 0 0 0 16 0
1453 2574 4343 0 0 0 0 16 0
836 2575 2572 0 0 0 0 16 0
838 2576 2580 0 0 0 0 16 0
1031 2577 3181 0 0 0 0 16 0
1032 2578 3183 0 0 0 0 16 0
837 2579 2575 0 0 0 0 16 0
839 2580 2583 0 0 0 0 16 0
1278 2581 3925 0 0 0 0 16 0
1279 2582 3928 0 0 0 0 16 0
755 2583 2309 0 0 0 0 16 0
838 2584 2579 0 0 0 0 16 0
1156 2585 3553 0 0 0 0 16 0
1157 2586 3558 0 0 0 0 16 0
755 2587 2309 0 0 0 0 16 0
823 2588 2528 0 0 0 0 16 0
1295 2589 3982 0 0 0 0 16 0
142 2590 381 0 0 0 0 16 0
842 2591 2593 0 0 0 0 16 0
1197 2592 3676 0 0 0 0 16 0
810 2593 2492 0 0 0 0 16 0
841 2594 2590 0 0 0 0 16 0
395 2596 1161 0 0 0 0 16 0
766 2597 2346 0 0 0 0 16 0
1305 2598 4015 0 0 0 0 16 0
230 2599 680 0 0 0 0 16 0
929 2600 2869 0 0 0 0 16 0
1223 2601 3753 0 0 0 0 16 0
645 2602 1956 0 0 0 0 16 0
745 2603 2278 0 0 0 0 16 0
746 2604 2281 0 0 0 0 16 0
662 2605 2015 0 0 0 0 16 0
847 2606 2609 0 0 0 0 16 0
1555 2607 4593 0 0 0 0 16 0
846 2608 2605 0 0 0 0 16 0
1780 2609 5063 0 0 0 0 16 0
1961 2610 5409 0 0 0 0 16 0
1234 2611 3786 0 0 0 0 16 0
1344 2612 4113 0 0 0 0 16 0
1780 2613 5062 0 0 0 0 16 0
368 2614 1068 0 0 0 0 16 0
408 2615 1202 0 0 0 0 16 0
651 2616 1975 0 0 0 0 16 0
1369 2617 4165 0 0 0 0 16 0
680 2618 2073 0 0 0 0 16 0
852 2619 2622 0 0 0 0 16 0
851 2621 2618 0 0 0 0 16 0
853 2622 2624 0 0 0 0 16 0
933 2623 2880 0 0 0 0 16 0
327 2624 948 0 0 0 0 16 0
653 2625 1983 0 0 0 0 16 0
852 2626 2621 0 0 0 0 16 0
1186 2627 3645 0 0 0 0 16 0
655 2628 1991 0 0 0 0 16 0
855 2629 2632 0 0 0 0 16 0
1697 2630 4910 0 0 0 0 16 0
854 2631 2628 0 0 0 0 16 0
856 2632 2634 0 0 0 0 16 0
2106 2633 5706 0 0 0 0 16 0
656 2634 1993 0 0 0 0 16 0
855 2635 2631 0 0 0 0 16 0
857 2636 2639 0 0 0 0 16 0
1998 2637 5494 0 0 0 0 16 0
856 2638 2634 0 0 0 0 16 0
858 2639 2642 0 0 0 0 16 0
1714 2640 4942 0 0 0 0 16 0
857 2641 2638 0 0 0 0 16 0
1706 2642 4930 0 0 0 0 16 0
1864 2644 5210 0 0 0 0 16 0
1867 2645 5216 0 0 0 0 16 0
659 2646 2005 0 0 0 0 16 0
861 2647 2650 0 0 0 0 16 0
1064 2648 3280 0 0 0 0 16 0
1868 2649 5218 0 0 0 0 16 0
707 2650 2158 0 0 0 0 16 0
860 2651 2646 0 0 0 0 16 0
1177 2652 3615 0 0 0 0 16 0
282 2653 826 0 0 0 0 16 0
707 2654 2158 0 0 0 0 16 0
863 2655 2657 0 0 0 0 16 0
1084 2656 3335 0 0 0 0 16 0
283 2657 830 0 0 0 0 16 0
862 2658 2653 0 0 0 0 16 0
1073 2659 3306 0 0 0 0 16 0
285 2661 837 0 0 0 0 16 0
865 2662 2665 0 0 0 0 16 0
957 2663 2947 0 0 0 0 16 0
286 2665 840 0 0 0 0 16 0
287 2666 843 0 0 0 0 16 0
864 2667 2661 0 0 0 0 16 0
496 2668 1469 0 0 0 0 16 0
867 2669 2672 0 0 0 0 16 0
866 2671 2668 0 0 0 0 16 0
1178 2672 3619 0 0 0 0 16 0
1667 2673 4850 0 0 0 0 16 0
869 2674 2677 0 0 0 0 16 0
1318 2675 4056 0 0 0 0 16 0
1322 2676 4062 0 0 0 0 16 0
1 2677 2 0 0 0 0 16 0
585 2678 1760 0 0 0 0 16 0
868 2679 2675 0 0 0 0 16 0
1318 2680 4055 0 0 0 0 16 0
918 2681 2840 0 0 0 0 16 0
1564 2682 4615 0 0 0 0 16 0
87 2683 225 0 0 0 0 16 0
904 2684 2788 0 0 0 0 16 0
1616 2685 4745 0 0 0 0 16 0
1975 2686 5437 0 0 0 0 16 0
95 2687 250 0 0 0 0 16 0
772 2688 2369 0 0 0 0 16 0
1546 2689 4569 0 0 0 0 16 0
1733 2690 4976 0 0 0 0 16 0
99 2691 261 0 0 0 0 16 0
772 2692 2369 0 0 0 0 16 0
874 2693 2696 0 0 0 0 16 0
905 2694 2792 0 0 0 0 16 0
873 2695 2691 0 0 0 0 16 0
2119 2696 5726 0 0 0 0 16 0
2121 2697 5731 0 0 0 0 16 0
102 2698 272 0 0 0 0 16 0
1606 2699 4720 0 0 0 0 16 0
2121 2700 5730 0 0 0 0 16 0
103 2701 273 0 0 0 0 16 0
1606 2702 4719 0 0 0 0 16 0
1765 2703 5038 0 0 0 0 16 0
878 2704 2709 0 0 0 0 16 0
909 2705 2807 0 0 0 0 16 0
1893 2707 5268 0 0 0 0 16 0
877 2708 2705 0 0 0 0 16 0
879 2709 2713 0 0 0 0 16 0
910 2710 2811 0 0 0 0 16 0
1715 2711 4943 0 0 0 0 16 0
878 2712 2708 0 0 0 0 16 0
880 2713 2716 0 0 0 0 16 0
911 2714 2816 0 0 0 0 16 0
879 2715 2712 0 0 0 0 16 0
912 2716 2818 0 0 0 0 16 0
2115 2717 5717 0 0 0 0 16 0
413 2718 1217 0 0 0 0 16 0
703 2719 2144 0 0 0 0 16 0
165 2720 456 0 0 0 0 16 0
413 2721 1217 0 0 0 0 16 0
545 2722 1627 0 0 0 0 16 0
704 2723 2148 0 0 0 0 16 0
167 2724 463 0 0 0 0 16 0
545 2725 1627 0 0 0 0 16 0
706 2726 2155 0 0 0 0 16 0
884 2727 2728 0 0 0 0 16 0
607 2728 1827 0 0 0 0 16 0
883 2729 2724 0 0 0 0 16 0
1206 2730 3703 0 0 0 0 16 0
588 2731 1770 0 0 0 0 16 0
1151 2732 3534 0 0 0 0 16 0
361 2735 1047 0 0 0 0 16 0
887 2736 2738 0 0 0 0 16 0
886 2737 2734 0 0 0 0 16 0
1601 2738 4705 0 0 0 0 16 0
889 2740 2744 0 0 0 0 16 0
963 2741 2963 0 0 0 0 16 0
1178 2742 3618 0 0 0 0 16 0
888 2743 2741 0 0 0 0 16 0
964 2744 2966 0 0 0 0 16 0
1187 2745 3650 0 0 0 0 16 0
1461 2746 4364 0 0 0 0 16 0
890 2747 2746 0 0 0 0 16 0
1090 2748 3354 0 0 0 0 16 0
1133 2749 3480 0 0 0 0 16 0
1134 2750 3484 0 0 0 0 16 0
1885 2751 5252 0 0 0 0 16 0
1886 2752 5254 0 0 0 0 16 0
1064 2753 3279 0 0 0 0 16 0
1866 2755 5214 0 0 0 0 16 0
334 2756 967 0 0 0 0 16 0
760 2757 2326 0 0 0 0 16 0
895 2758 2759 0 0 0 0 16 0
761 2759 2329 0 0 0 0 16 0
894 2760 2756 0 0 0 0 16 0
896 2761 2764 0 0 0 0 16 0
901 2762 2778 0 0 0 0 16 0
895 2763 2759 0 0 0 0 16 0
1654 2764 4821 0 0 0 0 16 0
1655 2765 4825 0 0 0 0 16 0
167 2766 463 0 0 0 0 16 0
546 2767 1631 0 0 0 0 16 0
898 2768 2769 0 0 0 0 16 0
256 2769 749 0 0 0 0 16 0
897 2770 2766 0 0 0 0 16 0
1953 2771 5395 0 0 0 0 16 0
357 2772 1036 0 0 0 0 16 0
1144 2773 3512 0 0 0 0 16 0
2069 2774 5632 0 0 0 0 16 0
66 2775 157 0 0 0 0 16 0
1014 2776 3129 0 0 0 0 16 0
1290 2777 3963 0 0 0 0 16 0
526 2778 1567 0 0 0 0 16 0
895 2779 2759 0 0 0 0 16 0
1288 2780 3956 0 0 0 0 16 0
112 2781 290 0 0 0 0 16 0
903 2782 2784 0 0 0 0 16 0
915 2783 2831 0 0 0 0 16 0
113 2784 293 0 0 0 0 16 0
114 2785 295 0 0 0 0 16 0
902 2786 2781 0 0 0 0 16 0
1126 2787 3456 0 0 0 0 16 0
363 2788 1051 0 0 0 0 16 0
793 2789 2437 0 0 0 0 16 0
871 2790 2683 0 0 0 0 16 0
1973 2791 5433 0 0 0 0 16 0
773 2792 2373 0 0 0 0 16 0
795 2793 2444 0 0 0 0 16 0
873 2794 2691 0 0 0 0 16 0
906 2795 2796 0 0 0 0 16 0
796 2796 2448 0 0 0 0 16 0
905 2797 2792 0 0 0 0 16 0
907 2798 2800 0 0 0 0 16 0
2119 2799 5727 0 0 0 0 16 0
797 2800 2452 0 0 0 0 16 0
906 2801 2796 0 0 0 0 16 0
1605 2802 4717 0 0 0 0 16 0
876 2804 2701 0 0 0 0 16 0
909 2805 2807 0 0 0 0 16 0
1605 2806 4716 0 0 0 0 16 0
799 2807 2459 0 0 0 0 16 0
877 2808 2704 0 0 0 0 16 0
908 2809 2804 0 0 0 0 16 0
1891 2810 5264 0 0 0 0 16 0
800 2811 2463 0 0 0 0 16 0
878 2812 2708 0 0 0 0 16 0
911 2813 2815 0 0 0 0 16 0
1892 2814 5266 0 0 0 0 16 0
879 2815 2712 0 0 0 0 16 0
910 2816 2811 0 0 0 0 16 0
912 2817 2818 0 0 0 0 16 0
711 2818 2170 0 0 0 0 16 0
801 2819 2467 0 0 0 0 16 0
880 2820 2715 0 0 0 0 16 0
911 2821 2815 0 0 0 0 16 0
109 2822 284 0 0 0 0 16 0
711 2823 2170 0 0 0 0 16 0
914 2824 2826 0 0 0 0 16 0
1083 2825 3332 0 0 0 0 16 0
111 2826 288 0 0 0 0 16 0
913 2827 2822 0 0 0 0 16 0
915 2828 2830 0 0 0 0 16 0
1072 2829 3301 0 0 0 0 16 0
902 2830 2781 0 0 0 0 16 0
914 2831 2826 0 0 0 0 16 0
955 2832 2941 0 0 0 0 16 0
77 2833 190 0 0 0 0 16 0
803 2834 2472 0 0 0 0 16 0
917 2835 2836 0 0 0 0 16 0
78 2836 195 0 0 0 0 16 0
476 2837 1404 0 0 0 0 16 0
804 2838 2476 0 0 0 0 16 0
916 2839 2833 0 0 0 0 16 0
203 2840 589 0 0 0 0 16 0
792 2841 2434 0 0 0 0 16 0
1549 2842 4576 0 0 0 0 16 0
591 2843 1777 0 0 0 0 16 0
920 2844 2846 0 0 0 0 16 0
1289 2845 3960 0 0 0 0 16 0
226 2846 668 0 0 0 0 16 0
919 2847 2843 0 0 0 0 16 0
921 2848 2849 0 0 0 0 16 0
292 2849 854 0 0 0 0 16 0
920 2850 2846 0 0 0 0 16 0
1195 2851 3670 0 0 0 0 16 0
923 2852 2854 0 0 0 0 16 0
1402 2853 4234 0 0 0 0 16 0
677 2854 2064 0 0 0 0 16 0
924 2855 2857 0 0 0 0 16 0
1401 2856 4231 0 0 0 0 16 0
925 2857 2860 0 0 0 0 16 0
1952 2858 5394 0 0 0 0 16 0
2144 2859 5772 0 0 0 0 16 0
926 2860 2863 0 0 0 0 16 0
1288 2861 3956 0 0 0 0 16 0
1400 2862 4229 0 0 0 0 16 0
1206 2863 3702 0 0 0 0 16 0
1769 2864 5045 0 0 0 0 16 0
937 2865 2893 0 0 0 0 16 0
2057 2866 5612 0 0 0 0 16 0
929 2867 2868 0 0 0 0 16 0
844 2868 2599 0 0 0 0 16 0
1287 2870 3953 0 0 0 0 16 0
549 2871 1640 0 0 0 0 16 0
1357 2872 4137 0 0 0 0 16 0
1359 2873 4144 0 0 0 0 16 0
128 2874 340 0 0 0 0 16 0
518 2875 1546 0 0 0 0 16 0
1297 2876 3989 0 0 0 0 16 0
1141 2878 3503 0 0 0 0 16 0
681 2880 2076 0 0 0 0 16 0
696 2881 2120 0 0 0 0 16 0
852 2882 2621 0 0 0 0 16 0
1186 2883 3645 0 0 0 0 16 0
696 2884 2120 0 0 0 0 16 0
935 2885 2888 0 0 0 0 16 0
1847 2886 5176 0 0 0 0 16 0
934 2887 2884 0 0 0 0 16 0
936 2888 2891 0 0 0 0 16 0
1705 2889 4928 0 0 0 0 16 0
935 2890 2887 0 0 0 0 16 0
1694 2891 4902 0 0 0 0 16 0
1835 2892 5152 0 0 0 0 16 0
732 2893 2239 0 0 0 0 16 0
1385 2894 4197 0 0 0 0 16 0
760 2895 2326 0 0 0 0 16 0
761 2896 2329 0 0 0 0 16 0
1150 2897 3531 0 0 0 0 16 0
265 2898 768 0 0 0 0 16 0
1648 2899 4811 0 0 0 0 16 0
1639 2900 4794 0 0 0 0 16 0
942 2901 2903 0 0 0 0 16 0
1635 2902 4786 0 0 0 0 16 0
832 2903 2556 0 0 0 0 16 0
941 2904 2902 0 0 0 0 16 0
1290 2905 3963 0 0 0 0 16 0
832 2907 2556 0 0 0 0 16 0
944 2908 2912 0 0 0 0 16 0
1291 2909 3967 0 0 0 0 16 0
1294 2910 3978 0 0 0 0 16 0
943 2911 2907 0 0 0 0 16 0
945 2912 2916 0 0 0 0 16 0
1292 2913 3972 0 0 0 0 16 0
1317 2914 4052 0 0 0 0 16 0
944 2915 2911 0 0 0 0 16 0
982 2916 3022 0 0 0 0 16 0
983 2917 3026 0 0 0 0 16 0
2052 2918 5604 0 0 0 0 16 0
2065 2919 5626 0 0 0 0 16 0
1021 2920 3152 0 0 0 0 16 0
1683 2921 4880 0 0 0 0 16 0
1695 2922 4905 0 0 0 0 16 0
1775 2923 5052 0 0 0 0 16 0
948 2924 2921 0 0 0 0 16 0
1776 2925 5054 0 0 0 0 16 0
2002 2926 5508 0 0 0 0 16 0
684 2927 2087 0 0 0 0 16 0
1992 2928 5476 0 0 0 0 16 0
1583 2929 4667 0 0 0 0 16 0
1694 2930 4901 0 0 0 0 16 0
134 2931 357 0 0 0 0 16 0
1700 2933 4918 0 0 0 0 16 0
536 2934 1596 0 0 0 0 16 0
814 2935 2506 0 0 0 0 16 0
633 2937 1916 0 0 0 0 16 0
1660 2938 4835 0 0 0 0 16 0
1939 2939 5361 0 0 0 0 16 0
915 2940 2830 0 0 0 0 16 0
956 2941 2943 0 0 0 0 16 0
1126 2942 3456 0 0 0 0 16 0
14 2943 31 0 0 0 0 16 0
955 2944 2940 0 0 0 0 16 0
1072 2945 3301 0 0 0 0 16 0
864 2946 2661 0 0 0 0 16 0
958 2947 2951 0 0 0 0 16 0
1073 2948 3305 0 0 0 0 16 0
1662 2949 4839 0 0 0 0 16 0
957 2950 2946 0 0 0 0 16 0
1074 2951 3310 0 0 0 0 16 0
2016 2952 5539 0 0 0 0 16 0
694 2953 2117 0 0 0 0 16 0
960 2954 2958 0 0 0 0 16 0
1059 2955 3265 0 0 0 0 16 0
1060 2956 3268 0 0 0 0 16 0
959 2957 2953 0 0 0 0 16 0
1237 2958 3795 0 0 0 0 16 0
574 2959 1721 0 0 0 0 16 0
739 2960 2260 0 0 0 0 16 0
1078 2961 3319 0 0 0 0 16 0
351 2962 1022 0 0 0 0 16 0
496 2963 1469 0 0 0 0 16 0
888 2964 2740 0 0 0 0 16 0
964 2965 2966 0 0 0 0 16 0
497 2966 1473 0 0 0 0 16 0
889 2967 2743 0 0 0 0 16 0
963 2968 2963 0 0 0 0 16 0
618 2969 1862 0 0 0 0 16 0
716 2970 2186 0 0 0 0 16 0
981 2971 3018 0 0 0 0 16 0
1475 2972 4397 0 0 0 0 16 0
125 2973 332 0 0 0 0 16 0
1517 2975 4490 0 0 0 0 16 0
1437 2977 4305 0 0 0 0 16 0
1642 2978 4801 0 0 0 0 16 0
2075 2979 5647 0 0 0 0 16 0
610 2980 1836 0 0 0 0 16 0
971 2981 2985 0 0 0 0 16 0
1100 2982 3379 0 0 0 0 16 0
2075 2983 5647 0 0 0 0 16 0
970 2984 2980 0 0 0 0 16 0
1101 2985 3383 0 0 0 0 16 0
1432 2986 4295 0 0 0 0 16 0
973 2988 2991 0 0 0 0 16 0
1232 2989 3780 0 0 0 0 16 0
2079 2990 5655 0 0 0 0 16 0
457 2991 1343 0 0 0 0 16 0
972 2992 2989 0 0 0 0 16 0
1949 2993 5382 0 0 0 0 16 0
190 2994 541 0 0 0 0 16 0
975 2995 2998 0 0 0 0 16 0
991 2996 3054 0 0 0 0 16 0
1259 2997 3863 0 0 0 0 16 0
490 2998 1452 0 0 0 0 16 0
974 2999 2994 0 0 0 0 16 0
992 3000 3058 0 0 0 0 16 0
1045 3001 3222 0 0 0 0 16 0
213 3002 627 0 0 0 0 16 0
723 3003 2211 0 0 0 0 16 0
1577 3004 4650 0 0 0 0 16 0
978 3005 3008 0 0 0 0 16 0
1286 3006 3950 0 0 0 0 16 0
1577 3007 4649 0 0 0 0 16 0
641 3008 1944 0 0 0 0 16 0
977 3009 3006 0 0 0 0 16 0
1262 3010 3873 0 0 0 0 16 0
349 3011 1017 0 0 0 0 16 0
724 3012 2213 0 0 0 0 16 0
980 3013 3015 0 0 0 0 16 0
1205 3014 3700 0 0 0 0 16 0
160 3015 440 0 0 0 0 16 0
979 3016 3011 0 0 0 0 16 0
717 3018 2189 0 0 0 0 16 0
718 3019 2193 0 0 0 0 16 0
966 3020 2970 0 0 0 0 16 0
1272 3021 3906 0 0 0 0 16 0
315 3022 921 0 0 0 0 16 0
719 3023 2197 0 0 0 0 16 0
945 3024 2915 0 0 0 0 16 0
1273 3025 3910 0 0 0 0 16 0
720 3026 2201 0 0 0 0 16 0
945 3027 2915 0 0 0 0 16 0
984 3028 3031 0 0 0 0 16 0
1292 3029 3971 0 0 0 0 16 0
983 3030 3026 0 0 0 0 16 0
985 3031 3033 0 0 0 0 16 0
1270 3032 3899 0 0 0 0 16 0
721 3033 2205 0 0 0 0 16 0
984 3034 3030 0 0 0 0 16 0
1218 3035 3737 0 0 0 0 16 0
1448 3036 4329 0 0 0 0 16 0
987 3037 3041 0 0 0 0 16 0
1028 3038 3173 0 0 0 0 16 0
1448 3039 4328 0 0 0 0 16 0
986 3040 3038 0 0 0 0 16 0
988 3041 3044 0 0 0 0 16 0
1002 3042 3093 0 0 0 0 16 0
1280 3043 3932 0 0 0 0 16 0
470 3044 1387 0 0 0 0 16 0
758 3045 2320 0 0 0 0 16 0
987 3046 3040 0 0 0 0 16 0
1158 3047 3561 0 0 0 0 16 0
1378 3048 4181 0 0 0 0 16 0
2136 3050 5756 0 0 0 0 16 0
1665 3051 4844 0 0 0 0 16 0
1777 3052 5055 0 0 0 0 16 0
1808 3053 5100 0 0 0 0 16 0
191 3054 545 0 0 0 0 16 0
974 3055 2994 0 0 0 0 16 0
992 3056 3058 0 0 0 0 16 0
1513 3057 4483 0 0 0 0 16 0
459 3058 1352 0 0 0 0 16 0
490 3059 1452 0 0 0 0 16 0
975 3060 2998 0 0 0 0 16 0
991 3061 3054 0 0 0 0 16 0
994 3062 3064 0 0 0 0 16 0
1507 3063 4470 0 0 0 0 16 0
460 3064 1355 0 0 0 0 16 0
993 3065 3063 0 0 0 0 16 0
1575 3066 4643 0 0 0 0 16 0
177 3067 494 0 0 0 0 16 0
724 3068 2213 0 0 0 0 16 0
1596 3069 4695 0 0 0 0 16 0
1938 3070 5358 0 0 0 0 16 0
717 3071 2189 0 0 0 0 16 0
768 3072 2354 0 0 0 0 16 0
719 3075 2197 0 0 0 0 16 0
768 3076 2354 0 0 0 0 16 0
998 3077 3079 0 0 0 0 16 0
464 3079 1367 0 0 0 0 16 0
720 3080 2201 0 0 0 0 16 0
997 3081 3075 0 0 0 0 16 0
999 3082 3084 0 0 0 0 16 0
998 3083 3079 0 0 0 0 16 0
1000 3084 3086 0 0 0 0 16 0
466 3086 1375 0 0 0 0 16 0
721 3087 2205 0 0 0 0 16 0
999 3088 3083 0 0 0 0 16 0
1444 3089 4319 0 0 0 0 16 0
722 3090 2209 0 0 0 0 16 0
1002 3091 3093 0 0 0 0 16 0
1444 3092 4318 0 0 0 0 16 0
469 3093 1384 0 0 0 0 16 0
987 3094 3040 0 0 0 0 16 0
1001 3095 3090 0 0 0 0 16 0
1004 3096 3098 0 0 0 0 16 0
1005 3098 3101 0 0 0 0 16 0
1076 3099 3313 0 0 0 0 16 0
1111 3100 3416 0 0 0 0 16 0
479 3101 1416 0 0 0 0 16 0
1004 3102 3097 0 0 0 0 16 0
1049 3103 3236 0 0 0 0 16 0
1050 3104 3240 0 0 0 0 16 0
206 3105 601 0 0 0 0 16 0
661 3106 2012 0 0 0 0 16 0
1558 3107 4600 0 0 0 0 16 0
1168 3108 3589 0 0 0 0 16 0
1498 3109 4448 0 0 0 0 16 0
1009 3110 3115 0 0 0 0 16 0
1225 3111 3759 0 0 0 0 16 0
1498 3112 4447 0 0 0 0 16 0
1986 3113 5459 0 0 0 0 16 0
1008 3114 3111 0 0 0 0 16 0
1010 3115 3118 0 0 0 0 16 0
1225 3116 3759 0 0 0 0 16 0
448 3118 1319 0 0 0 0 16 0
806 3119 2483 0 0 0 0 16 0
1009 3120 3114 0 0 0 0 16 0
1226 3121 3763 0 0 0 0 16 0
435 3122 1284 0 0 0 0 16 0
1085 3123 3339 0 0 0 0 16 0
572 3125 1714 0 0 0 0 16 0
1365 3126 4155 0 0 0 0 16 0
1602 3127 4707 0 0 0 0 16 0
817 3128 2512 0 0 0 0 16 0
67 3129 161 0 0 0 0 16 0
900 3130 2775 0 0 0 0 16 0
1268 3131 3890 0 0 0 0 16 0
1192 3132 3660 0 0 0 0 16 0
1214 3133 3723 0 0 0 0 16 0
1454 3134 4347 0 0 0 0 16 0
1017 3135 3139 0 0 0 0 16 0
1527 3136 4513 0 0 0 0 16 0
1588 3137 4678 0 0 0 0 16 0
1016 3138 3136 0 0 0 0 16 0
1018 3139 3142 0 0 0 0 16 0
1536 3140 4539 0 0 0 0 16 0
1592 3141 4686 0 0 0 0 16 0
619 3142 1866 0 0 0 0 16 0
1017 3143 3138 0 0 0 0 16 0
1306 3144 4020 0 0 0 0 16 0
1528 3145 4516 0 0 0 0 16 0
1020 3146 3150 0 0 0 0 16 0
1117 3147 3432 0 0 0 0 16 0
1401 3148 4230 0 0 0 0 16 0
1019 3149 3147 0 0 0 0 16 0
1117 3150 3431 0 0 0 0 16 0
1142 3151 3507 0 0 0 0 16 0
255 3152 747 0 0 0 0 16 0
798 3153 2456 0 0 0 0 16 0
1603 3154 4711 0 0 0 0 16 0
1023 3155 3158 0 0 0 0 16 0
1089 3156 3351 0 0 0 0 16 0
1610 3157 4730 0 0 0 0 16 0
1024 3158 3160 0 0 0 0 16 0
1611 3159 4732 0 0 0 0 16 0
1025 3160 3163 0 0 0 0 16 0
1458 3161 4357 0 0 0 0 16 0
1612 3162 4735 0 0 0 0 16 0
1457 3163 4354 0 0 0 0 16 0
1613 3164 4738 0 0 0 0 16 0
1614 3165 4740 0 0 0 0 16 0
415 3166 1223 0 0 0 0 16 0
1037 3167 3198 0 0 0 0 16 0
1209 3168 3710 0 0 0 0 16 0
1519 3169 4497 0 0 0 0 16 0
344 3170 1001 0 0 0 0 16 0
1340 3171 4099 0 0 0 0 16 0
1519 3172 4496 0 0 0 0 16 0
1029 3173 3175 0 0 0 0 16 0
1450 3174 4335 0 0 0 0 16 0
1030 3175 3178 0 0 0 0 16 0
1280 3176 3931 0 0 0 0 16 0
1451 3177 4337 0 0 0 0 16 0
1279 3178 3927 0 0 0 0 16 0
1452 3179 4340 0 0 0 0 16 0
1813 3180 5107 0 0 0 0 16 0
836 3181 2572 0 0 0 0 16 0
1446 3182 4324 0 0 0 0 16 0
567 3183 1698 0 0 0 0 16 0
837 3184 2575 0 0 0 0 16 0
1033 3185 3186 0 0 0 0 16 0
566 3186 1696 0 0 0 0 16 0
1032 3187 3183 0 0 0 0 16 0
1034 3188 3190 0 0 0 0 16 0
1462 3189 4367 0 0 0 0 16 0
72 3190 177 0 0 0 0 16 0
1033 3191 3186 0 0 0 0 16 0
1035 3192 3193 0 0 0 0 16 0
266 3193 770 0 0 0 0 16 0
1034 3194 3190 0 0 0 0 16 0
1277 3195 3921 0 0 0 0 16 0
1027 3196 3170 0 0 0 0 16 0
1026 3197 3166 0 0 0 0 16 0
1520 3198 4499 0 0 0 0 16 0
2049 3199 5596 0 0 0 0 16 0
483 3200 1430 0 0 0 0 16 0
1092 3201 3358 0 0 0 0 16 0
1182 3202 3630 0 0 0 0 16 0
483 3203 1430 0 0 0 0 16 0
1551 3204 4581 0 0 0 0 16 0
367 3205 1064 0 0 0 0 16 0
1243 3206 3812 0 0 0 0 16 0
1411 3207 4252 0 0 0 0 16 0
369 3208 1071 0 0 0 0 16 0
1234 3209 3785 0 0 0 0 16 0
1344 3210 4112 0 0 0 0 16 0
485 3211 1434 0 0 0 0 16 0
668 3212 2034 0 0 0 0 16 0
1257 3213 3857 0 0 0 0 16 0
150 3214 407 0 0 0 0 16 0
487 3215 1442 0 0 0 0 16 0
581 3216 1746 0 0 0 0 16 0
1105 3217 3396 0 0 0 0 16 0
581 3218 1746 0 0 0 0 16 0
1045 3219 3221 0 0 0 0 16 0
1258 3220 3860 0 0 0 0 16 0
975 3221 2998 0 0 0 0 16 0
1044 3222 3218 0 0 0 0 16 0
1259 3223 3863 0 0 0 0 16 0
2094 3224 5683 0 0 0 0 16 0
459 3225 1351 0 0 0 0 16 0
1166 3226 3584 0 0 0 0 16 0
1493 3227 4434 0 0 0 0 16 0
1210 3228 3713 0 0 0 0 16 0
1493 3229 4433 0 0 0 0 16 0
1921 3230 5324 0 0 0 0 16 0
1935 3231 5354 0 0 0 0 16 0
638 3232 1933 0 0 0 0 16 0
1903 3233 5288 0 0 0 0 16 0
1913 3234 5308 0 0 0 0 16 0
478 3236 1412 0 0 0 0 16 0
804 3237 2476 0 0 0 0 16 0
1005 3238 3101 0 0 0 0 16 0
1076 3239 3313 0 0 0 0 16 0
480 3240 1420 0 0 0 0 16 0
1005 3241 3101 0 0 0 0 16 0
1111 3242 3415 0 0 0 0 16 0
240 3243 705 0 0 0 0 16 0
592 3244 1781 0 0 0 0 16 0
747 3245 2284 0 0 0 0 16 0
1120 3246 3441 0 0 0 0 16 0
1186 3247 3645 0 0 0 0 16 0
699 3248 2131 0 0 0 0 16 0
1054 3249 3251 0 0 0 0 16 0
2005 3250 5514 0 0 0 0 16 0
360 3251 1046 0 0 0 0 16 0
1053 3252 3248 0 0 0 0 16 0
1380 3253 4185 0 0 0 0 16 0
702 3254 2141 0 0 0 0 16 0
1056 3255 3258 0 0 0 0 16 0
1725 3256 4961 0 0 0 0 16 0
1055 3257 3254 0 0 0 0 16 0
1058 3259 3263 0 0 0 0 16 0
1720 3260 4952 0 0 0 0 16 0
1057 3262 3260 0 0 0 0 16 0
1059 3263 3264 0 0 0 0 16 0
959 3264 2953 0 0 0 0 16 0
1058 3265 3262 0 0 0 0 16 0
1668 3266 4852 0 0 0 0 16 0
959 3267 2953 0 0 0 0 16 0
1860 3269 5202 0 0 0 0 16 0
731 3270 2236 0 0 0 0 16 0
809 3271 2491 0 0 0 0 16 0
712 3272 2174 0 0 0 0 16 0
801 3273 2467 0 0 0 0 16 0
1063 3274 3276 0 0 0 0 16 0
1134 3275 3484 0 0 0 0 16 0
280 3276 818 0 0 0 0 16 0
1062 3277 3272 0 0 0 0 16 0
1247 3278 3828 0 0 0 0 16 0
860 3279 2646 0 0 0 0 16 0
893 3280 2754 0 0 0 0 16 0
1065 3281 3283 0 0 0 0 16 0
1064 3282 3279 0 0 0 0 16 0
1066 3283 3286 0 0 0 0 16 0
1176 3284 3613 0 0 0 0 16 0
1177 3285 3615 0 0 0 0 16 0
359 3286 1042 0 0 0 0 16 0
1065 3287 3282 0 0 0 0 16 0
1766 3288 5040 0 0 0 0 16 0
598 3290 1799 0 0 0 0 16 0
599 3291 1802 0 0 0 0 16 0
732 3293 2239 0 0 0 0 16 0
779 3294 2395 0 0 0 0 16 0
1389 3295 4205 0 0 0 0 16 0
1389 3296 4205 0 0 0 0 16 0
216 3297 637 0 0 0 0 16 0
644 3298 1953 0 0 0 0 16 0
1121 3299 3443 0 0 0 0 16 0
1067 3300 3290 0 0 0 0 16 0
283 3301 830 0 0 0 0 16 0
914 3302 2826 0 0 0 0 16 0
956 3303 2943 0 0 0 0 16 0
1339 3304 4096 0 0 0 0 16 0
863 3305 2657 0 0 0 0 16 0
957 3306 2946 0 0 0 0 16 0
1074 3307 3309 0 0 0 0 16 0
1084 3308 3335 0 0 0 0 16 0
958 3309 2950 0 0 0 0 16 0
1073 3310 3305 0 0 0 0 16 0
132 3311 350 0 0 0 0 16 0
443 3312 1305 0 0 0 0 16 0
803 3313 2472 0 0 0 0 16 0
1004 3314 3097 0 0 0 0 16 0
1049 3315 3236 0 0 0 0 16 0
205 3316 597 0 0 0 0 16 0
1240 3317 3803 0 0 0 0 16 0
1560 3318 4605 0 0 0 0 16 0
740 3319 2263 0 0 0 0 16 0
961 3320 2959 0 0 0 0 16 0
1079 3321 3322 0 0 0 0 16 0
70 3322 171 0 0 0 0 16 0
743 3323 2272 0 0 0 0 16 0
1078 3324 3319 0 0 0 0 16 0
271 3325 787 0 0 0 0 16 0
555 3326 1661 0 0 0 0 16 0
1206 3328 3702 0 0 0 0 16 0
1288 3329 3956 0 0 0 0 16 0
1655 3330 4824 0 0 0 0 16 0
1238 3331 3798 0 0 0 0 16 0
712 3332 2174 0 0 0 0 16 0
913 3333 2822 0 0 0 0 16 0
1339 3334 4096 0 0 0 0 16 0
708 3335 2162 0 0 0 0 16 0
862 3336 2653 0 0 0 0 16 0
1073 3337 3305 0 0 0 0 16 0
1719 3338 4950 0 0 0 0 16 0
364 3339 1055 0 0 0 0 16 0
651 3340 1975 0 0 0 0 16 0
1011 3341 3122 0 0 0 0 16 0
370 3342 1074 0 0 0 0 16 0
1087 3343 3345 0 0 0 0 16 0
1369 3344 4164 0 0 0 0 16 0
409 3345 1205 0 0 0 0 16 0
695 3346 2118 0 0 0 0 16 0
1086 3347 3342 0 0 0 0 16 0
625 3348 1890 0 0 0 0 16 0
1221 3349 3747 0 0 0 0 16 0
1610 3350 4729 0 0 0 0 16 0
627 3351 1897 0 0 0 0 16 0
891 3352 2747 0 0 0 0 16 0
1228 3353 3769 0 0 0 0 16 0
630 3354 1906 0 0 0 0 16 0
1061 3355 3270 0 0 0 0 16 0
2076 3356 5652 0 0 0 0 16 0
1038 3357 3200 0 0 0 0 16 0
1551 3358 4582 0 0 0 0 16 0
1799 3359 5087 0 0 0 0 16 0
137 3360 365 0 0 0 0 16 0
1255 3361 3851 0 0 0 0 16 0
1570 3362 4633 0 0 0 0 16 0
1145 3363 3515 0 0 0 0 16 0
1146 3364 3518 0 0 0 0 16 0
1570 3365 4632 0 0 0 0 16 0
1298 3366 3993 0 0 0 0 16 0
1407 3367 4246 0 0 0 0 16 0
1751 3369 5011 0 0 0 0 16 0
1758 3370 5025 0 0 0 0 16 0
2103 3371 5702 0 0 0 0 16 0
623 3372 1882 0 0 0 0 16 0
1293 3373 3975 0 0 0 0 16 0
1315 3374 4047 0 0 0 0 16 0
1760 3375 5029 0 0 0 0 16 0
1236 3376 3793 0 0 0 0 16 0
1957 3377 5404 0 0 0 0 16 0
970 3378 2980 0 0 0 0 16 0
1101 3379 3382 0 0 0 0 16 0
1303 3380 4007 0 0 0 0 16 0
1944 3381 5371 0 0 0 0 16 0
971 3382 2984 0 0 0 0 16 0
1100 3383 3378 0 0 0 0 16 0
1435 3384 4302 0 0 0 0 16 0
1930 3385 5339 0 0 0 0 16 0
576 3386 1727 0 0 0 0 16 0
1103 3387 3389 0 0 0 0 16 0
1375 3388 4176 0 0 0 0 16 0
577 3389 1730 0 0 0 0 16 0
1102 3390 3386 0 0 0 0 16 0
146 3392 391 0 0 0 0 16 0
578 3393 1734 0 0 0 0 16 0
784 3394 2408 0 0 0 0 16 0
149 3396 403 0 0 0 0 16 0
187 3397 529 0 0 0 0 16 0
580 3398 1742 0 0 0 0 16 0
1043 3399 3214 0 0 0 0 16 0
210 3400 615 0 0 0 0 16 0
582 3401 1750 0 0 0 0 16 0
1579 3402 4656 0 0 0 0 16 0
154 3403 421 0 0 0 0 16 0
583 3404 1753 0 0 0 0 16 0
1108 3405 3407 0 0 0 0 16 0
1579 3406 4655 0 0 0 0 16 0
155 3407 425 0 0 0 0 16 0
584 3408 1757 0 0 0 0 16 0
1107 3409 3403 0 0 0 0 16 0
1526 3410 4512 0 0 0 0 16 0
685 3411 2090 0 0 0 0 16 0
1991 3412 5472 0 0 0 0 16 0
2001 3413 5505 0 0 0 0 16 0
1111 3414 3415 0 0 0 0 16 0
1004 3415 3097 0 0 0 0 16 0
1050 3416 3240 0 0 0 0 16 0
1260 3418 3867 0 0 0 0 16 0
207 3419 605 0 0 0 0 16 0
1233 3420 3783 0 0 0 0 16 0
1556 3421 4595 0 0 0 0 16 0
1551 3422 4581 0 0 0 0 16 0
1552 3423 4584 0 0 0 0 16 0
331 3424 959 0 0 0 0 16 0
373 3425 1084 0 0 0 0 16 0
2044 3426 5586 0 0 0 0 16 0
1178 3428 3618 0 0 0 0 16 0
1179 3429 3623 0 0 0 0 16 0
1115 3430 3428 0 0 0 0 16 0
1019 3431 3146 0 0 0 0 16 0
1020 3432 3149 0 0 0 0 16 0
1402 3433 4233 0 0 0 0 16 0
575 3434 1724 0 0 0 0 16 0
1119 3435 3437 0 0 0 0 16 0
1403 3436 4237 0 0 0 0 16 0
744 3437 2275 0 0 0 0 16 0
1118 3438 3434 0 0 0 0 16 0
1120 3439 3440 0 0 0 0 16 0
1051 3440 3243 0 0 0 0 16 0
1119 3441 3437 0 0 0 0 16 0
1142 3442 3506 0 0 0 0 16 0
528 3443 1573 0 0 0 0 16 0
1070 3444 3297 0 0 0 0 16 0
1123 3445 3449 0 0 0 0 16 0
646 3446 1959 0 0 0 0 16 0
647 3447 1962 0 0 0 0 16 0
1123 3448 3449 0 0 0 0 16 0
515 3449 1535 0 0 0 0 16 0
1121 3450 3443 0 0 0 0 16 0
1122 3451 3446 0 0 0 0 16 0
1263 3453 3878 0 0 0 0 16 0
1264 3454 3880 0 0 0 0 16 0
1124 3455 3453 0 0 0 0 16 0
558 3456 1669 0 0 0 0 16 0
903 3457 2784 0 0 0 0 16 0
955 3458 2940 0 0 0 0 16 0
16 3459 37 0 0 0 0 16 0
822 3460 2525 0 0 0 0 16 0
1808 3461 5099 0 0 0 0 16 0
1077 3462 3316 0 0 0 0 16 0
1561 3463 4607 0 0 0 0 16 0
793 3464 2436 0 0 0 0 16 0
1241 3465 3806 0 0 0 0 16 0
1561 3466 4606 0 0 0 0 16 0
1965 3467 5417 0 0 0 0 16 0
775 3468 2381 0 0 0 0 16 0
795 3469 2444 0 0 0 0 16 0
1131 3470 3472 0 0 0 0 16 0
1245 3471 3819 0 0 0 0 16 0
796 3472 2448 0 0 0 0 16 0
1130 3473 3468 0 0 0 0 16 0
1132 3474 3476 0 0 0 0 16 0
1246 3475 3823 0 0 0 0 16 0
797 3476 2452 0 0 0 0 16 0
1131 3477 3472 0 0 0 0 16 0
1222 3478 3749 0 0 0 0 16 0
1603 3479 4710 0 0 0 0 16 0
255 3480 746 0 0 0 0 16 0
799 3481 2459 0 0 0 0 16 0
892 3482 2750 0 0 0 0 16 0
1881 3483 5244 0 0 0 0 16 0
800 3484 2463 0 0 0 0 16 0
892 3485 2749 0 0 0 0 16 0
1062 3486 3272 0 0 0 0 16 0
1247 3487 3827 0 0 0 0 16 0
1136 3488 3490 0 0 0 0 16 0
1231 3490 3779 0 0 0 0 16 0
577 3491 1730 0 0 0 0 16 0
1152 3492 3537 0 0 0 0 16 0
1232 3493 3780 0 0 0 0 16 0
475 3494 1402 0 0 0 0 16 0
1153 3495 3541 0 0 0 0 16 0
1372 3496 4169 0 0 0 0 16 0
662 3497 2014 0 0 0 0 16 0
1241 3498 3805 0 0 0 0 16 0
1559 3499 4602 0 0 0 0 16 0
540 3501 1608 0 0 0 0 16 0
1283 3502 3942 0 0 0 0 16 0
518 3503 1546 0 0 0 0 16 0
932 3504 2877 0 0 0 0 16 0
1298 3505 3992 0 0 0 0 16 0
1020 3506 3149 0 0 0 0 16 0
1120 3507 3440 0 0 0 0 16 0
1143 3508 3509 0 0 0 0 16 0
240 3509 705 0 0 0 0 16 0
790 3510 2428 0 0 0 0 16 0
1142 3511 3506 0 0 0 0 16 0
69 3512 168 0 0 0 0 16 0
508 3513 1509 0 0 0 0 16 0
899 3514 2772 0 0 0 0 16 0
180 3515 504 0 0 0 0 16 0
1095 3516 3364 0 0 0 0 16 0
1572 3517 4638 0 0 0 0 16 0
181 3518 507 0 0 0 0 16 0
1095 3519 3363 0 0 0 0 16 0
1147 3520 3522 0 0 0 0 16 0
1569 3521 4630 0 0 0 0 16 0
182 3522 511 0 0 0 0 16 0
1146 3523 3518 0 0 0 0 16 0
1568 3524 4627 0 0 0 0 16 0
1149 3525 3529 0 0 0 0 16 0
1219 3526 3739 0 0 0 0 16 0
1613 3527 4737 0 0 0 0 16 0
1148 3528 3526 0 0 0 0 16 0
1220 3529 3744 0 0 0 0 16 0
1612 3530 4734 0 0 0 0 16 0
759 3531 2323 0 0 0 0 16 0
938 3532 2895 0 0 0 0 16 0
1283 3533 3942 0 0 0 0 16 0
588 3534 1770 0 0 0 0 16 0
783 3535 2404 0 0 0 0 16 0
885 3536 2731 0 0 0 0 16 0
578 3537 1734 0 0 0 0 16 0
785 3538 2412 0 0 0 0 16 0
1137 3539 3491 0 0 0 0 16 0
1949 3540 5382 0 0 0 0 16 0
24 3541 52 0 0 0 0 16 0
786 3542 2416 0 0 0 0 16 0
1138 3543 3494 0 0 0 0 16 0
1154 3544 3546 0 0 0 0 16 0
1153 3545 3541 0 0 0 0 16 0
1155 3546 3549 0 0 0 0 16 0
1934 3548 5349 0 0 0 0 16 0
635 3549 1921 0 0 0 0 16 0
787 3550 2420 0 0 0 0 16 0
1154 3551 3545 0 0 0 0 16 0
267 3553 774 0 0 0 0 16 0
753 3554 2302 0 0 0 0 16 0
839 3555 2583 0 0 0 0 16 0
1277 3556 3920 0 0 0 0 16 0
839 3557 2583 0 0 0 0 16 0
1158 3558 3561 0 0 0 0 16 0
1279 3559 3927 0 0 0 0 16 0
1427 3560 4285 0 0 0 0 16 0
756 3561 2313 0 0 0 0 16 0
988 3562 3044 0 0 0 0 16 0
1157 3563 3557 0 0 0 0 16 0
1280 3564 3931 0 0 0 0 16 0
346 3565 1008 0 0 0 0 16 0
1203 3566 3695 0 0 0 0 16 0
1459 3567 4359 0 0 0 0 16 0
417 3568 1230 0 0 0 0 16 0
1457 3569 4353 0 0 0 0 16 0
270 3570 784 0 0 0 0 16 0
1169 3571 3591 0 0 0 0 16 0
1502 3572 4459 0 0 0 0 16 0
1502 3573 4458 0 0 0 0 16 0
1590 3574 4682 0 0 0 0 16 0
1729 3575 4969 0 0 0 0 16 0
770 3576 2361 0 0 0 0 16 0
1165 3577 3580 0 0 0 0 16 0
1593 3578 4688 0 0 0 0 16 0
620 3580 1870 0 0 0 0 16 0
771 3581 2365 0 0 0 0 16 0
1164 3582 3576 0 0 0 0 16 0
1306 3583 4019 0 0 0 0 16 0
193 3584 552 0 0 0 0 16 0
1492 3585 4431 0 0 0 0 16 0
1515 3586 4487 0 0 0 0 16 0
199 3587 574 0 0 0 0 16 0
1496 3588 4442 0 0 0 0 16 0
179 3589 501 0 0 0 0 16 0
335 3590 970 0 0 0 0 16 0
338 3591 980 0 0 0 0 16 0
1472 3592 4390 0 0 0 0 16 0
1501 3593 4456 0 0 0 0 16 0
769 3594 2358 0 0 0 0 16 0
1504 3595 4465 0 0 0 0 16 0
340 3597 988 0 0 0 0 16 0
1170 3598 3594 0 0 0 0 16 0
1172 3599 3602 0 0 0 0 16 0
2033 3600 5569 0 0 0 0 16 0
1171 3601 3597 0 0 0 0 16 0
1518 3602 4493 0 0 0 0 16 0
345 3604 1005 0 0 0 0 16 0
1036 3605 3196 0 0 0 0 16 0
1521 3606 4502 0 0 0 0 16 0
1683 3607 4879 0 0 0 0 16 0
1998 3608 5493 0 0 0 0 16 0
698 3609 2128 0 0 0 0 16 0
1176 3610 3612 0 0 0 0 16 0
2001 3611 5504 0 0 0 0 16 0
1065 3612 3282 0 0 0 0 16 0
1175 3613 3609 0 0 0 0 16 0
1188 3614 3653 0 0 0 0 16 0
358 3615 1039 0 0 0 0 16 0
861 3616 2650 0 0 0 0 16 0
1065 3617 3282 0 0 0 0 16 0
867 3618 2671 0 0 0 0 16 0
888 3619 2740 0 0 0 0 16 0
1115 3620 3427 0 0 0 0 16 0
1187 3621 3649 0 0 0 0 16 0
1115 3622 3427 0 0 0 0 16 0
1180 3623 3625 0 0 0 0 16 0
1179 3624 3622 0 0 0 0 16 0
1296 3625 3986 0 0 0 0 16 0
2050 3626 5599 0 0 0 0 16 0
2051 3627 5603 0 0 0 0 16 0
1182 3628 3630 0 0 0 0 16 0
1798 3629 5085 0 0 0 0 16 0
297 3630 866 0 0 0 0 16 0
482 3631 1426 0 0 0 0 16 0
1038 3632 3200 0 0 0 0 16 0
1181 3633 3629 0 0 0 0 16 0
482 3634 1426 0 0 0 0 16 0
1039 3635 3203 0 0 0 0 16 0
1553 3636 4587 0 0 0 0 16 0
370 3637 1074 0 0 0 0 16 0
1202 3638 3690 0 0 0 0 16 0
1234 3639 3785 0 0 0 0 16 0
1553 3640 4586 0 0 0 0 16 0
688 3641 2099 0 0 0 0 16 0
1230 3642 3774 0 0 0 0 16 0
1540 3643 4551 0 0 0 0 16 0
1859 3644 5200 0 0 0 0 16 0
328 3645 951 0 0 0 0 16 0
853 3646 2624 0 0 0 0 16 0
933 3647 2880 0 0 0 0 16 0
1704 3648 4925 0 0 0 0 16 0
889 3649 2743 0 0 0 0 16 0
1178 3650 3618 0 0 0 0 16 0
1176 3652 3612 0 0 0 0 16 0
1189 3653 3656 0 0 0 0 16 0
2008 3654 5520 0 0 0 0 16 0
1188 3655 3652 0 0 0 0 16 0
1711 3656 4938 0 0 0 0 16 0
2064 3657 5625 0 0 0 0 16 0
169 3658 469 0 0 0 0 16 0
702 3659 2141 0 0 0 0 16 0
72 3660 177 0 0 0 0 16 0
1015 3661 3133 0 0 0 0 16 0
1464 3662 4372 0 0 0 0 16 0
1300 3663 3998 0 0 0 0 16 0
2080 3665 5657 0 0 0 0 16 0
228 3666 674 0 0 0 0 16 0
1195 3667 3669 0 0 0 0 16 0
921 3669 2849 0 0 0 0 16 0
1194 3670 3666 0 0 0 0 16 0
1409 3671 4250 0 0 0 0 16 0
453 3672 1332 0 0 0 0 16 0
573 3673 1718 0 0 0 0 16 0
1201 3674 3688 0 0 0 0 16 0
841 3675 2590 0 0 0 0 16 0
1198 3676 3679 0 0 0 0 16 0
1641 3677 4798 0 0 0 0 16 0
1197 3678 3675 0 0 0 0 16 0
1199 3679 3681 0 0 0 0 16 0
1641 3680 4797 0 0 0 0 16 0
253 3681 740 0 0 0 0 16 0
642 3682 1947 0 0 0 0 16 0
1198 3683 3678 0 0 0 0 16 0
247 3684 728 0 0 0 0 16 0
572 3685 1714 0 0 0 0 16 0
1201 3686 3687 0 0 0 0 16 0
1196 3687 3672 0 0 0 0 16 0
1200 3688 3684 0 0 0 0 16 0
1251 3689 3840 0 0 0 0 16 0
331 3690 959 0 0 0 0 16 0
371 3691 1078 0 0 0 0 16 0
1184 3692 3637 0 0 0 0 16 0
1552 3693 4585 0 0 0 0 16 0
1159 3694 3565 0 0 0 0 16 0
1204 3695 3696 0 0 0 0 16 0
417 3696 1230 0 0 0 0 16 0
1203 3697 3694 0 0 0 0 16 0
1984 3698 5456 0 0 0 0 16 0
979 3699 3011 0 0 0 0 16 0
1347 3701 4117 0 0 0 0 16 0
884 3702 2728 0 0 0 0 16 0
926 3703 2864 0 0 0 0 16 0
1081 3704 3329 0 0 0 0 16 0
1311 3705 4037 0 0 0 0 16 0
1731 3706 4973 0 0 0 0 16 0
1749 3707 5007 0 0 0 0 16 0
1209 3708 3710 0 0 0 0 16 0
2033 3709 5568 0 0 0 0 16 0
414 3710 1220 0 0 0 0 16 0
1026 3711 3166 0 0 0 0 16 0
1208 3712 3709 0 0 0 0 16 0
194 3713 555 0 0 0 0 16 0
1047 3714 3229 0 0 0 0 16 0
1492 3715 4430 0 0 0 0 16 0
1916 3716 5314 0 0 0 0 16 0
200 3717 577 0 0 0 0 16 0
1094 3718 3361 0 0 0 0 16 0
1571 3719 4636 0 0 0 0 16 0
596 3720 1793 0 0 0 0 16 0
952 3721 2931 0 0 0 0 16 0
1015 3722 3132 0 0 0 0 16 0
1215 3723 3725 0 0 0 0 16 0
835 3725 2568 0 0 0 0 16 0
1214 3726 3722 0 0 0 0 16 0
1268 3727 3890 0 0 0 0 16 0
1447 3728 4325 0 0 0 0 16 0
569 3729 1704 0 0 0 0 16 0
835 3730 2568 0 0 0 0 16 0
1269 3731 3894 0 0 0 0 16 0
1584 3732 4670 0 0 0 0 16 0
570 3733 1708 0 0 0 0 16 0
1218 3734 3736 0 0 0 0 16 0
1270 3735 3898 0 0 0 0 16 0
985 3736 3033 0 0 0 0 16 0
1217 3737 3733 0 0 0 0 16 0
1450 3738 4334 0 0 0 0 16 0
414 3739 1220 0 0 0 0 16 0
1148 3740 3525 0 0 0 0 16 0
1220 3741 3743 0 0 0 0 16 0
1342 3742 4106 0 0 0 0 16 0
1149 3743 3528 0 0 0 0 16 0
1219 3744 3739 0 0 0 0 16 0
1221 3745 3746 0 0 0 0 16 0
1088 3746 3348 0 0 0 0 16 0
1220 3747 3743 0 0 0 0 16 0
1611 3748 4733 0 0 0 0 16 0
277 3749 807 0 0 0 0 16 0
1132 3750 3476 0 0 0 0 16 0
1246 3751 3823 0 0 0 0 16 0
1688 3752 4889 0 0 0 0 16 0
573 3753 1718 0 0 0 0 16 0
844 3754 2599 0 0 0 0 16 0
1224 3755 3757 0 0 0 0 16 0
1223 3756 3753 0 0 0 0 16 0
1263 3757 3877 0 0 0 0 16 0
1792 3758 5076 0 0 0 0 16 0
181 3759 507 0 0 0 0 16 0
1008 3760 3110 0 0 0 0 16 0
1009 3761 3114 0 0 0 0 16 0
1226 3762 3763 0 0 0 0 16 0
182 3763 511 0 0 0 0 16 0
616 3764 1854 0 0 0 0 16 0
1010 3765 3118 0 0 0 0 16 0
1225 3766 3759 0 0 0 0 16 0
1160 3767 3568 0 0 0 0 16 0
1458 3768 4356 0 0 0 0 16 0
1422 3769 4274 0 0 0 0 16 0
1455 3770 4348 0 0 0 0 16 0
387 3771 1134 0 0 0 0 16 0
429 3772 1266 0 0 0 0 16 0
1901 3773 5284 0 0 0 0 16 0
687 3774 2096 0 0 0 0 16 0
1185 3775 3641 0 0 0 0 16 0
1535 3776 4538 0 0 0 0 16 0
1738 3777 4986 0 0 0 0 16 0
1136 3778 3489 0 0 0 0 16 0
1485 3779 4415 0 0 0 0 16 0
576 3780 1727 0 0 0 0 16 0
972 3781 2988 0 0 0 0 16 0
1137 3782 3491 0 0 0 0 16 0
1183 3783 3634 0 0 0 0 16 0
1554 3784 4590 0 0 0 0 16 0
848 3785 2612 0 0 0 0 16 0
1041 3786 3208 0 0 0 0 16 0
1184 3787 3637 0 0 0 0 16 0
132 3789 350 0 0 0 0 16 0
444 3790 1309 0 0 0 0 16 0
781 3791 2401 0 0 0 0 16 0
1099 3792 3377 0 0 0 0 16 0
1386 3793 4198 0 0 0 0 16 0
1531 3794 4525 0 0 0 0 16 0
329 3795 954 0 0 0 0 16 0
960 3796 2957 0 0 0 0 16 0
1299 3798 3996 0 0 0 0 16 0
1322 3799 4062 0 0 0 0 16 0
123 3800 323 0 0 0 0 16 0
474 3801 1399 0 0 0 0 16 0
1006 3803 3105 0 0 0 0 16 0
1559 3804 4601 0 0 0 0 16 0
1129 3805 3464 0 0 0 0 16 0
1139 3806 3497 0 0 0 0 16 0
1242 3807 3810 0 0 0 0 16 0
1964 3808 5415 0 0 0 0 16 0
1241 3809 3805 0 0 0 0 16 0
1243 3810 3812 0 0 0 0 16 0
1412 3811 4256 0 0 0 0 16 0
364 3812 1055 0 0 0 0 16 0
1040 3813 3205 0 0 0 0 16 0
1242 3814 3809 0 0 0 0 16 0
273 3815 791 0 0 0 0 16 0
776 3816 2385 0 0 0 0 16 0
1530 3817 4522 0 0 0 0 16 0
1741 3818 4992 0 0 0 0 16 0
275 3819 799 0 0 0 0 16 0
776 3820 2385 0 0 0 0 16 0
1130 3821 3468 0 0 0 0 16 0
1246 3822 3823 0 0 0 0 16 0
276 3823 803 0 0 0 0 16 0
1131 3824 3472 0 0 0 0 16 0
1222 3825 3749 0 0 0 0 16 0
1245 3826 3819 0 0 0 0 16 0
1063 3827 3276 0 0 0 0 16 0
1134 3828 3484 0 0 0 0 16 0
1884 3829 5250 0 0 0 0 16 0
355 3830 1031 0 0 0 0 16 0
541 3831 1611 0 0 0 0 16 0
542 3832 1614 0 0 0 0 16 0
1249 3833 3835 0 0 0 0 16 0
1248 3834 3830 0 0 0 0 16 0
1271 3835 3903 0 0 0 0 16 0
2072 3836 5642 0 0 0 0 16 0
703 3837 2144 0 0 0 0 16 0
1281 3838 3935 0 0 0 0 16 0
2072 3839 5641 0 0 0 0 16 0
452 3840 1329 0 0 0 0 16 0
608 3841 1830 0 0 0 0 16 0
1201 3842 3687 0 0 0 0 16 0
121 3843 317 0 0 0 0 16 0
612 3844 1843 0 0 0 0 16 0
614 3846 1848 0 0 0 0 16 0
1567 3847 4623 0 0 0 0 16 0
1253 3848 3846 0 0 0 0 16 0
1568 3849 4626 0 0 0 0 16 0
1911 3850 5304 0 0 0 0 16 0
201 3851 581 0 0 0 0 16 0
1254 3852 3848 0 0 0 0 16 0
1569 3853 4629 0 0 0 0 16 0
208 3854 608 0 0 0 0 16 0
669 3855 2038 0 0 0 0 16 0
1582 3856 4665 0 0 0 0 16 0
185 3857 522 0 0 0 0 16 0
667 3858 2030 0 0 0 0 16 0
1042 3859 3211 0 0 0 0 16 0
580 3860 1742 0 0 0 0 16 0
1044 3861 3218 0 0 0 0 16 0
1259 3862 3863 0 0 0 0 16 0
189 3863 537 0 0 0 0 16 0
974 3864 2994 0 0 0 0 16 0
1045 3865 3221 0 0 0 0 16 0
1258 3866 3860 0 0 0 0 16 0
297 3867 866 0 0 0 0 16 0
481 3868 1424 0 0 0 0 16 0
789 3869 2425 0 0 0 0 16 0
1111 3870 3415 0 0 0 0 16 0
671 3871 2045 0 0 0 0 16 0
1285 3872 3947 0 0 0 0 16 0
48 3873 100 0 0 0 0 16 0
640 3874 1940 0 0 0 0 16 0
978 3875 3008 0 0 0 0 16 0
1286 3876 3950 0 0 0 0 16 0
1124 3877 3452 0 0 0 0 16 0
1224 3878 3756 0 0 0 0 16 0
1601 3879 4704 0 0 0 0 16 0
817 3880 2512 0 0 0 0 16 0
1124 3881 3452 0 0 0 0 16 0
1265 3882 3884 0 0 0 0 16 0
1264 3883 3880 0 0 0 0 16 0
138 3886 368 0 0 0 0 16 0
329 3887 954 0 0 0 0 16 0
1266 3889 3886 0 0 0 0 16 0
834 3890 2564 0 0 0 0 16 0
1014 3891 3129 0 0 0 0 16 0
1215 3892 3725 0 0 0 0 16 0
1290 3893 3963 0 0 0 0 16 0
834 3894 2564 0 0 0 0 16 0
1216 3895 3729 0 0 0 0 16 0
1270 3896 3898 0 0 0 0 16 0
1291 3897 3967 0 0 0 0 16 0
984 3898 3030 0 0 0 0 16 0
1217 3899 3733 0 0 0 0 16 0
1269 3900 3894 0 0 0 0 16 0
1292 3901 3971 0 0 0 0 16 0
1249 3902 3834 0 0 0 0 16 0
1281 3903 3935 0 0 0 0 16 0
2063 3904 5623 0 0 0 0 16 0
2072 3905 5641 0 0 0 0 16 0
767 3906 2350 0 0 0 0 16 0
981 3907 3018 0 0 0 0 16 0
1305 3908 4015 0 0 0 0 16 0
1476 3909 4400 0 0 0 0 16 0
314 3910 917 0 0 0 0 16 0
982 3911 3022 0 0 0 0 16 0
1205 3913 3699 0 0 0 0 16 0
374 3914 1088 0 0 0 0 16 0
442 3915 1302 0 0 0 0 16 0
1075 3916 3311 0 0 0 0 16 0
590 3917 1774 0 0 0 0 16 0
1289 3918 3960 0 0 0 0 16 0
1035 3920 3193 0 0 0 0 16 0
1156 3921 3553 0 0 0 0 16 0
1278 3922 3924 0 0 0 0 16 0
1462 3923 4366 0 0 0 0 16 0
838 3924 2579 0 0 0 0 16 0
1277 3925 3920 0 0 0 0 16 0
1462 3926 4366 0 0 0 0 16 0
838 3927 2579 0 0 0 0 16 0
1030 3928 3179 0 0 0 0 16 0
1157 3929 3557 0 0 0 0 16 0
1280 3930 3931 0 0 0 0 16 0
987 3931 3040 0 0 0 0 16 0
1029 3932 3175 0 0 0 0 16 0
1158 3933 3561 0 0 0 0 16 0
1279 3934 3927 0 0 0 0 16 0
704 3935 2148 0 0 0 0 16 0
1250 3936 3837 0 0 0 0 16 0
1271 3937 3902 0 0 0 0 16 0
2062 3938 5620 0 0 0 0 16 0
377 3939 1099 0 0 0 0 16 0
826 3940 2537 0 0 0 0 16 0
1302 3941 4004 0 0 0 0 16 0
542 3942 1614 0 0 0 0 16 0
543 3943 1618 0 0 0 0 16 0
1140 3944 3500 0 0 0 0 16 0
1150 3945 3531 0 0 0 0 16 0
397 3946 1168 0 0 0 0 16 0
670 3947 2041 0 0 0 0 16 0
1261 3948 3871 0 0 0 0 16 0
1582 3949 4664 0 0 0 0 16 0
46 3950 94 0 0 0 0 16 0
977 3951 3005 0 0 0 0 16 0
1262 3952 3873 0 0 0 0 16 0
232 3953 686 0 0 0 0 16 0
929 3954 2868 0 0 0 0 16 0
1792 3955 5076 0 0 0 0 16 0
527 3956 1570 0 0 0 0 16 0
901 3957 2778 0 0 0 0 16 0
925 3958 2860 0 0 0 0 16 0
1081 3959 3328 0 0 0 0 16 0
309 3960 900 0 0 0 0 16 0
919 3961 2843 0 0 0 0 16 0
1276 3962 3917 0 0 0 0 16 0
833 3963 2560 0 0 0 0 16 0
900 3964 2775 0 0 0 0 16 0
942 3965 2903 0 0 0 0 16 0
1268 3966 3890 0 0 0 0 16 0
833 3967 2560 0 0 0 0 16 0
943 3968 2907 0 0 0 0 16 0
1269 3969 3894 0 0 0 0 16 0
1292 3970 3971 0 0 0 0 16 0
944 3971 2911 0 0 0 0 16 0
983 3972 3026 0 0 0 0 16 0
1270 3973 3898 0 0 0 0 16 0
1291 3974 3967 0 0 0 0 16 0
624 3975 1886 0 0 0 0 16 0
1098 3976 3372 0 0 0 0 16 0
1342 3977 4105 0 0 0 0 16 0
311 3978 906 0 0 0 0 16 0
831 3979 2552 0 0 0 0 16 0
943 3980 2907 0 0 0 0 16 0
1317 3981 4052 0 0 0 0 16 0
561 3982 1678 0 0 0 0 16 0
840 3983 2587 0 0 0 0 16 0
1307 3984 4023 0 0 0 0 16 0
1429 3985 4289 0 0 0 0 16 0
143 3986 384 0 0 0 0 16 0
1180 3987 3624 0 0 0 0 16 0
1977 3988 5440 0 0 0 0 16 0
518 3989 1546 0 0 0 0 16 0
753 3990 2302 0 0 0 0 16 0
931 3991 2874 0 0 0 0 16 0
1096 3992 3367 0 0 0 0 16 0
1141 3993 3503 0 0 0 0 16 0
1300 3994 3998 0 0 0 0 16 0
1238 3995 3797 0 0 0 0 16 0
1321 3996 4060 0 0 0 0 16 0
565 3998 1692 0 0 0 0 16 0
1193 3999 3664 0 0 0 0 16 0
1298 4000 3992 0 0 0 0 16 0
5 4001 12 0 0 0 0 16 0
8 4002 20 0 0 0 0 16 0
159 4004 437 0 0 0 0 16 0
1282 4005 3939 0 0 0 0 16 0
1347 4006 4117 0 0 0 0 16 0
473 4007 1395 0 0 0 0 16 0
1100 4008 3378 0 0 0 0 16 0
1304 4009 4011 0 0 0 0 16 0
2143 4010 5768 0 0 0 0 16 0
19 4011 42 0 0 0 0 16 0
123 4012 323 0 0 0 0 16 0
1303 4013 4007 0 0 0 0 16 0
1929 4014 5337 0 0 0 0 16 0
394 4015 1158 0 0 0 0 16 0
533 4016 1589 0 0 0 0 16 0
843 4017 2596 0 0 0 0 16 0
1272 4018 3906 0 0 0 0 16 0
1018 4019 3142 0 0 0 0 16 0
1165 4020 3580 0 0 0 0 16 0
1594 4021 4690 0 0 0 0 16 0
2041 4022 5581 0 0 0 0 16 0
756 4023 2313 0 0 0 0 16 0
1295 4024 3982 0 0 0 0 16 0
1361 4025 4146 0 0 0 0 16 0
253 4026 740 0 0 0 0 16 0
649 4027 1968 0 0 0 0 16 0
751 4028 2296 0 0 0 0 16 0
1644 4029 4804 0 0 0 0 16 0
141 4030 378 0 0 0 0 16 0
610 4031 1836 0 0 0 0 16 0
815 4032 2508 0 0 0 0 16 0
1324 4033 4067 0 0 0 0 16 0
386 4034 1130 0 0 0 0 16 0
770 4037 2361 0 0 0 0 16 0
1207 4038 3706 0 0 0 0 16 0
1314 4039 4043 0 0 0 0 16 0
1753 4040 5015 0 0 0 0 16 0
1194 4041 3666 0 0 0 0 16 0
942 4042 2903 0 0 0 0 16 0
621 4043 1874 0 0 0 0 16 0
771 4044 2365 0 0 0 0 16 0
1311 4045 4037 0 0 0 0 16 0
1315 4046 4047 0 0 0 0 16 0
622 4047 1878 0 0 0 0 16 0
1098 4048 3372 0 0 0 0 16 0
1314 4049 4043 0 0 0 0 16 0
1756 4050 5021 0 0 0 0 16 0
831 4051 2552 0 0 0 0 16 0
313 4052 913 0 0 0 0 16 0
944 4053 2911 0 0 0 0 16 0
1294 4054 3978 0 0 0 0 16 0
868 4055 2674 0 0 0 0 16 0
869 4056 2677 0 0 0 0 16 0
2051 4057 5602 0 0 0 0 16 0
575 4058 1724 0 0 0 0 16 0
119 4059 311 0 0 0 0 16 0
822 4060 2524 0 0 0 0 16 0
1299 4061 3995 0 0 0 0 16 0
822 4062 2524 0 0 0 0 16 0
868 4063 2674 0 0 0 0 16 0
1238 4064 3797 0 0 0 0 16 0
1310 4066 4034 0 0 0 0 16 0
611 4067 1840 0 0 0 0 16 0
813 4068 2501 0 0 0 0 16 0
1309 4069 4030 0 0 0 0 16 0
2047 4070 5591 0 0 0 0 16 0
1265 4071 3883 0 0 0 0 16 0
1252 4072 3843 0 0 0 0 16 0
46 4073 94 0 0 0 0 16 0
1286 4074 3950 0 0 0 0 16 0
552 4075 1649 0 0 0 0 16 0
727 4076 2223 0 0 0 0 16 0
551 4077 1646 0 0 0 0 16 0
552 4078 1649 0 0 0 0 16 0
1328 4079 4075 0 0 0 0 16 0
1332 4080 4084 0 0 0 0 16 0
1440 4081 4312 0 0 0 0 16 0
509 4082 1512 0 0 0 0 16 0
1396 4083 4220 0 0 0 0 16 0
508 4084 1509 0 0 0 0 16 0
1440 4085 4312 0 0 0 0 16 0
952 4086 2931 0 0 0 0 16 0
1686 4087 4885 0 0 0 0 16 0
1310 4088 4034 0 0 0 0 16 0
455 4089 1338 0 0 0 0 16 0
493 4090 1461 0 0 0 0 16 0
556 4091 1663 0 0 0 0 16 0
1337 4092 4093 0 0 0 0 16 0
556 4093 1663 0 0 0 0 16 0
2023 4094 5549 0 0 0 0 16 0
281 4095 822 0 0 0 0 16 0
282 4096 826 0 0 0 0 16 0
1072 4097 3301 0 0 0 0 16 0
1083 4098 3332 0 0 0 0 16 0
342 4099 995 0 0 0 0 16 0
1172 4100 3601 0 0 0 0 16 0
1518 4101 4493 0 0 0 0 16 0
287 4102 843 0 0 0 0 16 0
495 4104 1465 0 0 0 0 16 0
1219 4105 3739 0 0 0 0 16 0
1293 4106 3975 0 0 0 0 16 0
1343 4107 4109 0 0 0 0 16 0
1759 4108 5027 0 0 0 0 16 0
414 4109 1220 0 0 0 0 16 0
1342 4110 4105 0 0 0 0 16 0
2102 4111 5699 0 0 0 0 16 0
848 4112 2611 0 0 0 0 16 0
1041 4113 3208 0 0 0 0 16 0
1411 4114 4252 0 0 0 0 16 0
980 4115 3015 0 0 0 0 16 0
674 4116 2055 0 0 0 0 16 0
348 4117 1013 0 0 0 0 16 0
824 4118 2531 0 0 0 0 16 0
1205 4119 3699 0 0 0 0 16 0
1302 4120 4004 0 0 0 0 16 0
997 4121 3075 0 0 0 0 16 0
996 4122 3071 0 0 0 0 16 0
996 4123 3071 0 0 0 0 16 0
161 4124 444 0 0 0 0 16 0
393 4125 1155 0 0 0 0 16 0
1354 4126 4128 0 0 0 0 16 0
1408 4127 4248 0 0 0 0 16 0
269 4128 781 0 0 0 0 16 0
1353 4129 4127 0 0 0 0 16 0
1408 4130 4247 0 0 0 0 16 0
532 4131 1585 0 0 0 0 16 0
807 4132 2486 0 0 0 0 16 0
1479 4133 4407 0 0 0 0 16 0
714 4134 2180 0 0 0 0 16 0
763 4135 2336 0 0 0 0 16 0
828 4136 2543 0 0 0 0 16 0
62 4137 145 0 0 0 0 16 0
63 4138 148 0 0 0 0 16 0
930 4139 2871 0 0 0 0 16 0
725 4140 2217 0 0 0 0 16 0
726 4141 2220 0 0 0 0 16 0
1360 4142 4145 0 0 0 0 16 0
930 4143 2871 0 0 0 0 16 0
1358 4144 4140 0 0 0 0 16 0
725 4145 2217 0 0 0 0 16 0
562 4146 1682 0 0 0 0 16 0
609 4147 1833 0 0 0 0 16 0
1307 4148 4023 0 0 0 0 16 0
1193 4149 3663 0 0 0 0 16 0
123 4150 323 0 0 0 0 16 0
1364 4151 4154 0 0 0 0 16 0
1436 4152 4304 0 0 0 0 16 0
1363 4153 4150 0 0 0 0 16 0
119 4155 310 0 0 0 0 16 0
500 4156 1482 0 0 0 0 16 0
1012 4157 3125 0 0 0 0 16 0
842 4158 2593 0 0 0 0 16 0
1640 4159 4796 0 0 0 0 16 0
1678 4160 4869 0 0 0 0 16 0
368 4161 1068 0 0 0 0 16 0
369 4162 1071 0 0 0 0 16 0
1369 4163 4164 0 0 0 0 16 0
850 4164 2615 0 0 0 0 16 0
1086 4165 3342 0 0 0 0 16 0
1368 4166 4161 0 0 0 0 16 0
1181 4167 3628 0 0 0 0 16 0
475 4168 1401 0 0 0 0 16 0
457 4169 1343 0 0 0 0 16 0
1138 4170 3494 0 0 0 0 16 0
456 4171 1341 0 0 0 0 16 0
2077 4172 5653 0 0 0 0 16 0
457 4173 1343 0 0 0 0 16 0
2078 4174 5654 0 0 0 0 16 0
1102 4175 3386 0 0 0 0 16 0
1773 4176 5050 0 0 0 0 16 0
2036 4177 5573 0 0 0 0 16 0
663 4178 2018 0 0 0 0 16 0
989 4180 3049 0 0 0 0 16 0
1490 4181 4424 0 0 0 0 16 0
1761 4182 5030 0 0 0 0 16 0
125 4183 331 0 0 0 0 16 0
2088 4184 5674 0 0 0 0 16 0
700 4185 2134 0 0 0 0 16 0
701 4186 2137 0 0 0 0 16 0
1054 4187 3251 0 0 0 0 16 0
35 4188 71 0 0 0 0 16 0
779 4189 2394 0 0 0 0 16 0
1382 4190 4191 0 0 0 0 16 0
447 4191 1316 0 0 0 0 16 0
779 4192 2394 0 0 0 0 16 0
1381 4193 4188 0 0 0 0 16 0
863 4194 2657 0 0 0 0 16 0
864 4195 2661 0 0 0 0 16 0
937 4196 2893 0 0 0 0 16 0
2057 4197 5611 0 0 0 0 16 0
683 4198 2085 0 0 0 0 16 0
689 4199 2104 0 0 0 0 16 0
1236 4200 3792 0 0 0 0 16 0
1817 4201 5116 0 0 0 0 16 0
1388 4202 4204 0 0 0 0 16 0
1685 4204 4884 0 0 0 0 16 0
598 4205 1799 0 0 0 0 16 0
1068 4206 3293 0 0 0 0 16 0
742 4208 2269 0 0 0 0 16 0
690 4209 2107 0 0 0 0 16 0
1392 4210 4212 0 0 0 0 16 0
1598 4211 4698 0 0 0 0 16 0
690 4212 2107 0 0 0 0 16 0
1394 4213 4215 0 0 0 0 16 0
574 4215 1721 0 0 0 0 16 0
1393 4216 4214 0 0 0 0 16 0
790 4217 2428 0 0 0 0 16 0
1399 4218 4227 0 0 0 0 16 0
2011 4219 5530 0 0 0 0 16 0
1425 4220 4279 0 0 0 0 16 0
2024 4221 5551 0 0 0 0 16 0
1399 4222 4226 0 0 0 0 16 0
1769 4223 5045 0 0 0 0 16 0
411 4224 1211 0 0 0 0 16 0
1397 4225 4222 0 0 0 0 16 0
1395 4226 4217 0 0 0 0 16 0
1400 4227 4228 0 0 0 0 16 0
925 4228 2860 0 0 0 0 16 0
2144 4229 5771 0 0 0 0 16 0
923 4230 2854 0 0 0 0 16 0
1019 4231 3146 0 0 0 0 16 0
1402 4232 4233 0 0 0 0 16 0
922 4233 2852 0 0 0 0 16 0
1117 4234 3431 0 0 0 0 16 0
1403 4235 4236 0 0 0 0 16 0
1118 4236 3434 0 0 0 0 16 0
1404 4237 4238 0 0 0 0 16 0
1393 4238 4213 0 0 0 0 16 0
399 4239 1172 0 0 0 0 16 0
400 4240 1176 0 0 0 0 16 0
530 4241 1579 0 0 0 0 16 0
246 4242 725 0 0 0 0 16 0
608 4243 1830 0 0 0 0 16 0
650 4244 1972 0 0 0 0 16 0
1096 4245 3366 0 0 0 0 16 0
1644 4246 4803 0 0 0 0 16 0
1353 4247 4126 0 0 0 0 16 0
1354 4248 4128 0 0 0 0 16 0
1195 4249 3669 0 0 0 0 16 0
1671 4250 4856 0 0 0 0 16 0
1986 4251 5459 0 0 0 0 16 0
367 4252 1064 0 0 0 0 16 0
1040 4253 3205 0 0 0 0 16 0
1344 4254 4112 0 0 0 0 16 0
1242 4255 3809 0 0 0 0 16 0
1780 4256 5062 0 0 0 0 16 0
1963 4257 5413 0 0 0 0 16 0
168 4258 466 0 0 0 0 16 0
2007 4259 5518 0 0 0 0 16 0
1709 4260 4933 0 0 0 0 16 0
1995 4261 5483 0 0 0 0 16 0
1060 4262 3267 0 0 0 0 16 0
694 4263 2116 0 0 0 0 16 0
1931 4264 5340 0 0 0 0 16 0
497 4265 1473 0 0 0 0 16 0
1670 4266 4855 0 0 0 0 16 0
1187 4267 3649 0 0 0 0 16 0
801 4268 2467 0 0 0 0 16 0
107 4269 280 0 0 0 0 16 0
2115 4270 5717 0 0 0 0 16 0
172 4271 476 0 0 0 0 16 0
672 4272 2049 0 0 0 0 16 0
673 4273 2053 0 0 0 0 16 0
1227 4274 3767 0 0 0 0 16 0
472 4275 1393 0 0 0 0 16 0
473 4276 1395 0 0 0 0 16 0
404 4277 1190 0 0 0 0 16 0
1622 4278 4757 0 0 0 0 16 0
597 4279 1796 0 0 0 0 16 0
1396 4280 4221 0 0 0 0 16 0
1398 4281 4224 0 0 0 0 16 0
755 4282 2309 0 0 0 0 16 0
1427 4283 4284 0 0 0 0 16 0
1157 4284 3557 0 0 0 0 16 0
1428 4285 4286 0 0 0 0 16 0
756 4286 2313 0 0 0 0 16 0
1429 4287 4288 0 0 0 0 16 0
1295 4288 3982 0 0 0 0 16 0
1426 4289 4282 0 0 0 0 16 0
1432 4291 4294 0 0 0 0 16 0
1585 4292 4672 0 0 0 0 16 0
1430 4293 4291 0 0 0 0 16 0
971 4294 2984 0 0 0 0 16 0
1364 4295 4153 0 0 0 0 16 0
1430 4296 4290 0 0 0 0 16 0
122 4297 321 0 0 0 0 16 0
611 4298 1840 0 0 0 0 16 0
1585 4299 4671 0 0 0 0 16 0
1364 4300 4153 0 0 0 0 16 0
1101 4301 3382 0 0 0 0 16 0
1436 4302 4303 0 0 0 0 16 0
1363 4303 4150 0 0 0 0 16 0
1435 4304 4301 0 0 0 0 16 0
609 4305 1833 0 0 0 0 16 0
757 4306 2317 0 0 0 0 16 0
969 4307 2978 0 0 0 0 16 0
1214 4308 3722 0 0 0 0 16 0
69 4309 167 0 0 0 0 16 0
1633 4310 4781 0 0 0 0 16 0
1648 4311 4810 0 0 0 0 16 0
939 4312 2898 0 0 0 0 16 0
1330 4313 4080 0 0 0 0 16 0
566 4314 1695 0 0 0 0 16 0
1447 4315 4325 0 0 0 0 16 0
568 4316 1701 0 0 0 0 16 0
1453 4317 4343 0 0 0 0 16 0
1000 4318 3086 0 0 0 0 16 0
1001 4319 3090 0 0 0 0 16 0
1445 4320 4321 0 0 0 0 16 0
344 4321 1001 0 0 0 0 16 0
467 4322 1378 0 0 0 0 16 0
468 4323 1381 0 0 0 0 16 0
1452 4324 4340 0 0 0 0 16 0
567 4325 1698 0 0 0 0 16 0
1215 4326 3725 0 0 0 0 16 0
1443 4327 4316 0 0 0 0 16 0
985 4328 3033 0 0 0 0 16 0
986 4329 3037 0 0 0 0 16 0
1449 4330 4331 0 0 0 0 16 0
721 4331 2205 0 0 0 0 16 0
722 4332 2209 0 0 0 0 16 0
1444 4333 4318 0 0 0 0 16 0
1028 4334 3173 0 0 0 0 16 0
1218 4335 3736 0 0 0 0 16 0
1448 4336 4328 0 0 0 0 16 0
570 4337 1708 0 0 0 0 16 0
1029 4338 3175 0 0 0 0 16 0
1450 4339 4334 0 0 0 0 16 0
569 4340 1704 0 0 0 0 16 0
1030 4341 3178 0 0 0 0 16 0
1451 4342 4337 0 0 0 0 16 0
568 4343 1701 0 0 0 0 16 0
836 4344 2572 0 0 0 0 16 0
1446 4345 4324 0 0 0 0 16 0
1015 4346 3132 0 0 0 0 16 0
1442 4347 4314 0 0 0 0 16 0
1023 4348 3158 0 0 0 0 16 0
1089 4349 3351 0 0 0 0 16 0
416 4350 1227 0 0 0 0 16 0
417 4351 1230 0 0 0 0 16 0
1457 4352 4353 0 0 0 0 16 0
1025 4353 3164 0 0 0 0 16 0
1160 4354 3568 0 0 0 0 16 0
1458 4355 4356 0 0 0 0 16 0
1024 4356 3160 0 0 0 0 16 0
1227 4357 3767 0 0 0 0 16 0
1455 4358 4348 0 0 0 0 16 0
1173 4359 3604 0 0 0 0 16 0
1522 4360 4503 0 0 0 0 16 0
345 4361 1005 0 0 0 0 16 0
346 4362 1008 0 0 0 0 16 0
1459 4363 4359 0 0 0 0 16 0
1228 4364 3769 0 0 0 0 16 0
1422 4365 4274 0 0 0 0 16 0
1033 4366 3186 0 0 0 0 16 0
1277 4367 3920 0 0 0 0 16 0
1278 4368 3924 0 0 0 0 16 0
66 4369 157 0 0 0 0 16 0
738 4370 2256 0 0 0 0 16 0
1635 4371 4787 0 0 0 0 16 0
68 4372 164 0 0 0 0 16 0
69 4373 167 0 0 0 0 16 0
1192 4374 3660 0 0 0 0 16 0
506 4375 1502 0 0 0 0 16 0
1466 4376 4377 0 0 0 0 16 0
507 4377 1506 0 0 0 0 16 0
2035 4378 5571 0 0 0 0 16 0
392 4379 1152 0 0 0 0 16 0
424 4380 1253 0 0 0 0 16 0
461 4381 1358 0 0 0 0 16 0
1470 4382 4386 0 0 0 0 16 0
420 4383 1241 0 0 0 0 16 0
533 4384 1589 0 0 0 0 16 0
1478 4385 4405 0 0 0 0 16 0
423 4386 1250 0 0 0 0 16 0
1474 4387 4395 0 0 0 0 16 0
425 4388 1255 0 0 0 0 16 0
1468 4389 4380 0 0 0 0 16 0
426 4390 1258 0 0 0 0 16 0
1473 4391 4392 0 0 0 0 16 0
337 4392 977 0 0 0 0 16 0
338 4393 980 0 0 0 0 16 0
1471 4394 4388 0 0 0 0 16 0
716 4395 2186 0 0 0 0 16 0
1475 4396 4397 0 0 0 0 16 0
422 4397 1247 0 0 0 0 16 0
966 4398 2970 0 0 0 0 16 0
1476 4399 4400 0 0 0 0 16 0
421 4400 1244 0 0 0 0 16 0
1272 4401 3906 0 0 0 0 16 0
1469 4402 4383 0 0 0 0 16 0
419 4403 1237 0 0 0 0 16 0
531 4404 1582 0 0 0 0 16 0
419 4405 1237 0 0 0 0 16 0
1477 4406 4403 0 0 0 0 16 0
394 4407 1158 0 0 0 0 16 0
807 4408 2486 0 0 0 0 16 0
768 4409 2354 0 0 0 0 16 0
999 4410 3083 0 0 0 0 16 0
465 4411 1371 0 0 0 0 16 0
1154 4412 3545 0 0 0 0 16 0
2130 4413 5746 0 0 0 0 16 0
1231 4414 3778 0 0 0 0 16 0
1484 4415 4413 0 0 0 0 16 0
22 4416 48 0 0 0 0 16 0
1948 4417 5380 0 0 0 0 16 0
1488 4418 4420 0 0 0 0 16 0
1812 4419 5106 0 0 0 0 16 0
1812 4421 5106 0 0 0 0 16 0
2085 4422 5669 0 0 0 0 16 0
2108 4423 5709 0 0 0 0 16 0
42 4424 86 0 0 0 0 16 0
1378 4425 4180 0 0 0 0 16 0
1810 4426 5103 0 0 0 0 16 0
193 4427 552 0 0 0 0 16 0
194 4428 555 0 0 0 0 16 0
1492 4429 4430 0 0 0 0 16 0
1166 4430 3584 0 0 0 0 16 0
1210 4431 3713 0 0 0 0 16 0
1493 4432 4433 0 0 0 0 16 0
1046 4433 3225 0 0 0 0 16 0
1047 4434 3228 0 0 0 0 16 0
1494 4435 4436 0 0 0 0 16 0
491 4436 1456 0 0 0 0 16 0
1495 4437 4439 0 0 0 0 16 0
1922 4438 5326 0 0 0 0 16 0
199 4439 574 0 0 0 0 16 0
200 4440 577 0 0 0 0 16 0
1496 4441 4442 0 0 0 0 16 0
1211 4442 3717 0 0 0 0 16 0
1573 4443 4639 0 0 0 0 16 0
179 4444 501 0 0 0 0 16 0
180 4445 504 0 0 0 0 16 0
1945 4446 5374 0 0 0 0 16 0
1007 4447 3108 0 0 0 0 16 0
1008 4448 3110 0 0 0 0 16 0
1499 4449 4450 0 0 0 0 16 0
383 4450 1120 0 0 0 0 16 0
384 4451 1123 0 0 0 0 16 0
1500 4452 4453 0 0 0 0 16 0
427 4453 1260 0 0 0 0 16 0
1547 4454 4572 0 0 0 0 16 0
1169 4455 3591 0 0 0 0 16 0
1502 4456 4458 0 0 0 0 16 0
1587 4457 4676 0 0 0 0 16 0
1162 4458 3571 0 0 0 0 16 0
1163 4459 3574 0 0 0 0 16 0
1503 4460 4461 0 0 0 0 16 0
769 4461 2358 0 0 0 0 16 0
1504 4462 4464 0 0 0 0 16 0
1728 4463 4967 0 0 0 0 16 0
1170 4464 3594 0 0 0 0 16 0
1171 4465 3597 0 0 0 0 16 0
1750 4466 5009 0 0 0 0 16 0
1491 4467 4427 0 0 0 0 16 0
1509 4468 4475 0 0 0 0 16 0
1516 4469 4488 0 0 0 0 16 0
213 4470 627 0 0 0 0 16 0
1506 4471 4468 0 0 0 0 16 0
459 4472 1351 0 0 0 0 16 0
1511 4473 4478 0 0 0 0 16 0
1506 4474 4469 0 0 0 0 16 0
1508 4475 4472 0 0 0 0 16 0
214 4476 631 0 0 0 0 16 0
1509 4477 4474 0 0 0 0 16 0
491 4478 1456 0 0 0 0 16 0
1510 4479 4476 0 0 0 0 16 0
192 4480 548 0 0 0 0 16 0
1515 4481 4486 0 0 0 0 16 0
991 4482 3054 0 0 0 0 16 0
1512 4483 4480 0 0 0 0 16 0
459 4484 1351 0 0 0 0 16 0
1513 4485 4482 0 0 0 0 16 0
1166 4486 3584 0 0 0 0 16 0
1514 4487 4484 0 0 0 0 16 0
214 4488 631 0 0 0 0 16 0
993 4489 3062 0 0 0 0 16 0
125 4490 331 0 0 0 0 16 0
968 4491 2976 0 0 0 0 16 0
1379 4492 4183 0 0 0 0 16 0
1209 4493 3710 0 0 0 0 16 0
1340 4494 4099 0 0 0 0 16 0
1519 4495 4496 0 0 0 0 16 0
1026 4496 3166 0 0 0 0 16 0
1027 4497 3170 0 0 0 0 16 0
1520 4498 4499 0 0 0 0 16 0
1036 4499 3196 0 0 0 0 16 0
1521 4500 4501 0 0 0 0 16 0
1173 4501 3604 0 0 0 0 16 0
1522 4502 4503 0 0 0 0 16 0
1159 4503 3565 0 0 0 0 16 0
2049 4504 5596 0 0 0 0 16 0
1172 4505 3601 0 0 0 0 16 0
45 4506 91 0 0 0 0 16 0
1327 4507 4073 0 0 0 0 16 0
1578 4508 4652 0 0 0 0 16 0
1526 4509 4511 0 0 0 0 16 0
2100 4510 5694 0 0 0 0 16 0
1108 4511 3407 0 0 0 0 16 0
1924 4512 5328 0 0 0 0 16 0
427 4513 1260 0 0 0 0 16 0
1016 4514 3135 0 0 0 0 16 0
1547 4515 4572 0 0 0 0 16 0
429 4516 1266 0 0 0 0 16 0
1018 4517 3142 0 0 0 0 16 0
1536 4518 4539 0 0 0 0 16 0
433 4519 1278 0 0 0 0 16 0
794 4520 2440 0 0 0 0 16 0
1532 4521 4528 0 0 0 0 16 0
435 4522 1284 0 0 0 0 16 0
1244 4523 3815 0 0 0 0 16 0
1538 4524 4545 0 0 0 0 16 0
444 4525 1308 0 0 0 0 16 0
1236 4526 3792 0 0 0 0 16 0
1544 4527 4563 0 0 0 0 16 0
432 4528 1275 0 0 0 0 16 0
1546 4529 4569 0 0 0 0 16 0
1734 4530 4978 0 0 0 0 16 0
272 4531 789 0 0 0 0 16 0
273 4532 791 0 0 0 0 16 0
1530 4533 4522 0 0 0 0 16 0
437 4534 1290 0 0 0 0 16 0
1539 4535 4548 0 0 0 0 16 0
1743 4536 4996 0 0 0 0 16 0
1230 4537 3774 0 0 0 0 16 0
1534 4538 4534 0 0 0 0 16 0
428 4539 1263 0 0 0 0 16 0
1017 4540 3138 0 0 0 0 16 0
1527 4541 4513 0 0 0 0 16 0
93 4542 243 0 0 0 0 16 0
94 4543 246 0 0 0 0 16 0
1545 4544 4566 0 0 0 0 16 0
434 4545 1281 0 0 0 0 16 0
1529 4546 4519 0 0 0 0 16 0
1746 4547 5002 0 0 0 0 16 0
436 4548 1287 0 0 0 0 16 0
1533 4549 4531 0 0 0 0 16 0
1744 4550 4998 0 0 0 0 16 0
438 4551 1293 0 0 0 0 16 0
1185 4552 3641 0 0 0 0 16 0
1535 4553 4537 0 0 0 0 16 0
294 4554 858 0 0 0 0 16 0
439 4555 1296 0 0 0 0 16 0
1849 4556 5180 0 0 0 0 16 0
441 4557 1300 0 0 0 0 16 0
1541 4558 4554 0 0 0 0 16 0
1838 4559 5158 0 0 0 0 16 0
443 4560 1305 0 0 0 0 16 0
1727 4561 4964 0 0 0 0 16 0
1826 4562 5134 0 0 0 0 16 0
133 4563 354 0 0 0 0 16 0
1543 4564 4560 0 0 0 0 16 0
1815 4565 5112 0 0 0 0 16 0
430 4566 1269 0 0 0 0 16 0
619 4567 1866 0 0 0 0 16 0
1528 4568 4516 0 0 0 0 16 0
431 4569 1272 0 0 0 0 16 0
872 4570 2687 0 0 0 0 16 0
1537 4571 4542 0 0 0 0 16 0
1472 4572 4390 0 0 0 0 16 0
1501 4573 4455 0 0 0 0 16 0
1256 4574 3854 0 0 0 0 16 0
918 4575 2840 0 0 0 0 16 0
1564 4576 4614 0 0 0 0 16 0
1968 4577 5423 0 0 0 0 16 0
178 4578 498 0 0 0 0 16 0
460 4579 1355 0 0 0 0 16 0
1575 4580 4643 0 0 0 0 16 0
1092 4581 3357 0 0 0 0 16 0
1113 4582 3423 0 0 0 0 16 0
1988 4583 5465 0 0 0 0 16 0
1202 4584 3690 0 0 0 0 16 0
1553 4585 4586 0 0 0 0 16 0
1183 4586 3634 0 0 0 0 16 0
1184 4587 3637 0 0 0 0 16 0
1554 4588 4589 0 0 0 0 16 0
1233 4589 3783 0 0 0 0 16 0
1555 4590 4592 0 0 0 0 16 0
846 4592 2605 0 0 0 0 16 0
1556 4593 4594 0 0 0 0 16 0
1112 4594 3419 0 0 0 0 16 0
1557 4595 4596 0 0 0 0 16 0
661 4596 2012 0 0 0 0 16 0
662 4597 2014 0 0 0 0 16 0
1558 4598 4599 0 0 0 0 16 0
1006 4599 3105 0 0 0 0 16 0
1559 4600 4601 0 0 0 0 16 0
1139 4601 3497 0 0 0 0 16 0
1240 4602 3803 0 0 0 0 16 0
1560 4603 4604 0 0 0 0 16 0
1077 4604 3316 0 0 0 0 16 0
1561 4605 4606 0 0 0 0 16 0
1128 4606 3462 0 0 0 0 16 0
1129 4607 3464 0 0 0 0 16 0
1562 4608 4609 0 0 0 0 16 0
805 4609 2480 0 0 0 0 16 0
1563 4610 4611 0 0 0 0 16 0
792 4611 2434 0 0 0 0 16 0
1549 4612 4575 0 0 0 0 16 0
1966 4613 5419 0 0 0 0 16 0
870 4614 2681 0 0 0 0 16 0
1565 4615 4617 0 0 0 0 16 0
1974 4616 5435 0 0 0 0 16 0
81 4617 207 0 0 0 0 16 0
82 4618 210 0 0 0 0 16 0
1566 4619 4620 0 0 0 0 16 0
614 4620 1848 0 0 0 0 16 0
615 4621 1851 0 0 0 0 16 0
1567 4622 4623 0 0 0 0 16 0
183 4623 515 0 0 0 0 16 0
1253 4624 3846 0 0 0 0 16 0
1568 4625 4626 0 0 0 0 16 0
1147 4626 3522 0 0 0 0 16 0
1254 4627 3848 0 0 0 0 16 0
1569 4628 4629 0 0 0 0 16 0
1146 4629 3518 0 0 0 0 16 0
1255 4630 3851 0 0 0 0 16 0
1570 4631 4632 0 0 0 0 16 0
1094 4632 3361 0 0 0 0 16 0
1095 4633 3363 0 0 0 0 16 0
1571 4634 4635 0 0 0 0 16 0
1211 4635 3717 0 0 0 0 16 0
1572 4636 4637 0 0 0 0 16 0
1145 4637 3515 0 0 0 0 16 0
1573 4638 4639 0 0 0 0 16 0
1497 4639 4444 0 0 0 0 16 0
1574 4640 4641 0 0 0 0 16 0
1167 4641 3587 0 0 0 0 16 0
1550 4642 4578 0 0 0 0 16 0
177 4643 494 0 0 0 0 16 0
994 4644 3064 0 0 0 0 16 0
1576 4645 4646 0 0 0 0 16 0
176 4646 490 0 0 0 0 16 0
723 4647 2211 0 0 0 0 16 0
1577 4648 4649 0 0 0 0 16 0
976 4649 3002 0 0 0 0 16 0
977 4650 3005 0 0 0 0 16 0
1524 4651 4506 0 0 0 0 16 0
582 4652 1750 0 0 0 0 16 0
583 4653 1753 0 0 0 0 16 0
1579 4654 4655 0 0 0 0 16 0
1106 4655 3400 0 0 0 0 16 0
1107 4656 3403 0 0 0 0 16 0
1580 4657 4658 0 0 0 0 16 0
153 4658 418 0 0 0 0 16 0
154 4659 421 0 0 0 0 16 0
1581 4660 4661 0 0 0 0 16 0
669 4661 2038 0 0 0 0 16 0
670 4662 2041 0 0 0 0 16 0
1582 4663 4664 0 0 0 0 16 0
1256 4664 3854 0 0 0 0 16 0
1285 4665 3947 0 0 0 0 16 0
1548 4666 4574 0 0 0 0 16 0
950 4667 2927 0 0 0 0 16 0
1699 4668 4916 0 0 0 0 16 0
1216 4669 3729 0 0 0 0 16 0
1217 4670 3733 0 0 0 0 16 0
1430 4671 4290 0 0 0 0 16 0
1433 4672 4297 0 0 0 0 16 0
1505 4674 4467 0 0 0 0 16 0
1501 4675 4455 0 0 0 0 16 0
1588 4676 4677 0 0 0 0 16 0
1016 4677 3135 0 0 0 0 16 0
1589 4678 4679 0 0 0 0 16 0
1590 4679 4681 0 0 0 0 16 0
1591 4680 4684 0 0 0 0 16 0
1163 4681 3573 0 0 0 0 16 0
1587 4682 4675 0 0 0 0 16 0
1589 4683 4679 0 0 0 0 16 0
1592 4684 4685 0 0 0 0 16 0
1017 4685 3138 0 0 0 0 16 0
1594 4686 4689 0 0 0 0 16 0
1164 4687 3576 0 0 0 0 16 0
1591 4688 4683 0 0 0 0 16 0
1306 4689 4019 0 0 0 0 16 0
1593 4690 4687 0 0 0 0 16 0
177 4691 494 0 0 0 0 16 0
178 4692 498 0 0 0 0 16 0
1597 4693 4697 0 0 0 0 16 0
995 4694 3067 0 0 0 0 16 0
1597 4695 4696 0 0 0 0 16 0
1595 4696 4691 0 0 0 0 16 0
1946 4697 5376 0 0 0 0 16 0
691 4698 2109 0 0 0 0 16 0
1391 4699 4209 0 0 0 0 16 0
534 4700 1593 0 0 0 0 16 0
535 4701 1594 0 0 0 0 16 0
1732 4702 4974 0 0 0 0 16 0
1906 4703 5294 0 0 0 0 16 0
887 4704 2737 0 0 0 0 16 0
1263 4705 3877 0 0 0 0 16 0
1602 4706 4707 0 0 0 0 16 0
500 4707 1482 0 0 0 0 16 0
1012 4708 3125 0 0 0 0 16 0
1601 4709 4704 0 0 0 0 16 0
1021 4710 3152 0 0 0 0 16 0
1132 4711 3476 0 0 0 0 16 0
1692 4712 4896 0 0 0 0 16 0
797 4713 2452 0 0 0 0 16 0
798 4714 2456 0 0 0 0 16 0
1603 4715 4710 0 0 0 0 16 0
907 4716 2800 0 0 0 0 16 0
908 4717 2804 0 0 0 0 16 0
1604 4718 4713 0 0 0 0 16 0
875 4719 2698 0 0 0 0 16 0
876 4720 2701 0 0 0 0 16 0
1605 4721 4716 0 0 0 0 16 0
103 4722 273 0 0 0 0 16 0
1606 4723 4719 0 0 0 0 16 0
317 4724 926 0 0 0 0 16 0
1607 4725 4722 0 0 0 0 16 0
625 4726 1890 0 0 0 0 16 0
626 4727 1894 0 0 0 0 16 0
1608 4728 4724 0 0 0 0 16 0
1022 4729 3155 0 0 0 0 16 0
1088 4730 3348 0 0 0 0 16 0
1609 4731 4726 0 0 0 0 16 0
1221 4732 3746 0 0 0 0 16 0
1610 4733 4729 0 0 0 0 16 0
1024 4734 3160 0 0 0 0 16 0
1149 4735 3528 0 0 0 0 16 0
1611 4736 4732 0 0 0 0 16 0
1025 4737 3163 0 0 0 0 16 0
1148 4738 3525 0 0 0 0 16 0
1612 4739 4734 0 0 0 0 16 0
415 4740 1223 0 0 0 0 16 0
416 4741 1227 0 0 0 0 16 0
90 4742 234 0 0 0 0 16 0
1616 4743 4744 0 0 0 0 16 0
871 4744 2683 0 0 0 0 16 0
1617 4745 4746 0 0 0 0 16 0
363 4746 1051 0 0 0 0 16 0
1618 4747 4748 0 0 0 0 16 0
431 4748 1272 0 0 0 0 16 0
1615 4749 4742 0 0 0 0 16 0
76 4750 187 0 0 0 0 16 0
2040 4751 5578 0 0 0 0 16 0
637 4752 1929 0 0 0 0 16 0
1621 4753 4754 0 0 0 0 16 0
77 4754 190 0 0 0 0 16 0
2040 4755 5578 0 0 0 0 16 0
1424 4756 4277 0 0 0 0 16 0
2053 4757 5605 0 0 0 0 16 0
124 4758 327 0 0 0 0 16 0
1624 4759 4761 0 0 0 0 16 0
1796 4760 5083 0 0 0 0 16 0
124 4761 327 0 0 0 0 16 0
474 4762 1398 0 0 0 0 16 0
58 4763 132 0 0 0 0 16 0
59 4764 135 0 0 0 0 16 0
1626 4765 4766 0 0 0 0 16 0
59 4766 135 0 0 0 0 16 0
418 4767 1233 0 0 0 0 16 0
714 4768 2180 0 0 0 0 16 0
726 4769 2220 0 0 0 0 16 0
727 4770 2223 0 0 0 0 16 0
504 4771 1495 0 0 0 0 16 0
550 4772 1643 0 0 0 0 16 0
1630 4773 4774 0 0 0 0 16 0
503 4774 1491 0 0 0 0 16 0
504 4775 1494 0 0 0 0 16 0
504 4776 1494 0 0 0 0 16 0
551 4777 1646 0 0 0 0 16 0
1632 4778 4779 0 0 0 0 16 0
504 4779 1494 0 0 0 0 16 0
2027 4780 5557 0 0 0 0 16 0
69 4781 167 0 0 0 0 16 0
607 4782 1826 0 0 0 0 16 0
65 4783 154 0 0 0 0 16 0
941 4784 2901 0 0 0 0 16 0
1635 4785 4786 0 0 0 0 16 0
1463 4786 4369 0 0 0 0 16 0
1634 4787 4783 0 0 0 0 16 0
357 4788 1036 0 0 0 0 16 0
738 4789 2256 0 0 0 0 16 0
1636 4791 4788 0 0 0 0 16 0
361 4792 1047 0 0 0 0 16 0
1640 4794 4795 0 0 0 0 16 0
1367 4795 4160 0 0 0 0 16 0
1639 4796 4793 0 0 0 0 16 0
1197 4797 3675 0 0 0 0 16 0
1198 4798 3678 0 0 0 0 16 0
969 4800 2977 0 0 0 0 16 0
2095 4801 5685 0 0 0 0 16 0
932 4802 2877 0 0 0 0 16 0
1308 4803 4026 0 0 0 0 16 0
1407 4804 4245 0 0 0 0 16 0
259 4805 755 0 0 0 0 16 0
49 4806 104 0 0 0 0 16 0
50 4807 108 0 0 0 0 16 0
173 4808 479 0 0 0 0 16 0
259 4809 755 0 0 0 0 16 0
939 4810 2898 0 0 0 0 16 0
1439 4811 4309 0 0 0 0 16 0
1649 4812 4813 0 0 0 0 16 0
71 4813 174 0 0 0 0 16 0
265 4814 768 0 0 0 0 16 0
679 4815 2070 0 0 0 0 16 0
1651 4816 4817 0 0 0 0 16 0
527 4817 1570 0 0 0 0 16 0
1952 4818 5393 0 0 0 0 16 0
68 4819 164 0 0 0 0 16 0
606 4820 1823 0 0 0 0 16 0
706 4821 2155 0 0 0 0 16 0
896 4822 2763 0 0 0 0 16 0
1655 4823 4824 0 0 0 0 16 0
896 4824 2763 0 0 0 0 16 0
1081 4825 3328 0 0 0 0 16 0
1654 4826 4821 0 0 0 0 16 0
1336 4827 4092 0 0 0 0 16 0
1661 4828 4837 0 0 0 0 16 0
1659 4830 4833 0 0 0 0 16 0
493 4831 1461 0 0 0 0 16 0
1660 4832 4835 0 0 0 0 16 0
1658 4833 4831 0 0 0 0 16 0
1939 4834 5361 0 0 0 0 16 0
494 4835 1464 0 0 0 0 16 0
2022 4836 5548 0 0 0 0 16 0
115 4837 297 0 0 0 0 16 0
325 4838 943 0 0 0 0 16 0
157 4839 433 0 0 0 0 16 0
301 4840 875 0 0 0 0 16 0
957 4841 2946 0 0 0 0 16 0
1299 4842 3995 0 0 0 0 16 0
495 4843 1465 0 0 0 0 16 0
559 4844 1672 0 0 0 0 16 0
990 4845 3052 0 0 0 0 16 0
1666 4846 4847 0 0 0 0 16 0
558 4847 1669 0 0 0 0 16 0
559 4848 1672 0 0 0 0 16 0
867 4849 2671 0 0 0 0 16 0
868 4850 2674 0 0 0 0 16 0
1059 4851 3264 0 0 0 0 16 0
1074 4852 3309 0 0 0 0 16 0
2016 4854 5538 0 0 0 0 16 0
1669 4855 4854 0 0 0 0 16 0
292 4856 853 0 0 0 0 16 0
1409 4857 4249 0 0 0 0 16 0
1673 4858 4862 0 0 0 0 16 0
291 4859 851 0 0 0 0 16 0
292 4860 853 0 0 0 0 16 0
1673 4861 4862 0 0 0 0 16 0
290 4862 849 0 0 0 0 16 0
1671 4863 4856 0 0 0 0 16 0
1672 4864 4859 0 0 0 0 16 0
307 4865 893 0 0 0 0 16 0
1080 4866 3325 0 0 0 0 16 0
953 4867 2934 0 0 0 0 16 0
814 4868 2505 0 0 0 0 16 0
811 4869 2495 0 0 0 0 16 0
1367 4870 4159 0 0 0 0 16 0
119 4871 310 0 0 0 0 16 0
120 4872 313 0 0 0 0 16 0
1679 4874 4871 0 0 0 0 16 0
245 4875 722 0 0 0 0 16 0
328 4876 951 0 0 0 0 16 0
1695 4877 4904 0 0 0 0 16 0
1774 4878 5051 0 0 0 0 16 0
948 4879 2922 0 0 0 0 16 0
1174 4880 3608 0 0 0 0 16 0
1775 4881 5052 0 0 0 0 16 0
1052 4882 3247 0 0 0 0 16 0
1699 4883 4916 0 0 0 0 16 0
1333 4884 4086 0 0 0 0 16 0
1387 4885 4202 0 0 0 0 16 0
1685 4886 4884 0 0 0 0 16 0
689 4887 2103 0 0 0 0 16 0
1222 4888 3749 0 0 0 0 16 0
1698 4889 4913 0 0 0 0 16 0
279 4890 814 0 0 0 0 16 0
1690 4891 4892 0 0 0 0 16 0
947 4892 2920 0 0 0 0 16 0
1879 4893 5240 0 0 0 0 16 0
947 4894 2920 0 0 0 0 16 0
1689 4895 4890 0 0 0 0 16 0
1688 4896 4888 0 0 0 0 16 0
1691 4897 4894 0 0 0 0 16 0
134 4898 357 0 0 0 0 16 0
1700 4899 4918 0 0 0 0 16 0
1823 4900 5128 0 0 0 0 16 0
936 4901 2890 0 0 0 0 16 0
951 4902 2929 0 0 0 0 16 0
1693 4903 4898 0 0 0 0 16 0
948 4904 2921 0 0 0 0 16 0
1682 4905 4876 0 0 0 0 16 0
1776 4906 5053 0 0 0 0 16 0
654 4907 1987 0 0 0 0 16 0
655 4908 1991 0 0 0 0 16 0
1697 4909 4910 0 0 0 0 16 0
654 4910 1987 0 0 0 0 16 0
854 4911 2628 0 0 0 0 16 0
1695 4912 4904 0 0 0 0 16 0
277 4913 807 0 0 0 0 16 0
278 4914 811 0 0 0 0 16 0
1696 4915 4907 0 0 0 0 16 0
1052 4916 3247 0 0 0 0 16 0
1701 4917 4921 0 0 0 0 16 0
683 4918 2084 0 0 0 0 16 0
952 4919 2931 0 0 0 0 16 0
1686 4920 4885 0 0 0 0 16 0
1694 4921 4901 0 0 0 0 16 0
684 4922 2087 0 0 0 0 16 0
1684 4923 4882 0 0 0 0 16 0
851 4924 2618 0 0 0 0 16 0
696 4925 2120 0 0 0 0 16 0
1705 4926 4927 0 0 0 0 16 0
935 4927 2887 0 0 0 0 16 0
1701 4928 4921 0 0 0 0 16 0
858 4929 2641 0 0 0 0 16 0
2001 4930 5504 0 0 0 0 16 0
1862 4931 5206 0 0 0 0 16 0
2010 4932 5527 0 0 0 0 16 0
697 4933 2124 0 0 0 0 16 0
1414 4934 4261 0 0 0 0 16 0
858 4935 2641 0 0 0 0 16 0
1863 4936 5208 0 0 0 0 16 0
1189 4937 3655 0 0 0 0 16 0
2046 4938 5589 0 0 0 0 16 0
859 4939 2644 0 0 0 0 16 0
893 4940 2753 0 0 0 0 16 0
857 4941 2638 0 0 0 0 16 0
1994 4942 5480 0 0 0 0 16 0
106 4943 279 0 0 0 0 16 0
878 4944 2708 0 0 0 0 16 0
877 4945 2704 0 0 0 0 16 0
1074 4946 3309 0 0 0 0 16 0
1721 4947 4954 0 0 0 0 16 0
1985 4948 5458 0 0 0 0 16 0
1084 4949 3335 0 0 0 0 16 0
1722 4950 4955 0 0 0 0 16 0
1057 4951 3259 0 0 0 0 16 0
1721 4952 4953 0 0 0 0 16 0
1717 4953 4946 0 0 0 0 16 0
1719 4954 4949 0 0 0 0 16 0
1720 4955 4951 0 0 0 0 16 0
701 4957 2137 0 0 0 0 16 0
1724 4958 4959 0 0 0 0 16 0
360 4959 1045 0 0 0 0 16 0
1055 4960 3254 0 0 0 0 16 0
1723 4961 4957 0 0 0 0 16 0
728 4962 2227 0 0 0 0 16 0
2069 4963 5632 0 0 0 0 16 0
442 4964 1302 0 0 0 0 16 0
1542 4965 4557 0 0 0 0 16 0
1503 4966 4461 0 0 0 0 16 0
1729 4967 4968 0 0 0 0 16 0
1163 4968 3573 0 0 0 0 16 0
1730 4969 4970 0 0 0 0 16 0
770 4970 2361 0 0 0 0 16 0
1731 4971 4972 0 0 0 0 16 0
1207 4972 3705 0 0 0 0 16 0
1728 4973 4966 0 0 0 0 16 0
2082 4974 5663 0 0 0 0 16 0
872 4975 2687 0 0 0 0 16 0
1734 4976 4977 0 0 0 0 16 0
1532 4977 4528 0 0 0 0 16 0
1735 4978 4979 0 0 0 0 16 0
794 4979 2440 0 0 0 0 16 0
1736 4980 4981 0 0 0 0 16 0
773 4981 2373 0 0 0 0 16 0
1733 4982 4975 0 0 0 0 16 0
1739 4983 4988 0 0 0 0 16 0
1743 4984 4995 0 0 0 0 16 0
1230 4985 3774 0 0 0 0 16 0
1926 4986 5332 0 0 0 0 16 0
1737 4987 4984 0 0 0 0 16 0
1745 4988 4999 0 0 0 0 16 0
273 4989 791 0 0 0 0 16 0
1744 4990 4997 0 0 0 0 16 0
1244 4991 3815 0 0 0 0 16 0
1747 4992 5003 0 0 0 0 16 0
794 4993 2440 0 0 0 0 16 0
1746 4994 5001 0 0 0 0 16 0
1534 4995 4534 0 0 0 0 16 0
1738 4996 4985 0 0 0 0 16 0
1539 4997 4548 0 0 0 0 16 0
1739 4998 4987 0 0 0 0 16 0
652 4999 1979 0 0 0 0 16 0
1740 5000 4989 0 0 0 0 16 0
1538 5001 4545 0 0 0 0 16 0
1741 5002 4991 0 0 0 0 16 0
775 5003 2381 0 0 0 0 16 0
1742 5004 4993 0 0 0 0 16 0
791 5005 2431 0 0 0 0 16 0
1207 5006 3705 0 0 0 0 16 0
1752 5007 5012 0 0 0 0 16 0
1504 5008 4464 0 0 0 0 16 0
1749 5009 5006 0 0 0 0 16 0
1097 5010 3370 0 0 0 0 16 0
1750 5011 5008 0 0 0 0 16 0
1751 5012 5010 0 0 0 0 16 0
1754 5013 5017 0 0 0 0 16 0
1311 5014 4037 0 0 0 0 16 0
1756 5015 5020 0 0 0 0 16 0
1752 5016 5012 0 0 0 0 16 0
1753 5017 5014 0 0 0 0 16 0
1754 5018 5016 0 0 0 0 16 0
1757 5019 5023 0 0 0 0 16 0
1315 5020 4047 0 0 0 0 16 0
1755 5021 5018 0 0 0 0 16 0
1755 5022 5018 0 0 0 0 16 0
1760 5023 5028 0 0 0 0 16 0
1097 5024 3369 0 0 0 0 16 0
1757 5025 5022 0 0 0 0 16 0
1342 5026 4105 0 0 0 0 16 0
1758 5027 5024 0 0 0 0 16 0
1098 5028 3372 0 0 0 0 16 0
1759 5029 5026 0 0 0 0 16 0
1762 5030 5032 0 0 0 0 16 0
2107 5031 5707 0 0 0 0 16 0
1490 5032 4424 0 0 0 0 16 0
17 5033 40 0 0 0 0 16 0
42 5034 85 0 0 0 0 16 0
275 5035 799 0 0 0 0 16 0
652 5036 1979 0 0 0 0 16 0
653 5037 1983 0 0 0 0 16 0
104 5038 275 0 0 0 0 16 0
876 5039 2701 0 0 0 0 16 0
168 5040 466 0 0 0 0 16 0
2007 5041 5517 0 0 0 0 16 0
1653 5042 4820 0 0 0 0 16 0
2026 5043 5554 0 0 0 0 16 0
1273 5044 3910 0 0 0 0 16 0
411 5045 1211 0 0 0 0 16 0
926 5046 2863 0 0 0 0 16 0
968 5047 2975 0 0 0 0 16 0
967 5048 2973 0 0 0 0 16 0
907 5049 2800 0 0 0 0 16 0
2128 5050 5743 0 0 0 0 16 0
1702 5051 4922 0 0 0 0 16 0
854 5052 2628 0 0 0 0 16 0
949 5053 2924 0 0 0 0 16 0
1774 5054 5051 0 0 0 0 16 0
118 5055 307 0 0 0 0 16 0
990 5056 3051 0 0 0 0 16 0
1808 5057 5099 0 0 0 0 16 0
707 5058 2158 0 0 0 0 16 0
708 5059 2162 0 0 0 0 16 0
1778 5061 5058 0 0 0 0 16 0
847 5062 2608 0 0 0 0 16 0
848 5063 2611 0 0 0 0 16 0
1412 5064 4255 0 0 0 0 16 0
327 5065 948 0 0 0 0 16 0
1056 5066 3257 0 0 0 0 16 0
1057 5067 3259 0 0 0 0 16 0
1722 5068 4955 0 0 0 0 16 0
1322 5069 4062 0 0 0 0 16 0
1585 5070 4671 0 0 0 0 16 0
612 5071 1843 0 0 0 0 16 0
560 5072 1675 0 0 0 0 16 0
255 5073 746 0 0 0 0 16 0
887 5074 2737 0 0 0 0 16 0
1641 5075 4797 0 0 0 0 16 0
817 5076 2512 0 0 0 0 16 0
1224 5077 3756 0 0 0 0 16 0
1287 5078 3953 0 0 0 0 16 0
1265 5079 3883 0 0 0 0 16 0
1096 5080 3366 0 0 0 0 16 0
822 5081 2524 0 0 0 0 16 0
1623 5082 4758 0 0 0 0 16 0
2061 5083 5618 0 0 0 0 16 0
498 5084 1476 0 0 0 0 16 0
1927 5085 5334 0 0 0 0 16 0
1092 5086 3357 0 0 0 0 16 0
2076 5088 5651 0 0 0 0 16 0
340 5089 988 0 0 0 0 16 0
1170 5090 3594 0 0 0 0 16 0
689 5091 2103 0 0 0 0 16 0
1818 5092 5118 0 0 0 0 16 0
866 5093 2668 0 0 0 0 16 0
1377 5094 4178 0 0 0 0 16 0
2 5095 3 0 0 0 0 16 0
117 5096 304 0 0 0 0 16 0
1806 5098 5095 0 0 0 0 16 0
990 5099 3051 0 0 0 0 16 0
1127 5100 3459 0 0 0 0 16 0
13 5101 30 0 0 0 0 16 0
37 5102 76 0 0 0 0 16 0
33 5103 68 0 0 0 0 16 0
1811 5104 5105 0 0 0 0 16 0
1586 5105 4674 0 0 0 0 16 0
2086 5106 5670 0 0 0 0 16 0
837 5107 2575 0 0 0 0 16 0
1031 5108 3181 0 0 0 0 16 0
1816 5109 5113 0 0 0 0 16 0
2045 5110 5587 0 0 0 0 16 0
1544 5111 4563 0 0 0 0 16 0
1814 5112 5109 0 0 0 0 16 0
1815 5113 5111 0 0 0 0 16 0
1825 5114 5132 0 0 0 0 16 0
1386 5115 4198 0 0 0 0 16 0
1819 5116 5119 0 0 0 0 16 0
1817 5118 5115 0 0 0 0 16 0
1820 5119 5121 0 0 0 0 16 0
1822 5120 5126 0 0 0 0 16 0
1818 5121 5117 0 0 0 0 16 0
1829 5122 5140 0 0 0 0 16 0
683 5123 2084 0 0 0 0 16 0
1823 5124 5127 0 0 0 0 16 0
1819 5125 5119 0 0 0 0 16 0
1821 5126 5123 0 0 0 0 16 0
1693 5127 4898 0 0 0 0 16 0
1824 5128 5129 0 0 0 0 16 0
1822 5129 5125 0 0 0 0 16 0
1833 5130 5148 0 0 0 0 16 0
1816 5131 5113 0 0 0 0 16 0
1827 5132 5135 0 0 0 0 16 0
1543 5133 4560 0 0 0 0 16 0
1825 5134 5131 0 0 0 0 16 0
1828 5135 5137 0 0 0 0 16 0
1830 5136 5142 0 0 0 0 16 0
1826 5137 5133 0 0 0 0 16 0
1837 5138 5156 0 0 0 0 16 0
1820 5139 5121 0 0 0 0 16 0
1831 5140 5143 0 0 0 0 16 0
1827 5141 5135 0 0 0 0 16 0
1829 5142 5139 0 0 0 0 16 0
1832 5143 5145 0 0 0 0 16 0
1834 5144 5150 0 0 0 0 16 0
1830 5145 5141 0 0 0 0 16 0
1841 5146 5164 0 0 0 0 16 0
1824 5147 5129 0 0 0 0 16 0
1835 5148 5151 0 0 0 0 16 0
1831 5149 5143 0 0 0 0 16 0
1833 5150 5147 0 0 0 0 16 0
936 5151 2890 0 0 0 0 16 0
1836 5152 5153 0 0 0 0 16 0
1834 5153 5149 0 0 0 0 16 0
1845 5154 5172 0 0 0 0 16 0
1828 5155 5137 0 0 0 0 16 0
1839 5156 5159 0 0 0 0 16 0
1542 5157 4557 0 0 0 0 16 0
1837 5158 5155 0 0 0 0 16 0
1840 5159 5161 0 0 0 0 16 0
1842 5160 5166 0 0 0 0 16 0
1838 5161 5157 0 0 0 0 16 0
1848 5162 5178 0 0 0 0 16 0
1832 5163 5145 0 0 0 0 16 0
1843 5164 5167 0 0 0 0 16 0
1839 5165 5159 0 0 0 0 16 0
1841 5166 5163 0 0 0 0 16 0
1844 5167 5169 0 0 0 0 16 0
1846 5168 5174 0 0 0 0 16 0
1842 5169 5165 0 0 0 0 16 0
1852 5170 5186 0 0 0 0 16 0
1836 5171 5153 0 0 0 0 16 0
1847 5172 5175 0 0 0 0 16 0
1843 5173 5167 0 0 0 0 16 0
1845 5174 5171 0 0 0 0 16 0
934 5175 2884 0 0 0 0 16 0
1990 5176 5469 0 0 0 0 16 0
1840 5177 5161 0 0 0 0 16 0
1850 5178 5181 0 0 0 0 16 0
1541 5179 4554 0 0 0 0 16 0
1848 5180 5177 0 0 0 0 16 0
1851 5181 5183 0 0 0 0 16 0
1853 5182 5188 0 0 0 0 16 0
1849 5183 5179 0 0 0 0 16 0
1856 5184 5194 0 0 0 0 16 0
1844 5185 5169 0 0 0 0 16 0
1854 5186 5189 0 0 0 0 16 0
1850 5187 5181 0 0 0 0 16 0
1852 5188 5185 0 0 0 0 16 0
682 5189 2080 0 0 0 0 16 0
1855 5190 5191 0 0 0 0 16 0
295 5191 860 0 0 0 0 16 0
1853 5192 5187 0 0 0 0 16 0
1851 5193 5183 0 0 0 0 16 0
1858 5194 5197 0 0 0 0 16 0
294 5195 858 0 0 0 0 16 0
1856 5196 5193 0 0 0 0 16 0
295 5197 860 0 0 0 0 16 0
1859 5198 5199 0 0 0 0 16 0
1185 5199 3641 0 0 0 0 16 0
1857 5200 5195 0 0 0 0 16 0
1060 5201 3267 0 0 0 0 16 0
2032 5202 5566 0 0 0 0 16 0
1860 5203 5201 0 0 0 0 16 0
1933 5204 5346 0 0 0 0 16 0
1864 5206 5209 0 0 0 0 16 0
1710 5207 4935 0 0 0 0 16 0
1862 5208 5205 0 0 0 0 16 0
859 5209 2643 0 0 0 0 16 0
1865 5210 5211 0 0 0 0 16 0
657 5211 1997 0 0 0 0 16 0
1863 5212 5207 0 0 0 0 16 0
893 5213 2753 0 0 0 0 16 0
1868 5214 5217 0 0 0 0 16 0
859 5215 2643 0 0 0 0 16 0
1866 5216 5213 0 0 0 0 16 0
860 5217 2646 0 0 0 0 16 0
1869 5218 5219 0 0 0 0 16 0
658 5219 2001 0 0 0 0 16 0
1867 5220 5215 0 0 0 0 16 0
657 5221 1997 0 0 0 0 16 0
1872 5222 5225 0 0 0 0 16 0
279 5223 814 0 0 0 0 16 0
1870 5224 5221 0 0 0 0 16 0
1873 5225 5227 0 0 0 0 16 0
1875 5226 5232 0 0 0 0 16 0
1871 5227 5223 0 0 0 0 16 0
1878 5228 5238 0 0 0 0 16 0
658 5229 2001 0 0 0 0 16 0
1876 5230 5233 0 0 0 0 16 0
1872 5231 5225 0 0 0 0 16 0
1874 5232 5229 0 0 0 0 16 0
280 5233 818 0 0 0 0 16 0
1877 5234 5235 0 0 0 0 16 0
1875 5235 5231 0 0 0 0 16 0
1882 5236 5246 0 0 0 0 16 0
1873 5237 5227 0 0 0 0 16 0
1880 5238 5241 0 0 0 0 16 0
1690 5239 4892 0 0 0 0 16 0
1878 5240 5237 0 0 0 0 16 0
1881 5241 5243 0 0 0 0 16 0
1883 5242 5248 0 0 0 0 16 0
1133 5243 3480 0 0 0 0 16 0
1879 5244 5239 0 0 0 0 16 0
1877 5245 5235 0 0 0 0 16 0
1884 5246 5249 0 0 0 0 16 0
1880 5247 5241 0 0 0 0 16 0
1882 5248 5245 0 0 0 0 16 0
1247 5249 3827 0 0 0 0 16 0
1885 5250 5251 0 0 0 0 16 0
892 5251 2749 0 0 0 0 16 0
1883 5252 5247 0 0 0 0 16 0
892 5253 2749 0 0 0 0 16 0
1888 5254 5257 0 0 0 0 16 0
799 5255 2459 0 0 0 0 16 0
1886 5256 5253 0 0 0 0 16 0
800 5257 2463 0 0 0 0 16 0
1889 5258 5259 0 0 0 0 16 0
1887 5259 5255 0 0 0 0 16 0
1890 5260 5262 0 0 0 0 16 0
1889 5261 5259 0 0 0 0 16 0
1892 5262 5265 0 0 0 0 16 0
909 5263 2807 0 0 0 0 16 0
1890 5264 5261 0 0 0 0 16 0
910 5265 2811 0 0 0 0 16 0
1893 5266 5267 0 0 0 0 16 0
877 5267 2704 0 0 0 0 16 0
1891 5268 5263 0 0 0 0 16 0
88 5269 228 0 0 0 0 16 0
1896 5270 5273 0 0 0 0 16 0
617 5271 1858 0 0 0 0 16 0
1894 5272 5269 0 0 0 0 16 0
618 5273 1862 0 0 0 0 16 0
1897 5274 5275 0 0 0 0 16 0
806 5275 2483 0 0 0 0 16 0
1895 5276 5271 0 0 0 0 16 0
92 5277 240 0 0 0 0 16 0
1900 5278 5281 0 0 0 0 16 0
388 5279 1138 0 0 0 0 16 0
1898 5280 5277 0 0 0 0 16 0
430 5281 1269 0 0 0 0 16 0
1901 5282 5283 0 0 0 0 16 0
1229 5283 3771 0 0 0 0 16 0
1899 5284 5279 0 0 0 0 16 0
1904 5285 5289 0 0 0 0 16 0
2123 5286 5736 0 0 0 0 16 0
1048 5287 3232 0 0 0 0 16 0
1902 5288 5285 0 0 0 0 16 0
1905 5289 5291 0 0 0 0 16 0
1910 5290 5302 0 0 0 0 16 0
1903 5291 5287 0 0 0 0 16 0
1917 5292 5316 0 0 0 0 16 0
1600 5293 4702 0 0 0 0 16 0
1908 5294 5297 0 0 0 0 16 0
619 5295 1866 0 0 0 0 16 0
1906 5296 5293 0 0 0 0 16 0
620 5297 1870 0 0 0 0 16 0
2041 5298 5580 0 0 0 0 16 0
202 5299 585 0 0 0 0 16 0
1911 5300 5303 0 0 0 0 16 0
1904 5301 5289 0 0 0 0 16 0
1909 5302 5299 0 0 0 0 16 0
1254 5303 3848 0 0 0 0 16 0
1912 5304 5305 0 0 0 0 16 0
201 5305 581 0 0 0 0 16 0
1910 5306 5301 0 0 0 0 16 0
1048 5307 3232 0 0 0 0 16 0
1915 5308 5311 0 0 0 0 16 0
195 5309 559 0 0 0 0 16 0
1913 5310 5307 0 0 0 0 16 0
1916 5311 5313 0 0 0 0 16 0
1935 5312 5353 0 0 0 0 16 0
1210 5313 3713 0 0 0 0 16 0
1914 5314 5309 0 0 0 0 16 0
1905 5315 5291 0 0 0 0 16 0
1918 5316 5317 0 0 0 0 16 0
201 5317 581 0 0 0 0 16 0
1919 5318 5319 0 0 0 0 16 0
1920 5319 5322 0 0 0 0 16 0
1979 5320 5445 0 0 0 0 16 0
1919 5321 5320 0 0 0 0 16 0
2004 5322 5511 0 0 0 0 16 0
1047 5323 3228 0 0 0 0 16 0
1920 5324 5321 0 0 0 0 16 0
1494 5325 4436 0 0 0 0 16 0
1921 5326 5323 0 0 0 0 16 0
532 5327 1585 0 0 0 0 16 0
49 5328 104 0 0 0 0 16 0
1925 5329 5330 0 0 0 0 16 0
1525 5330 4509 0 0 0 0 16 0
2101 5331 5696 0 0 0 0 16 0
777 5332 2389 0 0 0 0 16 0
1737 5333 4983 0 0 0 0 16 0
1928 5334 5335 0 0 0 0 16 0
1809 5335 5101 0 0 0 0 16 0
1304 5336 4011 0 0 0 0 16 0
1930 5337 5338 0 0 0 0 16 0
1101 5338 3382 0 0 0 0 16 0
1929 5339 5336 0 0 0 0 16 0
446 5340 1313 0 0 0 0 16 0
1416 5341 4263 0 0 0 0 16 0
1932 5342 5343 0 0 0 0 16 0
779 5343 2394 0 0 0 0 16 0
1931 5344 5340 0 0 0 0 16 0
1933 5345 5346 0 0 0 0 16 0
139 5346 371 0 0 0 0 16 0
1861 5347 5203 0 0 0 0 16 0
1932 5348 5343 0 0 0 0 16 0
195 5349 559 0 0 0 0 16 0
786 5350 2416 0 0 0 0 16 0
787 5351 2420 0 0 0 0 16 0
1154 5352 3545 0 0 0 0 16 0
1047 5353 3228 0 0 0 0 16 0
1915 5354 5311 0 0 0 0 16 0
1979 5355 5445 0 0 0 0 16 0
1048 5356 3232 0 0 0 0 16 0
1938 5357 5358 0 0 0 0 16 0
162 5358 448 0 0 0 0 16 0
995 5359 3067 0 0 0 0 16 0
730 5361 2234 0 0 0 0 16 0
954 5362 2937 0 0 0 0 16 0
145 5363 389 0 0 0 0 16 0
146 5364 391 0 0 0 0 16 0
192 5365 548 0 0 0 0 16 0
458 5366 1347 0 0 0 0 16 0
1948 5367 5380 0 0 0 0 16 0
1950 5368 5386 0 0 0 0 16 0
578 5369 1734 0 0 0 0 16 0
1100 5370 3378 0 0 0 0 16 0
1978 5371 5442 0 0 0 0 16 0
2075 5372 5647 0 0 0 0 16 0
2143 5373 5768 0 0 0 0 16 0
1168 5374 3589 0 0 0 0 16 0
1498 5375 4447 0 0 0 0 16 0
335 5376 970 0 0 0 0 16 0
1947 5377 5378 0 0 0 0 16 0
163 5378 452 0 0 0 0 16 0
1596 5379 4694 0 0 0 0 16 0
29 5380 61 0 0 0 0 16 0
1942 5381 5365 0 0 0 0 16 0
458 5382 1347 0 0 0 0 16 0
973 5383 2991 0 0 0 0 16 0
1152 5384 3537 0 0 0 0 16 0
1950 5385 5386 0 0 0 0 16 0
190 5386 541 0 0 0 0 16 0
785 5387 2412 0 0 0 0 16 0
1942 5388 5365 0 0 0 0 16 0
1949 5389 5382 0 0 0 0 16 0
260 5390 759 0 0 0 0 16 0
261 5391 760 0 0 0 0 16 0
506 5392 1502 0 0 0 0 16 0
924 5393 2857 0 0 0 0 16 0
1650 5394 4815 0 0 0 0 16 0
606 5395 1823 0 0 0 0 16 0
898 5396 2769 0 0 0 0 16 0
1980 5397 5447 0 0 0 0 16 0
1981 5398 5449 0 0 0 0 16 0
1956 5399 5401 0 0 0 0 16 0
1954 5400 5399 0 0 0 0 16 0
1957 5401 5403 0 0 0 0 16 0
2096 5402 5688 0 0 0 0 16 0
1099 5403 3376 0 0 0 0 16 0
1955 5404 5400 0 0 0 0 16 0
1799 5405 5086 0 0 0 0 16 0
701 5406 2137 0 0 0 0 16 0
709 5407 2166 0 0 0 0 16 0
847 5408 2608 0 0 0 0 16 0
1963 5409 5412 0 0 0 0 16 0
662 5410 2014 0 0 0 0 16 0
1961 5411 5408 0 0 0 0 16 0
1412 5412 4255 0 0 0 0 16 0
1964 5413 5414 0 0 0 0 16 0
1241 5414 3805 0 0 0 0 16 0
1962 5415 5410 0 0 0 0 16 0
1129 5416 3464 0 0 0 0 16 0
1967 5417 5420 0 0 0 0 16 0
1563 5418 4611 0 0 0 0 16 0
1965 5419 5416 0 0 0 0 16 0
793 5420 2436 0 0 0 0 16 0
1968 5421 5422 0 0 0 0 16 0
1549 5422 4575 0 0 0 0 16 0
1966 5423 5418 0 0 0 0 16 0
364 5424 1055 0 0 0 0 16 0
1971 5425 5428 0 0 0 0 16 0
793 5426 2436 0 0 0 0 16 0
1969 5427 5424 0 0 0 0 16 0
433 5428 1278 0 0 0 0 16 0
1972 5429 5430 0 0 0 0 16 0
363 5430 1051 0 0 0 0 16 0
1970 5431 5426 0 0 0 0 16 0
904 5432 2788 0 0 0 0 16 0
1975 5433 5436 0 0 0 0 16 0
1564 5434 4614 0 0 0 0 16 0
1973 5435 5432 0 0 0 0 16 0
871 5436 2683 0 0 0 0 16 0
1976 5437 5438 0 0 0 0 16 0
84 5438 216 0 0 0 0 16 0
1974 5439 5434 0 0 0 0 16 0
1179 5440 3622 0 0 0 0 16 0
1296 5441 3986 0 0 0 0 16 0
1423 5442 4275 0 0 0 0 16 0
1944 5443 5370 0 0 0 0 16 0
2095 5444 5686 0 0 0 0 16 0
1917 5445 5315 0 0 0 0 16 0
1935 5446 5353 0 0 0 0 16 0
607 5447 1826 0 0 0 0 16 0
1953 5448 5395 0 0 0 0 16 0
260 5449 758 0 0 0 0 16 0
1953 5450 5395 0 0 0 0 16 0
1980 5451 5447 0 0 0 0 16 0
248 5452 731 0 0 0 0 16 0
1985 5453 5457 0 0 0 0 16 0
1203 5454 3694 0 0 0 0 16 0
1984 5455 5456 0 0 0 0 16 0
1982 5456 5452 0 0 0 0 16 0
1983 5458 5454 0 0 0 0 16 0
384 5459 1123 0 0 0 0 16 0
1008 5460 3110 0 0 0 0 16 0
289 5462 847 0 0 0 0 16 0
291 5463 851 0 0 0 0 16 0
591 5464 1777 0 0 0 0 16 0
1989 5465 5466 0 0 0 0 16 0
331 5466 959 0 0 0 0 16 0
1113 5467 3422 0 0 0 0 16 0
682 5469 2080 0 0 0 0 16 0
1846 5470 5173 0 0 0 0 16 0
1109 5471 3411 0 0 0 0 16 0
1997 5472 5489 0 0 0 0 16 0
1998 5473 5493 0 0 0 0 16 0
2002 5474 5507 0 0 0 0 16 0
950 5475 2927 0 0 0 0 16 0
1993 5476 5479 0 0 0 0 16 0
1999 5477 5498 0 0 0 0 16 0
1992 5478 5475 0 0 0 0 16 0
1995 5479 5482 0 0 0 0 16 0
1998 5480 5493 0 0 0 0 16 0
2001 5481 5504 0 0 0 0 16 0
1414 5482 4260 0 0 0 0 16 0
1993 5483 5478 0 0 0 0 16 0
2000 5484 5500 0 0 0 0 16 0
684 5485 2087 0 0 0 0 16 0
1997 5486 5489 0 0 0 0 16 0
1999 5487 5497 0 0 0 0 16 0
2002 5488 5507 0 0 0 0 16 0
685 5489 2090 0 0 0 0 16 0
1991 5490 5471 0 0 0 0 16 0
1996 5491 5485 0 0 0 0 16 0
2000 5492 5500 0 0 0 0 16 0
856 5493 2634 0 0 0 0 16 0
1174 5494 3607 0 0 0 0 16 0
1991 5495 5471 0 0 0 0 16 0
1994 5496 5481 0 0 0 0 16 0
1992 5497 5475 0 0 0 0 16 0
1996 5498 5485 0 0 0 0 16 0
2000 5499 5500 0 0 0 0 16 0
697 5500 2124 0 0 0 0 16 0
1995 5501 5482 0 0 0 0 16 0
1997 5502 5489 0 0 0 0 16 0
1999 5503 5497 0 0 0 0 16 0
1109 5504 3411 0 0 0 0 16 0
1175 5505 3609 0 0 0 0 16 0
1994 5506 5480 0 0 0 0 16 0
949 5507 2924 0 0 0 0 16 0
1991 5508 5471 0 0 0 0 16 0
1996 5509 5485 0 0 0 0 16 0
1 5510 1 0 0 0 0 16 0
200 5511 577 0 0 0 0 16 0
1922 5512 5325 0 0 0 0 16 0
1053 5513 3248 0 0 0 0 16 0
2010 5514 5526 0 0 0 0 16 0
699 5515 2131 0 0 0 0 16 0
2005 5516 5513 0 0 0 0 16 0
1413 5517 4258 0 0 0 0 16 0
2006 5518 5515 0 0 0 0 16 0
2009 5519 5523 0 0 0 0 16 0
698 5520 2128 0 0 0 0 16 0
1188 5521 3652 0 0 0 0 16 0
2010 5522 5526 0 0 0 0 16 0
1711 5523 4937 0 0 0 0 16 0
2007 5524 5517 0 0 0 0 16 0
2046 5525 5590 0 0 0 0 16 0
2005 5527 5513 0 0 0 0 16 0
2008 5528 5520 0 0 0 0 16 0
1395 5529 4217 0 0 0 0 16 0
2012 5530 5532 0 0 0 0 16 0
2011 5531 5529 0 0 0 0 16 0
2012 5533 5531 0 0 0 0 16 0
454 5534 1335 0 0 0 0 16 0
694 5535 2116 0 0 0 0 16 0
1669 5536 4853 0 0 0 0 16 0
2016 5537 5538 0 0 0 0 16 0
958 5538 2950 0 0 0 0 16 0
2015 5539 5535 0 0 0 0 16 0
1234 5540 3785 0 0 0 0 16 0
1239 5541 3800 0 0 0 0 16 0
1657 5542 4829 0 0 0 0 16 0
2020 5543 5544 0 0 0 0 16 0
43 5544 87 0 0 0 0 16 0
2019 5545 5542 0 0 0 0 16 0
633 5546 1916 0 0 0 0 16 0
1656 5547 4827 0 0 0 0 16 0
2021 5548 5546 0 0 0 0 16 0
494 5549 1464 0 0 0 0 16 0
2022 5550 5548 0 0 0 0 16 0
264 5551 766 0 0 0 0 16 0
505 5552 1499 0 0 0 0 16 0
506 5553 1502 0 0 0 0 16 0
505 5554 1498 0 0 0 0 16 0
1767 5555 5042 0 0 0 0 16 0
2027 5556 5557 0 0 0 0 16 0
505 5557 1498 0 0 0 0 16 0
1632 5558 4779 0 0 0 0 16 0
505 5559 1498 0 0 0 0 16 0
728 5560 2227 0 0 0 0 16 0
2025 5561 5552 0 0 0 0 16 0
1164 5562 3576 0 0 0 0 16 0
144 5563 387 0 0 0 0 16 0
586 5564 1764 0 0 0 0 16 0
359 5565 1042 0 0 0 0 16 0
329 5566 954 0 0 0 0 16 0
1861 5567 5203 0 0 0 0 16 0
1171 5568 3597 0 0 0 0 16 0
2103 5569 5701 0 0 0 0 16 0
423 5570 1250 0 0 0 0 16 0
729 5571 2231 0 0 0 0 16 0
1466 5572 4377 0 0 0 0 16 0
1773 5573 5050 0 0 0 0 16 0
2134 5574 5752 0 0 0 0 16 0
152 5575 415 0 0 0 0 16 0
210 5576 615 0 0 0 0 16 0
885 5577 2731 0 0 0 0 16 0
198 5578 571 0 0 0 0 16 0
1621 5579 4754 0 0 0 0 16 0
1306 5580 4019 0 0 0 0 16 0
1907 5581 5295 0 0 0 0 16 0
2043 5582 5583 0 0 0 0 16 0
780 5583 2398 0 0 0 0 16 0
2044 5584 5585 0 0 0 0 16 0
1114 5585 3424 0 0 0 0 16 0
2042 5586 5582 0 0 0 0 16 0
1236 5587 3792 0 0 0 0 16 0
1814 5588 5109 0 0 0 0 16 0
2009 5589 5523 0 0 0 0 16 0
2059 5590 5615 0 0 0 0 16 0
122 5591 320 0 0 0 0 16 0
1324 5592 4067 0 0 0 0 16 0
121 5593 317 0 0 0 0 16 0
122 5594 320 0 0 0 0 16 0
2047 5595 5591 0 0 0 0 16 0
25 5596 55 0 0 0 0 16 0
1037 5597 3197 0 0 0 0 16 0
1456 5598 4350 0 0 0 0 16 0
585 5599 1760 0 0 0 0 16 0
1180 5600 3624 0 0 0 0 16 0
2051 5601 5602 0 0 0 0 16 0
1180 5602 3624 0 0 0 0 16 0
1318 5603 4055 0 0 0 0 16 0
2066 5604 5628 0 0 0 0 16 0
946 5605 2918 0 0 0 0 16 0
1622 5606 4756 0 0 0 0 16 0
2052 5607 5604 0 0 0 0 16 0
447 5608 1316 0 0 0 0 16 0
1554 5609 4589 0 0 0 0 16 0
1011 5610 3122 0 0 0 0 16 0
927 5611 2865 0 0 0 0 16 0
2058 5612 5613 0 0 0 0 16 0
239 5613 702 0 0 0 0 16 0
927 5614 2865 0 0 0 0 16 0
2008 5615 5520 0 0 0 0 16 0
2046 5616 5589 0 0 0 0 16 0
612 5617 1843 0 0 0 0 16 0
946 5618 2918 0 0 0 0 16 0
2053 5619 5605 0 0 0 0 16 0
543 5620 1618 0 0 0 0 16 0
1281 5621 3935 0 0 0 0 16 0
1271 5622 3902 0 0 0 0 16 0
2062 5623 5620 0 0 0 0 16 0
1189 5624 3655 0 0 0 0 16 0
2105 5625 5704 0 0 0 0 16 0
1796 5626 5082 0 0 0 0 16 0
2061 5627 5618 0 0 0 0 16 0
252 5628 737 0 0 0 0 16 0
2065 5629 5626 0 0 0 0 16 0
989 5630 3048 0 0 0 0 16 0
1104 5631 3392 0 0 0 0 16 0
729 5632 2231 0 0 0 0 16 0
899 5633 2772 0 0 0 0 16 0
2035 5634 5571 0 0 0 0 16 0
260 5635 758 0 0 0 0 16 0
261 5636 760 0 0 0 0 16 0
607 5637 1826 0 0 0 0 16 0
355 5638 1031 0 0 0 0 16 0
356 5639 1034 0 0 0 0 16 0
2072 5640 5641 0 0 0 0 16 0
1249 5641 3834 0 0 0 0 16 0
1250 5642 3837 0 0 0 0 16 0
1271 5643 3902 0 0 0 0 16 0
2071 5644 5638 0 0 0 0 16 0
474 5645 1398 0 0 0 0 16 0
537 5646 1600 0 0 0 0 16 0
564 5647 1688 0 0 0 0 16 0
969 5648 2977 0 0 0 0 16 0
970 5649 2980 0 0 0 0 16 0
1944 5650 5370 0 0 0 0 16 0
1958 5652 5405 0 0 0 0 16 0
1374 5653 4173 0 0 0 0 16 0
2079 5654 5655 0 0 0 0 16 0
456 5655 1341 0 0 0 0 16 0
972 5656 2988 0 0 0 0 16 0
140 5657 375 0 0 0 0 16 0
1193 5658 3663 0 0 0 0 16 0
2081 5659 5660 0 0 0 0 16 0
142 5660 381 0 0 0 0 16 0
812 5661 2498 0 0 0 0 16 0
2080 5662 5657 0 0 0 0 16 0
94 5663 246 0 0 0 0 16 0
95 5664 249 0 0 0 0 16 0
96 5665 251 0 0 0 0 16 0
2084 5666 5667 0 0 0 0 16 0
1600 5667 4702 0 0 0 0 16 0
1732 5668 4974 0 0 0 0 16 0
1487 5669 4418 0 0 0 0 16 0
2087 5670 5672 0 0 0 0 16 0
2088 5671 5673 0 0 0 0 16 0
1489 5672 4422 0 0 0 0 16 0
1379 5673 4183 0 0 0 0 16 0
2087 5674 5672 0 0 0 0 16 0
14 5675 31 0 0 0 0 16 0
15 5676 33 0 0 0 0 16 0
577 5677 1730 0 0 0 0 16 0
1103 5678 3389 0 0 0 0 16 0
488 5679 1446 0 0 0 0 16 0
2094 5680 5683 0 0 0 0 16 0
212 5681 623 0 0 0 0 16 0
2092 5682 5679 0 0 0 0 16 0
489 5683 1450 0 0 0 0 16 0
1045 5684 3221 0 0 0 0 16 0
1978 5685 5442 0 0 0 0 16 0
2142 5686 5766 0 0 0 0 16 0
1956 5687 5401 0 0 0 0 16 0
2099 5688 5693 0 0 0 0 16 0
689 5689 2103 0 0 0 0 16 0
2096 5690 5687 0 0 0 0 16 0
1387 5691 4202 0 0 0 0 16 0
2097 5692 5689 0 0 0 0 16 0
2098 5693 5691 0 0 0 0 16 0
156 5694 429 0 0 0 0 16 0
1525 5695 4509 0 0 0 0 16 0
127 5696 336 0 0 0 0 16 0
1925 5697 5330 0 0 0 0 16 0
2100 5698 5694 0 0 0 0 16 0
1208 5699 3708 0 0 0 0 16 0
1343 5700 4109 0 0 0 0 16 0
1097 5701 3369 0 0 0 0 16 0
2102 5702 5699 0 0 0 0 16 0
1009 5703 3114 0 0 0 0 16 0
1066 5704 3286 0 0 0 0 16 0
855 5705 2631 0 0 0 0 16 0
1174 5706 3607 0 0 0 0 16 0
2085 5707 5669 0 0 0 0 16 0
2108 5708 5709 0 0 0 0 16 0
1762 5709 5032 0 0 0 0 16 0
2034 5710 5570 0 0 0 0 16 0
6 5711 15 0 0 0 0 16 0
10 5712 26 0 0 0 0 16 0
2111 5714 5712 0 0 0 0 16 0
1301 5715 4001 0 0 0 0 16 0
8 5716 20 0 0 0 0 16 0
107 5717 280 0 0 0 0 16 0
880 5718 2715 0 0 0 0 16 0
101 5719 268 0 0 0 0 16 0
2120 5720 5728 0 0 0 0 16 0
316 5721 924 0 0 0 0 16 0
2118 5722 5723 0 0 0 0 16 0
100 5723 265 0 0 0 0 16 0
101 5724 268 0 0 0 0 16 0
2116 5725 5719 0 0 0 0 16 0
906 5726 2796 0 0 0 0 16 0
2121 5727 5730 0 0 0 0 16 0
874 5728 2695 0 0 0 0 16 0
2116 5729 5719 0 0 0 0 16 0
874 5730 2695 0 0 0 0 16 0
875 5731 2698 0 0 0 0 16 0
2120 5732 5728 0 0 0 0 16 0
638 5733 1933 0 0 0 0 16 0
2125 5734 5739 0 0 0 0 16 0
1902 5735 5285 0 0 0 0 16 0
2122 5736 5733 0 0 0 0 16 0
202 5737 585 0 0 0 0 16 0
2123 5738 5735 0 0 0 0 16 0
79 5739 199 0 0 0 0 16 0
2124 5740 5737 0 0 0 0 16 0
1276 5741 3917 0 0 0 0 16 0
1155 5742 3549 0 0 0 0 16 0
2129 5743 5745 0 0 0 0 16 0
2139 5744 5761 0 0 0 0 16 0
1484 5745 4413 0 0 0 0 16 0
2131 5746 5748 0 0 0 0 16 0
2133 5747 5751 0 0 0 0 16 0
2036 5748 5573 0 0 0 0 16 0
20 5749 45 0 0 0 0 16 0
21 5750 47 0 0 0 0 16 0
2037 5751 5574 0 0 0 0 16 0
663 5752 2018 0 0 0 0 16 0
1377 5753 4178 0 0 0 0 16 0
2132 5754 5749 0 0 0 0 16 0
989 5755 3048 0 0 0 0 16 0
2135 5756 5754 0 0 0 0 16 0
534 5757 1592 0 0 0 0 16 0
814 5758 2505 0 0 0 0 16 0
2137 5760 5757 0 0 0 0 16 0
145 5761 389 0 0 0 0 16 0
664 5762 2019 0 0 0 0 16 0
971 5763 2984 0 0 0 0 16 0
470 5764 1387 0 0 0 0 16 0
2142 5765 5766 0 0 0 0 16 0
471 5766 1391 0 0 0 0 16 0
2095 5767 5685 0 0 0 0 16 0
472 5768 1393 0 0 0 0 16 0
1303 5769 4007 0 0 0 0 16 0
1944 5770 5370 0 0 0 0 16 0
924 5771 2857 0 0 0 0 16 0
1401 5772 4230 0 0 0 0 16 0
2135 5773 5754 0 0 0 0 16 0
2136 5774 5755 0 0 0 0 16 0
