uniqueid,osmid_u,osmid_v,length,lanes,speed_mph,u,v
0,34351114,53020998,99.374,1,25,0,118
1,35719055,53082604,93.422,1,25,1,869
2,35719055,2844488378,16.337,1,24.854848,1,2003
3,35719098,35719102,204.84,1,25,2,3
4,35719098,53020998,65.4,1,25,2,118
5,35719098,1419660758,77.373,1,25,2,1806
6,35719102,35719098,204.84,1,25,3,2
7,35719102,35719103,19.623,1,25,3,4
8,35719102,35725887,85.65,1,25,3,12
9,35719103,35719102,19.623,1,25,4,3
10,35719103,53020995,159.853,1,25,4,117
11,35719103,53055000,70.611,1,25,4,455
12,35719109,35719112,101.722,1,15,5,6
13,35719109,53054999,36.516,1,25,5,454
14,35719109,53147743,198.065,1,25,5,1301
15,35719112,35719109,101.722,1,15,6,5
16,35719112,35719115,136.503,1,25,6,7
17,35719112,11374954920,180.582,1,15,6,2110
18,35719115,35719112,136.503,1,25,7,6
19,35719115,53034977,429.772,1,25,7,252
20,35719172,35719176,164.248,1,25,8,9
21,35719172,53147743,149.694,1,25,8,1301
22,35719172,11374955290,236.915,1,25,8,2114
23,35719176,35719172,164.248,1,25,9,8
24,35719176,35719182,194.198,1,25,9,10
25,35719176,35719236,182.449,1,25,9,11
26,35719182,35719176,194.198,1,25,10,9
27,35719182,11374955207,330.699,1,25,10,2111
28,35719236,35719176,182.449,1,25,11,9
29,35725887,35719102,85.65,1,25,12,3
30,35833153,86276581,556.02,5,65,13,1376
31,52978704,53082156,82.873,1,25,14,820
32,52978704,53090680,44.169,1,25,14,956
33,52978706,52978708,365.981,1,25,15,16
34,52978706,53055629,81.069,1,25,15,495
35,52978706,53058938,173.4,1,25,15,559
36,52978706,9861927588,190.847,1,25,15,2089
37,52978708,52978706,365.981,1,25,16,15
38,52978708,53082160,80.868,1,25,16,821
39,52978708,53111879,83.163,1,25,16,1127
40,52978880,74191172,609.806,1,24.854848,17,1370
41,52980578,267631984,148.233,1,24.854848,18,1657
42,52980624,53021369,133.468,2,25,19,124
43,52980624,53055202,163.26,1,25,19,473
44,52980624,53148317,105.951,1,25,19,1304
45,52982361,12012924392,80.626,1,25,20,2131
46,52982361,12449832910,26.061,1,24.854848,20,2133
47,52982363,53013480,476.351,5,65,21,44
48,52987320,35833153,388.56,2,24.854848,22,13
49,52987320,52991882,149.315,2,35,22,28
50,52987337,53077793,132.67,1,25,23,786
51,52987337,240448903,65.204,1,24.854848,23,1505
52,52987338,52987337,94.358,1,24.854848,24,23
53,52987338,52993536,25.066,1,25,24,29
54,52987338,53114435,132.983,1,25,24,1153
55,52987686,53115332,110.5,3,25,25,1159
56,52987686,4305376805,11.57,1,25,25,2049
57,52991832,53048389,175.52,1,24.854848,26,404
58,52991878,52995527,160.23,1,24.854848,27,32
59,52991882,52991878,93.169,1,24.854848,28,27
60,52991882,52995542,60.286,2,35,28,33
61,52993536,52987338,25.066,1,25,29,24
62,52993536,53055160,140.956,1,25,29,458
63,52995514,1635557748,58.513,1,24.854848,30,1810
64,52995514,1635557749,97.591,1,24.854848,30,1811
65,52995524,52995514,155.04,1,24.854848,31,30
66,52995524,52995575,308.205,1,24.854848,31,34
67,52995527,52995524,35.122,1,24.854848,32,31
68,52995542,52991878,62.677,1,24.854848,33,27
69,52995542,86333300,39.201,3,35,33,1378
70,52995575,53011243,1326.041,5,65,34,39
71,53005793,53075270,87.349,1,25,35,741
72,53005793,53077218,140.579,1,25,35,778
73,53005793,88553044,212.952,1,25,35,1381
74,53006324,53084125,202.01,2,25,36,890
75,53006324,53103804,100.972,1,25,36,1090
76,53007853,53007856,116.518,1,24.854848,37,38
77,53007853,258758045,224.97,1,24.854848,37,1586
78,53007856,74261393,134.659,1,24.854848,38,1372
79,53007856,74261439,174.951,1,24.854848,38,1373
80,53011243,53011244,247.501,1,24.854848,39,40
81,53011244,52978880,121.661,2,24.854848,40,17
82,53011244,53011307,64.164,1,24.854848,40,41
83,53011307,53011315,57.945,1,24.854848,41,42
84,53011307,290107275,35.559,1,24.854848,41,1763
85,53011315,240448853,1953.156,2,35,42,1490
86,53011315,290107275,48.546,2,35,42,1763
87,53011953,53034977,114.679,1,25,43,252
88,53011953,3647671482,37.935,1,25,43,2019
89,53013480,52995527,294.024,1,24.854848,44,32
90,53013480,52995575,635.385,5,65,44,34
91,53019122,53030348,100.015,1,25,45,212
92,53019122,53091844,203.026,3,30,45,976
93,53019122,240448968,11.156,1,25,45,1524
94,53019123,53019126,20.565,1,25,46,47
95,53019123,53141404,29.945,1,25,46,1286
96,53019123,240448968,63.679,2,25,46,1524
97,53019126,53019123,20.565,1,25,47,46
98,53019126,53019128,79.217,1,25,47,48
99,53019126,53060274,110.292,1,25,47,583
100,53019128,53019126,79.217,1,25,48,47
101,53019128,53019130,80.638,1,25,48,49
102,53019128,53060278,82.804,1,25,48,584
103,53019128,53131928,65.944,1,25,48,1262
104,53019130,53019128,80.638,1,25,49,48
105,53019130,53063671,101.126,1,25,49,640
106,53019130,263187569,23.278,1,25,49,1646
107,53019130,1789060655,185.953,1,25,49,1924
108,53019134,53019136,67.64,1,25,50,51
109,53019134,53029024,539.031,1,25,50,172
110,53019134,53029032,25.598,1,25,50,173
111,53019134,263187569,45.043,1,25,50,1646
112,53019136,53019134,67.64,1,25,51,50
113,53019136,53019138,49.788,1,25,51,52
114,53019138,53019136,49.788,1,25,52,51
115,53019138,53019140,129.242,1,25,52,53
116,53019140,53019138,129.242,1,25,53,52
117,53019140,53019145,145.083,1,25,53,54
118,53019140,53064878,334.243,1,25,53,675
119,53019145,53019140,145.083,1,25,54,53
120,53019145,53019147,169.396,1,25,54,55
121,53019145,53064879,218.644,1,25,54,676
122,53019145,53070449,59.589,1,25,54,713
123,53019147,53019145,169.396,1,25,55,54
124,53019147,53019149,44.18,1,25,55,56
125,53019147,53047295,87.568,1,25,55,366
126,53019149,53019147,44.18,1,25,56,55
127,53019149,53019152,65.483,1,25,56,57
128,53019149,53047320,98.059,1,25,56,375
129,53019152,53019149,65.483,1,25,57,56
130,53019152,53019153,56.089,1,25,57,58
131,53019152,53047295,74.936,1,25,57,366
132,53019153,53019152,56.089,1,25,58,57
133,53019153,53056997,166.593,1,25,58,525
134,53019153,261735845,78.641,1,25,58,1625
135,53019155,53019157,61.555,1,25,59,60
136,53019155,261735845,26.176,1,25,59,1625
137,53019155,261735848,26.535,2,25,59,1626
138,53019157,53019155,61.555,1,25,60,59
139,53019157,53019159,76.047,1,25,60,61
140,53019157,53056997,166.685,1,25,60,525
141,53019159,53019157,76.047,1,25,61,60
142,53019159,53019160,78.118,1,25,61,62
143,53019159,53070452,221.43,1,25,61,715
144,53019159,53072364,349.373,1,25,61,725
145,53019160,53019159,78.118,1,25,62,61
146,53019160,53070452,111.196,1,25,62,715
147,53019160,58443246,88.621,1,25,62,1357
148,53019161,53019162,93.236,1,25,63,64
149,53019161,53082189,266.351,1,25,63,830
150,53019161,58443246,10.541,1,25,63,1357
151,53019162,53019161,93.236,1,25,64,63
152,53019162,53019164,269.88,1,25,64,65
153,53019162,53058801,158.304,1,25,64,549
154,53019164,53019162,269.88,1,25,65,64
155,53019164,53058819,181.193,1,25,65,554
156,53019164,261736220,86.417,1,25,65,1634
157,53019168,53019170,169.855,1,25,66,67
158,53019168,53044129,97.707,2,25,66,357
159,53019168,53084394,64.359,2,25,66,900
160,53019168,239669469,49.079,1,25,66,1463
161,53019170,53019168,169.855,1,25,67,66
162,53019170,53019172,131.614,1,25,67,68
163,53019170,53095436,203.343,1,25,67,1014
164,53019172,53019170,131.614,1,25,68,67
165,53019172,239669505,116.351,2,25,68,1464
166,53019172,266712192,274.201,1,25,68,1652
167,53019173,53112762,181.6,1,25,69,1144
168,53019173,239616902,26.421,1,25,69,1439
169,53019173,239669505,47.48,2,25,69,1464
170,53019173,261736143,23.925,1,25,69,1633
171,53020507,53068625,135.336,1,25,70,690
172,53020507,53075161,116.45,1,25,70,740
173,53020507,53100957,254.306,1,25,70,1079
174,53020805,53020807,326.199,1,25,71,72
175,53020805,53036819,83.647,1,25,71,266
176,53020805,266711636,174.871,1,25,71,1649
177,53020807,53020805,326.199,1,25,72,71
178,53020807,53096103,176.155,1,25,72,1034
179,53020807,53119344,94.741,1,25,72,1192
180,53020918,53020919,78.137,1,25,73,74
181,53020919,53020918,78.137,1,25,74,73
182,53020919,53020920,93.247,1,25,74,75
183,53020919,53063565,201.981,1,25,74,635
184,53020920,53020919,93.247,1,25,75,74
185,53020920,53020921,104.271,1,25,75,76
186,53020920,53063568,202.58,1,25,75,636
187,53020921,53020920,104.271,1,25,76,75
188,53020921,53020923,94.646,1,25,76,77
189,53020921,260577511,50.653,1,25,76,1619
190,53020923,53020921,94.646,1,25,77,76
191,53020923,53020928,100.416,2,25,77,78
192,53020923,53085634,200.787,2,25,77,916
193,53020923,260577516,33.549,1,25,77,1620
194,53020923,260577520,20.844,2,25,77,1621
195,53020928,53020923,100.416,2,25,78,77
196,53020928,53020929,100.408,1,25,78,79
197,53020928,53063572,202.258,1,25,78,638
198,53020928,53085637,202.121,1,25,78,917
199,53020929,53020928,100.408,1,25,79,78
200,53020929,53020930,99.867,1,25,79,80
201,53020929,53055496,201.72,1,25,79,476
202,53020929,11637411580,199.848,1,25,79,2125
203,53020930,53020929,99.867,1,25,80,79
204,53020930,53020933,100.654,1,25,80,81
205,53020930,53030286,202.095,1,25,80,202
206,53020930,53030290,202.373,1,25,80,203
207,53020933,53020930,100.654,1,25,81,80
208,53020933,53082730,95.994,2,30,81,870
209,53020933,243673105,11.455,1,25,81,1565
210,53020935,53020937,77.661,1,25,82,83
211,53020935,53063523,201.291,1,25,82,615
212,53020935,243673105,66.012,1,25,82,1565
213,53020937,53020935,77.661,1,25,83,82
214,53020937,53020939,49.724,1,25,83,84
215,53020937,53029050,201.4,1,25,83,184
216,53020939,53020937,49.724,1,25,84,83
217,53020939,53020941,41.467,1,25,84,85
218,53020939,2205390579,91.739,1,25,84,1976
219,53020941,53020939,41.467,1,25,85,84
220,53020941,53020943,90.857,1,25,85,86
221,53020941,53063524,201.2,1,25,85,616
222,53020943,53020941,90.857,1,25,86,85
223,53020943,53020945,31.708,1,25,86,87
224,53020943,53063527,201.359,1,25,86,617
225,53020945,53020943,31.708,1,25,87,86
226,53020945,53020946,77.256,1,25,87,88
227,53020945,53082733,97.821,1,25,87,871
228,53020946,53020945,77.256,1,25,88,87
229,53020946,53020948,73.004,1,25,88,89
230,53020946,1762740752,196.794,1,25,88,1894
231,53020948,53020946,73.004,1,25,89,88
232,53020948,53020950,50.329,1,25,89,90
233,53020948,53063531,201.073,1,25,89,618
234,53020950,53020948,50.329,1,25,90,89
235,53020950,53020951,14.36,1,25,90,91
236,53020950,260577507,91.405,1,25,90,1615
237,53020951,53020950,14.36,1,25,91,90
238,53020951,53020953,84.959,1,25,91,92
239,53020951,53047348,201.728,1,25,91,388
240,53020953,53020951,84.959,1,25,92,91
241,53020953,53020955,82.122,1,25,92,93
242,53020953,1762740772,197.553,1,25,92,1898
243,53020955,53020953,82.122,1,25,93,92
244,53020955,53050619,98.412,2,30,93,431
245,53020955,240469682,13.694,1,25,93,1537
246,53020957,53063533,202.786,1,25,94,619
247,53020957,240469682,84.09,1,25,94,1537
248,53020957,9569859259,87.129,1,25,94,2082
249,53020958,53082735,93.73,1,25,95,872
250,53020958,9569859260,29.809,1,25,95,2083
251,53020959,53020962,106.485,1,25,96,97
252,53020959,53063536,203.219,1,25,96,620
253,53020959,9569859260,53.379,1,25,96,2083
254,53020962,53020959,106.485,1,25,97,96
255,53020962,53020963,93.58,1,25,97,98
256,53020962,53063538,204.775,1,25,97,621
257,53020962,53076872,98.725,1,25,97,772
258,53020963,53020962,93.58,1,25,98,97
259,53020963,53020966,101.671,1,25,98,99
260,53020963,53063541,298.877,1,25,98,622
261,53020966,53020963,101.671,1,25,99,98
262,53020966,53020967,99.097,1,25,99,100
263,53020966,53063541,202.771,1,25,99,622
264,53020966,53082737,100.445,1,25,99,873
265,53020967,53020966,99.097,1,25,100,99
266,53020967,53063543,202.804,1,25,100,623
267,53020967,11515571167,100.774,1,25,100,2118
268,53020968,53020969,197.88,2,25,101,102
269,53020968,11515571162,24.572,2,25,101,2117
270,53020968,11515571167,7.435,1,25,101,2118
271,53020969,53082741,101.713,1,25,102,875
272,53020969,259581496,214.426,2,25,102,1607
273,53020970,53020971,182.31,2,25,103,104
274,53020970,53041085,101.574,3,25,103,318
275,53020971,53020974,201.631,2,25,104,105
276,53020971,312430760,20.519,1,25,104,1765
277,53020974,53020976,202.165,2,25,105,106
278,53020974,53041090,101.441,2,25,105,321
279,53020976,230899740,154.647,2,25,106,1420
280,53020977,53020979,57.286,2,25,107,108
281,53020977,53041093,101.58,3,25,107,323
282,53020979,53020981,115.132,2,25,108,109
283,53020979,53070406,205.238,1,25,108,711
284,53020981,53020985,29.661,2,25,109,110
285,53020981,53085623,215.113,1,25,109,913
286,53020985,53020987,86.246,2,25,110,111
287,53020985,53041095,101.901,1,25,110,324
288,53020987,53020989,115.015,2,25,111,112
289,53020987,53085626,224.448,1,25,111,914
290,53020989,53020990,101.345,2,25,112,113
291,53020989,53041097,94.947,1,25,112,325
292,53020989,53085598,199.683,1,25,112,902
293,53020990,53020992,101.99,2,25,113,114
294,53020990,53085599,201.348,1,25,113,903
295,53020992,53020993,45.438,3,25,114,115
296,53020992,53085599,297.223,1,25,114,903
297,53020993,53020994,54.662,1,25,115,116
298,53020993,53041099,116.452,2,25,115,326
299,53020993,53058934,63.525,2,25,115,557
300,53020994,53020993,54.662,1,25,116,115
301,53020994,53020995,78.807,1,25,116,117
302,53020994,53058932,222.537,1,25,116,556
303,53020994,53058934,43.562,1,25,116,557
304,53020995,35719103,159.853,1,25,117,4
305,53020995,53020994,78.807,1,25,117,116
306,53020995,1419660758,26.442,1,25,117,1806
307,53020998,34351114,99.374,1,25,118,0
308,53020998,35719098,65.4,1,25,118,2
309,53020998,394180798,430.848,1,25,118,1777
310,53021348,53154579,62.696,1,25,119,1320
311,53021348,59942347,74.719,1,25,119,1365
312,53021348,269301221,37.457,1,25,119,1679
313,53021355,53021357,154.319,1,25,120,121
314,53021355,53080854,98.293,1,25,120,810
315,53021355,53080856,103.44,1,25,120,811
316,53021355,269301221,379.649,1,25,120,1679
317,53021357,53021355,154.319,1,25,121,120
318,53021357,53130715,161.416,1,25,121,1252
319,53021357,4294455624,64.732,1,25,121,2048
320,53021359,239501066,137.246,1,25,122,1433
321,53021359,4294455620,15.382,1,25,122,2047
322,53021359,4294455624,16.727,1,25,122,2048
323,53021367,53021369,106.629,1,25,123,124
324,53021367,53129312,101.905,1,25,123,1239
325,53021367,53148317,131.387,1,25,123,1304
326,53021367,59805973,97.096,1,25,123,1363
327,53021369,52980624,133.468,2,25,124,19
328,53021369,53021367,106.629,1,25,124,123
329,53021369,260908839,23.184,1,25,124,1623
330,53021369,260908845,26.371,2,25,124,1624
331,53021415,53091722,299.826,1,24.854848,125,967
332,53021415,240448949,32.55,1,24.854848,125,1517
333,53021953,53021954,207.193,1,25,126,127
334,53021953,53040258,75.937,1,25,126,303
335,53021953,53063666,76.255,1,25,126,639
336,53021954,53021953,207.193,1,25,127,126
337,53021954,53027133,87.188,1,25,127,156
338,53021954,53040259,139.727,1,25,127,304
339,53021954,10593597341,135.391,1,25,127,2101
340,53023202,53023203,99.943,1,25,128,129
341,53023202,53075877,145.943,1,25,128,752
342,53023202,53087209,57.53,1,25,128,931
343,53023203,53023202,99.943,1,25,129,128
344,53024602,53024603,80.906,1,25,130,131
345,53024602,53043840,58.943,1,25,130,350
346,53024602,53077537,104.533,1,25,130,781
347,53024603,53024602,80.906,1,25,131,130
348,53024603,53024605,76.812,1,25,131,132
349,53024603,53048818,153.067,1,25,131,410
350,53024605,53024603,76.812,1,25,132,131
351,53024605,53024607,153.43,1,25,132,133
352,53024605,53100729,77.35,1,25,132,1075
353,53024605,53126424,104.417,1,25,132,1235
354,53024607,53024605,153.43,1,25,133,132
355,53024607,53050642,104.223,3,30,133,444
356,53024607,240469707,11.737,1,25,133,1544
357,53024616,53090189,117.148,3,25,134,951
358,53024616,275782450,15.42,1,25,134,1693
359,53025638,53025642,154.589,1,25,135,136
360,53025638,53054961,115.177,1,25,135,452
361,53025638,53054966,168.588,1,25,135,453
362,53025642,53025638,154.589,1,25,136,135
363,53025642,53030520,175.005,1,25,136,225
364,53025642,53030524,28.59,1,25,136,226
365,53025950,53025951,77.541,1,25,137,138
366,53025950,53025955,82.53,1,25,137,139
367,53025950,53105065,33.836,1,25,137,1093
368,53025951,53025950,77.541,1,25,138,137
369,53025951,53025955,51.984,2,25,138,139
370,53025951,53134401,13.588,2,25,138,1266
371,53025955,53025950,82.53,1,25,139,137
372,53025955,53025951,51.984,2,25,139,138
373,53025955,53061327,278.518,1,25,139,599
374,53025955,1968181925,75.189,2,25,139,1933
375,53026098,53026099,199.988,1,25,140,141
376,53026098,53059193,100.097,1,25,140,561
377,53026098,9451650039,242.155,1,25,140,2080
378,53026099,53026098,199.988,1,25,141,140
379,53026099,53059197,77.101,1,25,141,563
380,53026099,53149317,99.957,1,25,141,1309
381,53026106,53080872,116.822,1,25,142,813
382,53026106,53082217,214.301,1,25,142,841
383,53026106,9451650041,99.737,1,25,142,2081
384,53026147,53026148,245.737,1,25,143,144
385,53026147,53050709,121.441,2,25,143,446
386,53026147,53147023,102.629,2,25,143,1296
387,53026148,53026147,245.737,1,25,144,143
388,53026148,53050705,84.407,1,25,144,445
389,53027121,53107625,134.743,2,25,145,1103
390,53027121,1997934951,93.398,1,25,145,1940
391,53027123,53027124,94.743,1,25,146,147
392,53027123,53064855,199.699,1,25,146,665
393,53027123,53107627,136.189,1,25,146,1104
394,53027123,1997934952,83.679,1,25,146,1941
395,53027124,53027123,94.743,1,25,147,146
396,53027124,53027125,104.2,1,25,147,148
397,53027124,53064856,199.855,1,25,147,666
398,53027124,53077784,135.741,1,25,147,784
399,53027125,53027124,104.2,1,25,148,147
400,53027125,53027126,94.449,1,25,148,149
401,53027125,53029721,200.322,2,25,148,186
402,53027125,53029723,135.749,1,25,148,187
403,53027126,53027125,94.449,1,25,149,148
404,53027126,53027127,100.353,1,25,149,150
405,53027126,53064857,200.221,1,25,149,667
406,53027126,53107630,135.758,1,25,149,1105
407,53027127,53027126,100.353,1,25,150,149
408,53027127,53027128,100.277,1,25,150,151
409,53027127,53064860,200.494,1,25,150,668
410,53027127,53098213,135.402,1,25,150,1043
411,53027128,53027127,100.277,1,25,151,150
412,53027128,53027129,100.201,1,25,151,152
413,53027128,53055556,200.023,1,25,151,486
414,53027128,53055558,135.843,1,25,151,487
415,53027129,53027128,100.201,1,25,152,151
416,53027129,53027130,100.204,1,25,152,153
417,53027129,53030345,200.606,1,25,152,209
418,53027130,53027129,100.204,1,25,153,152
419,53027130,53107633,136.555,2,30,153,1106
420,53027130,243673144,10.807,1,25,153,1580
421,53027131,53027132,76.086,1,25,154,155
422,53027131,53064864,200.393,1,25,154,670
423,53027131,53107634,135.637,1,25,154,1107
424,53027131,243673144,77.988,1,25,154,1580
425,53027132,53027131,76.086,1,25,155,154
426,53027132,53027133,76.131,1,25,155,156
427,53027132,53064865,200.241,1,25,155,671
428,53027132,53107642,136.192,1,25,155,1108
429,53027133,53021954,87.188,1,25,156,127
430,53027133,53027132,76.131,1,25,156,155
431,53027133,53063666,200.023,1,25,156,639
432,53027133,10593597339,113.672,1,25,156,2100
433,53027215,53027218,102.37,1,25,157,158
434,53027215,267632071,7.731,1,25,157,1662
435,53027218,53027215,102.37,1,25,158,157
436,53027218,53055675,43.538,1,25,158,496
437,53027395,53027397,208.433,1,25,159,160
438,53027395,53047327,101.177,1,25,159,379
439,53027395,53147998,45.383,1,25,159,1302
440,53027397,53027395,208.433,1,25,160,159
441,53027397,53027398,99.58,1,25,160,161
442,53027397,53047330,168.341,1,25,160,380
443,53027397,53091854,62.643,1,25,160,980
444,53027398,53027397,99.58,1,25,161,160
445,53027398,53027401,103.082,1,25,161,162
446,53027398,53072269,233.146,1,25,161,724
447,53027398,57650398,83.481,1,25,161,1351
448,53027401,53027398,103.082,1,25,162,161
449,53027401,53027402,130.503,1,25,162,163
450,53027401,53047335,100.533,1,25,162,381
451,53027401,1982139872,99.53,1,25,162,1938
452,53027402,53027401,130.503,1,25,163,162
453,53027402,53047336,100.21,1,25,163,382
454,53027402,2045090220,225.607,1,25,163,1947
455,53027883,53064872,19.091,1,25,164,673
456,53028113,53028115,206.749,1,25,165,166
457,53028113,53062056,143.61,1,25,165,604
458,53028113,53082790,80.382,1,25,165,882
459,53028115,53028113,206.749,1,25,166,165
460,53028115,53028118,303.03,1,25,166,167
461,53028115,53058791,79.269,1,25,166,545
462,53028115,53058793,75.569,1,25,166,546
463,53028118,53028115,303.03,1,25,167,166
464,53028118,53082793,73.067,1,25,167,883
465,53028118,53084382,76.979,1,25,167,897
466,53028332,53028333,109.955,1,25,168,169
467,53028332,53099285,83.925,3,25,168,1066
468,53028332,312432948,9.194,1,25,168,1766
469,53028333,53028332,109.955,1,25,169,168
470,53028333,53070092,79.856,1,25,169,700
471,53028333,53118709,71.257,1,25,169,1190
472,53028559,53028560,37.922,1,25,170,171
473,53028559,53047345,75.711,1,25,170,385
474,53028559,53048001,67.242,1,25,170,398
475,53028560,53028559,37.922,1,25,171,170
476,53029024,53019134,539.031,1,25,172,50
477,53029024,53044093,75.633,1,25,172,352
478,53029024,231099810,48.264,1,25,172,1421
479,53029032,53019134,25.598,1,25,173,50
480,53029032,53029033,107.77,1,25,173,174
481,53029032,53043833,78.107,1,25,173,347
482,53029033,53029032,107.77,1,25,174,173
483,53029033,53029035,202.759,1,25,174,175
484,53029033,53043835,76.494,1,25,174,348
485,53029033,53063671,76.655,1,25,174,640
486,53029035,53029033,202.759,1,25,175,174
487,53029035,53029036,99.48,1,25,175,176
488,53029035,53043837,77.158,1,25,175,349
489,53029035,53063673,75.095,1,25,175,641
490,53029036,53029035,99.48,1,25,176,175
491,53029036,53029037,102.531,1,25,176,177
492,53029036,53072269,131.397,1,25,176,724
493,53029036,243673135,290.382,1,25,176,1576
494,53029037,53029036,102.531,1,25,177,176
495,53029037,53093337,131.545,1,25,177,995
496,53029037,243673133,274.148,1,25,177,1575
497,53029037,258761353,130.024,1,25,177,1595
498,53029038,53029041,143.421,1,25,178,179
499,53029038,243670962,250.775,1,25,178,1550
500,53029038,258761353,16.537,1,25,178,1595
501,53029041,53029038,143.421,1,25,179,178
502,53029041,240448884,12.235,1,25,179,1497
503,53029041,243673129,228.38,3,25,179,1574
504,53029042,53029043,201.702,1,25,180,181
505,53029042,53113655,90.9,1,25,180,1145
506,53029042,240448884,102.037,1,25,180,1497
507,53029043,53029042,201.702,1,25,181,180
508,53029043,53029046,201.511,1,25,181,182
509,53029043,53113657,91.309,1,25,181,1146
510,53029043,53124028,91.131,1,25,181,1225
511,53029046,53029043,201.511,1,25,182,181
512,53029046,53029047,111.359,1,25,182,183
513,53029046,53113658,91.479,1,25,182,1147
514,53029046,53124029,91.291,1,25,182,1226
515,53029047,53029046,111.359,1,25,183,182
516,53029047,53029050,90.565,1,25,183,184
517,53029047,243673110,169.457,1,25,183,1567
518,53029050,53020937,201.4,1,25,184,83
519,53029050,53029047,90.565,1,25,184,183
520,53029050,53063523,76.992,1,25,184,615
521,53029050,53063524,91.726,1,25,184,616
522,53029719,53029721,204.261,2,25,185,186
523,53029719,53077782,105.254,1,25,185,783
524,53029719,53131014,92.575,1,25,185,1257
525,53029721,53027125,200.322,2,25,186,148
526,53029721,53029719,204.261,2,25,186,185
527,53029721,53064856,104.215,2,25,186,666
528,53029721,53064857,94.178,2,25,186,667
529,53029723,53027125,135.749,1,25,187,148
530,53029723,53029725,134.443,1,25,187,188
531,53029723,53077784,103.919,1,25,187,784
532,53029723,53107630,94.24,1,25,187,1105
533,53029725,53029723,134.443,1,25,188,187
534,53029725,53029727,133.926,2,25,188,189
535,53029725,53060265,104.169,1,25,188,579
536,53029725,53060268,94.415,1,25,188,580
537,53029727,53029725,133.926,2,25,189,188
538,53029727,53029728,202.756,2,25,189,190
539,53029727,53077786,104.384,1,25,189,785
540,53029727,53131024,93.845,1,25,189,1259
541,53029728,53029727,202.756,2,25,190,189
542,53029728,53029729,202.566,2,25,190,191
543,53029728,53091840,94.908,1,25,190,974
544,53029728,2065927988,103.424,1,25,190,1950
545,53029729,53029728,202.566,2,25,191,190
546,53029729,53029730,143.45,2,25,191,192
547,53029729,53093329,96.064,1,25,191,991
548,53029730,53029729,143.45,2,25,192,191
549,53029730,53029731,147.211,2,25,192,193
550,53029730,240448930,89.737,1,25,192,1512
551,53029730,1998332204,102.913,1,25,192,1942
552,53029731,53029730,147.211,2,25,193,192
553,53029731,240448811,38.494,3,25,193,1486
554,53029731,240448872,11.495,1,25,193,1491
555,53029733,53029736,165.828,2,25,194,195
556,53029733,53077793,103.912,1,25,194,786
557,53029733,53121264,94.38,1,25,194,1210
558,53029733,240448872,140.201,2,25,194,1491
559,53029736,53029733,165.828,2,25,195,194
560,53029736,53029737,202.276,2,25,195,196
561,53029736,1762740864,89.128,1,25,195,1914
562,53029736,1981316228,104.119,1,25,195,1934
563,53029737,53029736,202.276,2,25,196,195
564,53029737,53029740,202.028,1,25,196,197
565,53029737,53063570,292.556,1,25,196,637
566,53029737,53077797,104.002,1,25,196,787
567,53029740,53029737,202.028,1,25,197,196
568,53029740,53029741,117.43,1,25,197,198
569,53029740,53063568,103.971,1,25,197,636
570,53029740,53063570,94.332,1,25,197,637
571,53029741,53029740,117.43,1,25,198,197
572,53029741,260577511,38.178,1,25,198,1619
573,53029741,4218827204,11.732,1,25,198,2040
574,53030280,53030351,146.089,1,25,199,214
575,53030280,53055566,100.029,2,25,199,491
576,53030280,240448880,12.34,1,25,199,1495
577,53030281,53030282,165.199,1,25,200,201
578,53030281,53121268,100.324,1,25,200,1211
579,53030281,240448880,140.919,1,25,200,1495
580,53030281,2908411319,94.392,1,25,200,2004
581,53030282,53030281,165.199,1,25,201,200
582,53030282,53130826,100.864,1,25,201,1255
583,53030282,1762740845,197.45,1,25,201,1912
584,53030282,1762740888,94.324,1,25,201,1918
585,53030286,53020930,202.095,1,25,202,80
586,53030286,53063521,100.541,1,25,202,614
587,53030286,1762740830,197.327,1,25,202,1909
588,53030286,11637411579,95.947,1,25,202,2124
589,53030290,53020930,202.373,1,25,203,80
590,53030290,53030292,152.445,1,25,203,204
591,53030290,53055496,99.919,1,25,203,476
592,53030290,53085639,101.807,2,25,203,918
593,53030292,53030290,152.445,1,25,204,203
594,53030292,53030293,98.886,1,25,204,205
595,53030292,53055498,100.697,1,25,204,477
596,53030292,53079164,102.044,1,25,204,805
597,53030293,53030292,98.886,1,25,205,204
598,53030293,53030296,107.591,1,25,205,206
599,53030293,53055500,100.192,1,25,205,478
600,53030293,53100804,101.614,1,25,205,1077
601,53030296,53030293,107.591,1,25,206,205
602,53030296,53030298,208.828,1,25,206,207
603,53030296,53055501,100.249,1,25,206,479
604,53030296,53093983,101.212,1,25,206,1006
605,53030298,53030296,208.828,1,25,207,206
606,53030298,53055503,99.564,1,24.854848,207,480
607,53030298,53108749,101.428,1,24.854848,207,1112
608,53030344,53030345,204.365,1,25,208,209
609,53030344,53055554,99.447,1,25,208,485
610,53030344,53130832,100.161,1,25,208,1256
611,53030345,53027129,200.606,1,25,209,152
612,53030345,53030344,204.365,1,25,209,208
613,53030345,53055556,100.208,2,25,209,486
614,53030345,53064862,99.235,2,25,209,669
615,53030346,53030347,134.46,1,25,210,211
616,53030346,53055558,100.193,1,25,210,487
617,53030346,53107633,99.495,1,25,210,1106
618,53030346,4213511009,122.071,1,25,210,2038
619,53030347,53030346,134.46,1,25,211,210
620,53030347,53030348,134.105,1,25,211,212
621,53030347,53055559,100.263,1,25,211,488
622,53030347,53060272,99.809,1,25,211,582
623,53030348,53019122,100.015,1,25,212,45
624,53030348,53030347,134.105,1,25,212,211
625,53030348,53030349,202.785,1,25,212,213
626,53030348,9935474581,75.558,1,25,212,2093
627,53030349,53030348,202.785,1,25,213,212
628,53030349,53055563,100.233,1,25,213,490
629,53030349,53091844,100.144,1,25,213,976
630,53030349,240448916,195.808,1,25,213,1507
631,53030351,53030280,146.089,1,25,214,199
632,53030351,53055171,100.823,1,25,214,460
633,53030351,240448926,93.713,1,25,214,1510
634,53030351,240448938,137.667,1,25,214,1516
635,53030484,53030491,284.585,1,25,215,216
636,53030484,53063917,102.569,1,25,215,643
637,53030491,53030484,284.585,1,25,216,215
638,53030491,53030498,114.26,1,25,216,217
639,53030491,53099698,172.676,1,25,216,1070
640,53030498,53030491,114.26,1,25,217,216
641,53030498,53030500,131.875,1,25,217,218
642,53030498,53040391,87.283,1,25,217,305
643,53030500,53030498,131.875,1,25,218,217
644,53030500,53030503,113.188,1,25,218,219
645,53030500,53057618,307.566,1,25,218,528
646,53030503,53030500,113.188,1,25,219,218
647,53030503,53030507,283.491,1,25,219,220
648,53030503,53033487,404.194,1,25,219,241
649,53030507,53030503,283.491,1,25,220,219
650,53030507,53030508,130.237,1,25,220,221
651,53030507,53040398,49.738,1,25,220,306
652,53030508,53030507,130.237,1,25,221,220
653,53030508,53030510,63.759,1,25,221,222
654,53030508,53033487,113.177,1,20,221,241
655,53030508,53040399,100.978,1,25,221,307
656,53030510,53030508,63.759,1,25,222,221
657,53030510,53030514,75.498,1,25,222,223
658,53030510,53033490,196.062,1,25,222,243
659,53030514,53030510,75.498,1,25,223,222
660,53030514,53030518,346.147,1,25,223,224
661,53030514,53040401,115.811,1,25,223,308
662,53030518,53030514,346.147,1,25,224,223
663,53030518,53030520,231.958,1,25,224,225
664,53030518,53054953,152.667,1,25,224,451
665,53030520,53025642,175.005,1,25,225,136
666,53030520,53030518,231.958,1,25,225,224
667,53030520,53040405,210.965,1,25,225,309
668,53030524,53025642,28.59,1,25,226,136
669,53030524,53030526,99.1,1,25,226,227
670,53030524,53085849,115.046,1,25,226,920
671,53030526,53030524,99.1,1,25,227,226
672,53030526,53030527,155.71,1,25,227,228
673,53030526,53034157,71.345,1,25,227,250
674,53030527,53030526,155.71,1,25,228,227
675,53030527,53030528,51.575,1,25,228,229
676,53030527,53119512,47.632,1,25,228,1194
677,53030528,53030527,51.575,1,25,229,228
678,53030528,53030530,334.184,1,25,229,230
679,53030528,53054966,92.109,1,25,229,453
680,53030530,53030528,334.184,1,25,230,229
681,53030530,53030533,237.018,1,25,230,231
682,53030530,53082312,94.971,1,25,230,844
683,53030533,53030530,237.018,1,25,231,230
684,53030533,53030534,111.074,1,25,231,232
685,53030533,53079006,152.93,1,25,231,791
686,53030534,53030533,111.074,1,25,232,231
687,53030534,53030536,292.182,1,25,232,233
688,53030534,53142076,254.408,1,25,232,1287
689,53030536,53030534,292.182,1,25,233,232
690,53030536,53030538,97.388,1,25,233,234
691,53030536,53081635,214.573,1,25,233,817
692,53030538,53030536,97.388,1,25,234,233
693,53030538,53030539,27.709,1,25,234,235
694,53030538,53056716,698.854,1,25,234,523
695,53030539,53030538,27.709,1,25,235,234
696,53030539,53056711,222.419,1,25,235,522
697,53030914,53030915,85.727,1,25,236,237
698,53030914,53047346,121.544,1,25,236,386
699,53030914,53047347,52.1,1,25,236,387
700,53030915,53030914,85.727,1,25,237,236
701,53031195,53031582,413.072,1,25,238,239
702,53031582,53031195,413.072,1,25,239,238
703,53031582,53060402,259.873,2,25,239,585
704,53031582,5106682771,151.56,1,25,239,2058
705,53032789,53061184,405.357,1,25,240,593
706,53032789,53098775,105.096,1,25,240,1051
707,53032789,53112743,94.924,1,25,240,1143
708,53033487,53030503,404.194,1,25,241,219
709,53033487,53030508,113.177,1,20,241,221
710,53033487,53033489,100.711,1,25,241,242
711,53033487,53056378,89.599,1,20,241,517
712,53033489,53033487,100.711,1,25,242,241
713,53033489,53033490,93.001,1,25,242,243
714,53033489,53047410,147.386,1,25,242,389
715,53033490,53030510,196.062,1,25,243,222
716,53033490,53033489,93.001,1,25,243,242
717,53033490,53033493,123.902,1,25,243,244
718,53033493,53033490,123.902,1,25,244,243
719,53033493,53033497,179.954,1,25,244,245
720,53033493,53054947,156.091,1,25,244,450
721,53033493,53054953,293.843,1,25,244,451
722,53033497,53033493,179.954,1,25,245,244
723,53033497,53054947,262.561,1,25,245,450
724,53033497,269301417,34.131,1,25,245,1681
725,53033506,53033516,374.121,1,25,246,247
726,53033506,53062745,212.515,1,25,246,608
727,53033506,100548476,151.553,1,25,246,1406
728,53033516,53033506,374.121,1,25,247,246
729,53033516,53081759,62.147,1,25,247,818
730,53033516,53119552,87.728,1,25,247,1200
731,53034140,53034144,73.988,1,24.854848,248,249
732,53034140,2438953053,189.843,1,24.854848,248,1982
733,53034144,53034140,75.674,1,24.854848,249,248
734,53034144,53048389,267.4,1,24.854848,249,404
735,53034157,53030526,71.345,1,25,250,227
736,53034335,53056716,139.175,1,25,251,523
737,53034977,35719115,429.772,1,25,252,7
738,53034977,53011953,114.679,1,25,252,43
739,53034977,6562055675,163.323,1,25,252,2066
740,53035083,53035085,94.787,1,25,253,254
741,53035083,53119542,584.598,1,25,253,1199
742,53035083,53149300,195.418,1,25,253,1308
743,53035085,53035083,94.787,1,25,254,253
744,53035085,53048217,211.029,1,25,254,400
745,53035085,53063951,43.689,1,25,254,650
746,53035181,53096064,72.886,1,25,255,1021
747,53035181,53111889,145.771,1,25,255,1133
748,53035181,417266879,90.263,1,25,255,1789
749,53035189,53035191,58.079,1,25,256,257
750,53035189,53058795,132.093,1,25,256,547
751,53035189,53084384,134.679,1,25,256,898
752,53035191,53035189,58.079,1,25,257,256
753,53036287,53036288,77.903,1,25,258,259
754,53036287,53044093,82.275,1,25,258,352
755,53036288,53036287,77.903,1,25,259,258
756,53036288,263187472,84.683,1,25,259,1645
757,53036288,266711489,66.196,1,25,259,1647
758,53036804,2072413546,9.118,2,25,260,1951
759,53036804,2425028275,116.051,2,25,260,1981
760,53036805,53036808,184.464,1,25,261,262
761,53036805,6952299129,8.634,1,25,261,2070
762,53036808,53036810,25.116,1,25,262,263
763,53036808,239616920,70.18,1,25,262,1441
764,53036810,53036808,25.116,1,25,263,262
765,53036810,53049927,425.193,1,25,263,411
766,53036811,53036810,74.605,1,25,264,263
767,53036811,239616920,12.865,1,25,264,1441
768,53036813,56006420,14.727,1,25,265,1331
769,53036813,266711636,22.836,1,25,265,1649
770,53036819,53020805,83.647,1,25,266,71
771,53036819,53036821,150.811,1,25,266,267
772,53036819,53056365,288.727,1,25,266,509
773,53036819,53096106,194.733,1,25,266,1035
774,53036821,53036819,150.811,1,25,267,266
775,53036821,53036823,98.889,1,25,267,268
776,53036821,53056367,428.847,1,25,267,510
777,53036821,53115322,354.934,1,25,267,1156
778,53036823,53036821,98.889,1,25,268,267
779,53036823,53075877,59.162,1,25,268,752
780,53036823,53075880,243.956,1,25,268,753
781,53037710,53037716,143.092,1,25,269,270
782,53037710,53047455,142.771,1,25,269,391
783,53037710,57823404,10.467,1,25,269,1354
784,53037716,53037710,143.092,1,25,270,269
785,53037716,53037724,486.926,1,25,270,271
786,53037716,53115866,89.302,1,25,270,1161
787,53037724,53037716,486.926,1,25,271,270
788,53037724,53101617,30.219,1,24.854848,271,1080
789,53037895,53050628,100.172,2,30,272,436
790,53037895,240469624,13.455,1,25,272,1533
791,53037897,53037899,195.777,1,25,273,274
792,53037897,53129609,100.597,1,25,273,1244
793,53037897,240469624,186.414,1,25,273,1533
794,53037897,283296768,95.648,1,25,273,1740
795,53037899,53037897,195.777,1,25,274,273
796,53037899,53037901,200.483,1,25,274,275
797,53037899,53064671,100.517,1,25,274,652
798,53037899,53076878,100.525,1,25,274,776
799,53037901,53037899,200.483,1,25,275,274
800,53037901,53037903,149.176,1,25,275,276
801,53037901,53129613,100.389,1,25,275,1245
802,53037901,299078450,100.872,1,25,275,1764
803,53037903,53037901,149.176,1,25,276,275
804,53037903,53037905,200.843,1,25,276,277
805,53037903,53064674,100.653,2,25,276,653
806,53037903,53129615,101.016,2,25,276,1246
807,53037905,53037903,200.843,1,25,277,276
808,53037905,53064677,101.388,1,25,277,654
809,53037905,53122855,100.094,1,25,277,1222
810,53037905,275782472,120.493,1,25,277,1698
811,53037907,53037909,58.577,1,25,278,279
812,53037907,275779890,128.864,2,25,278,1691
813,53037907,275782472,28.464,1,25,278,1698
814,53037909,53037907,58.577,1,25,279,278
815,53037909,53064680,101.114,1,25,279,656
816,53037909,275779238,73.936,1,25,279,1689
817,53037909,1762740637,241.847,1,25,279,1871
818,53037915,53037916,193.558,1,25,280,281
819,53037915,53064685,104.431,2,25,280,659
820,53037915,53099278,104.122,2,25,280,1063
821,53037915,1762740658,234.159,1,25,280,1876
822,53037916,53037915,193.558,1,25,281,280
823,53037916,53037919,107.643,1,25,281,282
824,53037916,53064686,101.394,1,25,281,660
825,53037916,56837380,75.242,1,25,281,1338
826,53037919,53037916,107.643,1,25,282,281
827,53037919,53037921,108.373,1,25,282,283
828,53037919,53082593,187.512,1,25,282,862
829,53037919,56837383,201.817,1,25,282,1339
830,53037921,53037919,108.373,1,25,283,282
831,53037921,53037923,108.203,1,25,283,284
832,53037921,53082594,177.227,1,25,283,863
833,53037921,53100516,201.574,1,25,283,1072
834,53037923,53037921,108.203,1,25,284,283
835,53037923,53037929,15.662,1,25,284,285
836,53037923,53082156,74.776,1,25,284,820
837,53037929,53037923,15.662,1,25,285,284
838,53037929,53037931,92.137,1,25,285,286
839,53037929,53082595,152.697,1,25,285,864
840,53037931,53037929,92.137,1,25,286,285
841,53037931,53037932,90.594,1,25,286,287
842,53037931,53082597,152.191,1,25,286,865
843,53037932,53037931,90.594,1,25,287,286
844,53037932,53082597,240.1,1,25,287,865
845,53037932,57014813,22.775,1,25,287,1341
846,53037936,57014813,114.303,1,25,288,1341
847,53038909,53047455,218.099,1,25,289,391
848,53038909,2507403763,7.82,1,25,289,1987
849,53038910,53038909,126.535,1,25,290,289
850,53038910,269109139,357.087,1,25,290,1673
851,53038912,53038910,93.811,1,25,291,290
852,53038912,269109138,187.83,1,25,291,1672
853,53038916,53085851,100.214,1,25,292,921
854,53038916,269109131,27.066,1,25,292,1671
855,53038916,269109138,16.763,1,25,292,1672
856,53039355,53060406,174.772,1,25,293,587
857,53039355,53077218,45.697,1,25,293,778
858,53039454,240469700,101.095,3,30,294,1540
859,53039454,1762740559,172.241,1,25,294,1857
860,53039458,53068384,100.951,1,25,295,688
861,53039458,1762740549,96.169,1,25,295,1855
862,53039458,1762740560,226.5,1,25,295,1858
863,53039509,53039510,160.423,1,25,296,297
864,53039509,53055541,84.36,1,25,296,481
865,53039509,53055544,29.59,1,25,296,482
866,53039510,53039509,160.423,1,25,297,296
867,53039510,53039514,209.884,1,25,297,298
868,53039510,53117367,57.571,3,25,297,1182
869,53039510,53131108,82.388,2,25,297,1260
870,53039514,53039510,209.884,1,25,298,297
871,53039514,53039516,131.622,1,25,298,299
872,53039514,53077836,80.849,1,25,298,789
873,53039516,53039514,131.622,1,25,299,298
874,53039733,53083161,68.906,1,25,300,886
875,53040161,53027215,24.379,1,25,301,157
876,53040161,53040162,155.569,1,25,301,302
877,53040162,53040161,155.569,1,25,302,301
878,53040162,53055675,99.267,1,25,302,496
879,53040162,53055678,101.033,1,25,302,497
880,53040258,53021953,75.937,1,25,303,126
881,53040258,53040259,85.417,1,25,303,304
882,53040258,53064868,57.953,1,25,303,672
883,53040259,53021954,139.727,1,25,304,127
884,53040259,53040258,85.417,1,25,304,303
885,53040259,53064868,98.692,1,25,304,672
886,53040391,53030498,87.283,1,25,305,217
887,53040391,53040398,488.293,1,25,305,306
888,53040391,53058580,78.319,1,25,305,536
889,53040398,53030507,49.738,1,25,306,220
890,53040398,53040391,488.293,1,25,306,305
891,53040398,53040399,144.542,1,25,306,307
892,53040398,53058586,47.458,1,25,306,538
893,53040399,53030508,100.978,1,25,307,221
894,53040399,53040398,144.542,1,25,307,306
895,53040399,53040401,53.434,1,25,307,308
896,53040399,269109312,133.545,1,15,307,1674
897,53040401,53030514,115.811,1,25,308,223
898,53040401,53040399,53.434,1,25,308,307
899,53040401,53040405,410.161,1,25,308,309
900,53040405,53030520,210.965,1,25,309,225
901,53040405,53040401,410.161,1,25,309,308
902,53040405,53143356,83.216,1,25,309,1289
903,53040920,53040923,196.758,1,25,310,311
904,53040920,53082189,68.078,1,25,310,830
905,53040920,53082191,134.543,1,25,310,831
906,53040923,53040920,196.758,1,25,311,310
907,53040923,53040925,101.95,1,25,311,312
908,53040923,53076855,176.764,1,25,311,765
909,53040923,53146424,98.851,1,25,311,1294
910,53040925,53040923,101.95,1,25,312,311
911,53040925,53040927,98.551,1,25,312,313
912,53040925,53047991,76.204,1,25,312,397
913,53040927,53040925,98.551,1,25,313,312
914,53040927,53040929,100.865,1,25,313,314
915,53040927,53076858,106.874,1,25,313,766
916,53040927,53152693,101.052,1,25,313,1317
917,53040929,53040927,100.865,1,25,314,313
918,53040929,53040930,101.135,1,25,314,315
919,53040929,53076860,100.36,1,25,314,767
920,53040929,53137848,100.5,1,25,314,1273
921,53040930,53040929,101.135,1,25,315,314
922,53040930,53076860,196.802,1,25,315,767
923,53040930,53091860,100.135,1,25,315,982
924,53041081,53063545,99.768,2,25,316,624
925,53041081,11515571162,78.99,2,25,316,2117
926,53041083,53020969,101.361,1,25,317,102
927,53041083,53041081,200.71,2,25,317,316
928,53041085,53063548,100.763,3,25,318,626
929,53041085,259581497,11.503,2,25,318,1608
930,53041087,53020971,101.508,1,25,319,104
931,53041087,53041085,173.909,2,25,319,318
932,53041088,53041087,97.808,2,25,320,319
933,53041088,53063550,100.478,1,25,320,628
934,53041090,53041088,104.946,2,25,321,320
935,53041090,53063551,100.467,2,25,321,629
936,53041092,53020976,101.461,1,25,322,106
937,53041092,53041090,202.287,2,25,322,321
938,53041093,53041092,202.03,2,25,323,322
939,53041093,53063555,100.536,2,25,323,631
940,53041095,53020985,101.901,1,25,324,110
941,53041095,53041093,202.04,2,25,324,323
942,53041095,53063556,99.503,1,25,324,632
943,53041097,53020989,94.947,1,25,325,112
944,53041097,53041095,203.016,2,25,325,324
945,53041097,53063558,103.84,1,25,325,633
946,53041099,56819279,98.188,1,25,326,1336
947,53041099,267632012,12.476,1,25,326,1661
948,53041130,53041131,206.743,1,25,327,328
949,53041130,53082568,95.664,1,25,327,853
950,53041130,394215408,89.665,1,25,327,1781
951,53041131,53041130,206.743,1,25,328,327
952,53041131,53117382,95.641,2,25,328,1186
953,53041131,275776613,35.124,2,25,328,1682
954,53041412,53041414,45.988,1,25,329,330
955,53041412,53126442,60.933,2,25,329,1237
956,53041412,53134401,83.469,2,25,329,1266
957,53041412,4059290083,218.12,1,25,329,2032
958,53041414,53041412,45.988,1,25,330,329
959,53042100,53042101,203.147,1,25,331,332
960,53042100,53109978,84.608,1,25,331,1114
961,53042100,53119692,93.789,1,25,331,1202
962,53042100,2644106917,256.707,1,25,331,1989
963,53042101,53042100,203.147,1,25,332,331
964,53042101,53047308,93.901,1,25,332,371
965,53042101,53047309,65.292,1,25,332,372
966,53042480,53112494,138.795,1,25,333,1140
967,53042483,53065302,151.159,1,25,334,677
968,53042483,53065304,139.945,1,25,334,678
969,53042483,53084370,121.165,1,25,334,894
970,53042645,53042648,333.2,1,25,335,336
971,53042645,53116955,80.239,1,25,335,1168
972,53042645,2045090205,74.493,1,25,335,1946
973,53042648,53042645,333.2,1,25,336,335
974,53042648,53042650,203.372,1,25,336,337
975,53042648,53047336,79.877,1,25,336,382
976,53042648,53047340,79.736,1,25,336,383
977,53042650,53042648,203.372,1,25,337,336
978,53042650,53050611,82.748,3,30,337,426
979,53042650,240404686,17.538,1,25,337,1473
980,53042652,53042654,200.88,1,25,338,339
981,53042652,53055179,94.4,1,25,338,461
982,53042652,53116958,94.338,1,25,338,1169
983,53042652,240404686,185.137,1,25,338,1473
984,53042654,53042652,200.88,1,25,339,338
985,53042654,53055181,93.712,1,25,339,462
986,53042654,53055182,291.395,1,25,339,463
987,53042654,53076866,94.799,1,25,339,769
988,53042657,53042659,99.155,1,25,340,341
989,53042657,53055185,98.193,2,25,340,464
990,53042657,53116963,99.937,2,25,340,1171
991,53042657,778894094,51.935,1,25,340,1800
992,53042659,53042657,99.155,1,25,341,340
993,53042659,53042661,111.046,1,25,341,342
994,53042659,53055187,102.431,1,25,341,465
995,53042661,53042659,111.046,1,25,342,341
996,53042661,53042663,100.103,1,25,342,343
997,53042661,53055189,102.961,1,25,342,466
998,53042663,53042661,100.103,1,25,343,342
999,53042663,53042665,101.023,1,25,343,344
1000,53042663,53055191,102.224,1,25,343,467
1001,53042665,53042663,101.023,1,25,344,343
1002,53042665,53042667,129.43,1,24.854848,344,345
1003,53042665,53055193,95.543,3,25,344,468
1004,53042665,53096084,93.252,2,25,344,1027
1005,53042667,53042665,129.43,1,24.854848,345,344
1006,53042667,53116974,96.804,1,25,345,1173
1007,53042667,239669267,71.21,1,24.854848,345,1460
1008,53042670,53055195,89.987,4,25,346,470
1009,53042670,239669267,11.808,1,24.854848,346,1460
1010,53043833,53029032,78.107,1,25,347,173
1011,53043833,53043835,108.506,1,25,347,348
1012,53043833,53082176,85.768,1,25,347,824
1013,53043835,53029033,76.494,1,25,348,174
1014,53043835,53043833,108.506,1,25,348,347
1015,53043835,53043837,202.586,1,25,348,349
1016,53043835,57121461,85.338,1,25,348,1347
1017,53043837,53029035,77.158,1,25,349,175
1018,53043837,53043835,202.586,1,25,349,348
1019,53043837,53091851,54.632,1,25,349,979
1020,53043840,53024602,58.943,1,25,350,130
1021,53043840,53077536,85.673,1,25,350,780
1022,53043950,53075160,158.49,1,25,351,739
1023,53043950,53091098,73.409,1,25,351,962
1024,53044093,53029024,75.633,1,25,352,172
1025,53044093,53036287,82.275,1,25,352,258
1026,53044093,53044094,63.096,1,25,352,353
1027,53044093,53064875,39.682,1,25,352,674
1028,53044094,53044093,63.096,1,25,353,352
1029,53044102,53044103,176.692,1,25,354,355
1030,53044102,53058781,63.971,1,25,354,540
1031,53044103,53044102,176.692,1,25,355,354
1032,53044103,53129638,75.316,1,25,355,1248
1033,53044103,7130122362,207.658,1,25,355,2071
1034,53044106,53070157,76.2,1,25,356,703
1035,53044106,7130122362,209.838,1,25,356,2071
1036,53044129,53019168,97.707,2,25,357,66
1037,53044129,53084389,112.347,2,25,357,899
1038,53044129,261736226,21.523,1,25,357,1636
1039,53045590,53045592,105.804,1,24.854848,358,359
1040,53045590,53070391,105.483,2,25,358,708
1041,53045590,53117318,22.405,2,25,358,1177
1042,53045592,53045590,105.804,1,24.854848,359,358
1043,53045592,53099285,178.781,1,25,359,1066
1044,53045592,4030862072,149.101,1,24.854848,359,2031
1045,53045619,53099155,96.95,1,25,360,1054
1046,53045619,283272953,92.002,1,25,360,1724
1047,53046247,53055699,199.797,1,25,361,499
1048,53046247,53083161,24.928,1,25,361,886
1049,53046247,262084243,60.939,1,25,361,1638
1050,53046995,240448831,1003.358,1,25,362,1488
1051,53047287,53050621,202.241,1,25,363,432
1052,53047287,53085602,200.294,1,25,363,904
1053,53047287,260577509,93.636,1,25,363,1617
1054,53047287,2205390461,94.311,1,25,363,1972
1055,53047290,53050625,201.478,1,25,364,434
1056,53047290,53103724,148.62,1,25,364,1085
1057,53047290,53129602,285.742,1,25,364,1243
1058,53047290,2205390421,93.789,1,25,364,1969
1059,53047294,53047295,219.313,1,25,365,366
1060,53047295,53019147,87.568,1,25,366,55
1061,53047295,53019152,74.936,1,25,366,57
1062,53047295,53047294,219.313,1,25,366,365
1063,53047295,53064879,103.187,1,25,366,676
1064,53047301,53047303,137.006,1,25,367,368
1065,53047301,53064667,79.067,1,25,367,651
1066,53047301,53098015,287.18,1,25,367,1040
1067,53047301,165537279,78.504,1,25,367,1411
1068,53047303,53047301,137.006,1,25,368,367
1069,53047303,53082553,86.468,1,25,368,849
1070,53047303,73991078,18.015,1,25,368,1368
1071,53047304,53047307,98.827,1,25,369,370
1072,53047304,53098018,132.339,1,25,369,1041
1073,53047304,73991078,50.575,1,25,369,1368
1074,53047307,53047304,98.827,1,25,370,369
1075,53047307,53047308,90.759,1,25,370,371
1076,53047307,53103725,49.249,2,25,370,1086
1077,53047307,53117372,209.697,2,25,370,1184
1078,53047308,53042101,93.901,1,25,371,332
1079,53047308,53047307,90.759,1,25,371,370
1080,53047308,53119692,206.564,1,25,371,1202
1081,53047309,53042101,65.292,1,25,372,332
1082,53047309,53047311,44.483,1,25,372,373
1083,53047309,53070074,79.253,1,25,372,695
1084,53047311,53047309,44.483,1,25,373,372
1085,53047311,53047313,78.005,1,25,373,374
1086,53047311,53050635,204.086,1,25,373,440
1087,53047311,53109978,199.355,1,25,373,1114
1088,53047313,53047311,78.005,1,25,374,373
1089,53047313,53048818,40.273,1,25,374,410
1090,53047313,53138574,36.406,1,25,374,1275
1091,53047320,53019149,98.059,1,25,375,56
1092,53047320,53047322,97.159,1,25,375,376
1093,53047320,53050595,218.317,1,25,375,418
1094,53047320,53070449,188.489,1,25,375,713
1095,53047322,53047320,97.159,1,25,376,375
1096,53047322,53047324,74.489,1,25,376,377
1097,53047322,53082182,128.477,1,25,376,826
1098,53047322,53082185,139.277,1,25,376,827
1099,53047324,53047322,74.489,1,25,377,376
1100,53047324,53047326,45.616,1,25,377,378
1101,53047324,53140596,102.868,1,25,377,1282
1102,53047326,53047324,45.616,1,25,378,377
1103,53047326,53047327,69.49,1,25,378,379
1104,53047326,53069669,69.434,1,25,378,692
1105,53047327,53027395,101.177,1,25,379,159
1106,53047327,53047326,69.49,1,25,379,378
1107,53047327,53047330,132.255,1,25,379,380
1108,53047327,53050599,202.938,1,25,379,420
1109,53047330,53027397,168.341,1,25,380,160
1110,53047330,53047327,132.255,1,25,380,379
1111,53047330,53047778,158.279,1,25,380,393
1112,53047335,53027401,100.533,1,25,381,162
1113,53047335,53047336,129.734,1,25,381,382
1114,53047335,53050603,400.466,1,25,381,422
1115,53047335,53050606,204.472,2,25,381,423
1116,53047336,53027402,100.21,1,25,382,163
1117,53047336,53042648,79.877,1,25,382,336
1118,53047336,53047335,129.734,1,25,382,381
1119,53047336,53047772,101.065,1,25,382,392
1120,53047340,53042648,79.736,1,25,383,336
1121,53047340,53093985,287.588,3,25,383,1007
1122,53047340,240448888,12.628,1,25,383,1499
1123,53047341,53047345,162.014,1,25,384,385
1124,53047341,53050612,193.478,1,25,384,427
1125,53047341,240448888,102.181,1,25,384,1499
1126,53047341,2443760109,185.891,1,25,384,1986
1127,53047345,53028559,75.711,1,25,385,170
1128,53047345,53047341,162.014,1,25,385,384
1129,53047345,53047346,67.453,1,25,385,386
1130,53047346,53030914,121.544,1,25,386,236
1131,53047346,53047345,67.453,1,25,386,385
1132,53047346,53050613,192.744,1,25,386,428
1133,53047346,53151362,76.059,1,25,386,1310
1134,53047347,53030914,52.1,1,25,387,236
1135,53047347,53047348,204.221,1,25,387,388
1136,53047347,53079257,143.599,1,25,387,806
1137,53047347,53125023,97.409,1,25,387,1229
1138,53047348,53020951,201.728,1,25,388,91
1139,53047348,53047347,204.221,1,25,388,387
1140,53047348,53063531,80.279,1,25,388,618
1141,53047348,1762740779,79.937,1,25,388,1899
1142,53047410,53033489,147.386,1,25,389,242
1143,53047410,53056378,67.524,1,25,389,517
1144,53047410,53057625,165.001,1,25,389,530
1145,53047453,53047455,64.031,1,25,390,391
1146,53047453,53061110,109.227,1,25,390,590
1147,53047453,53061113,170.839,1,25,390,591
1148,53047455,53037710,142.771,1,25,391,269
1149,53047455,53038909,218.099,1,25,391,289
1150,53047455,53047453,64.031,1,25,391,390
1151,53047455,53061113,130.464,1,25,391,591
1152,53047772,53047336,101.065,1,25,392,382
1153,53047772,53050608,103.228,1,25,392,425
1154,53047772,240404657,107.719,1,25,392,1467
1155,53047778,53047330,158.279,1,25,393,380
1156,53047778,53050601,73.165,1,25,393,421
1157,53047778,57650413,93.634,1,25,393,1352
1158,53047986,53047987,79.331,1,25,394,395
1159,53047986,53148825,69.139,1,25,394,1305
1160,53047986,240404730,60.57,1,25,394,1479
1161,53047987,53047986,79.331,1,25,395,394
1162,53047987,53047989,87.1,1,25,395,396
1163,53047987,53082306,95.513,1,25,395,843
1164,53047989,53047987,87.1,1,25,396,395
1165,53047989,53047991,68.28,1,25,396,397
1166,53047989,53076855,72.401,1,25,396,765
1167,53047989,53076858,102.375,1,25,396,766
1168,53047991,53040925,76.204,1,25,397,312
1169,53047991,53047989,68.28,1,25,397,396
1170,53047991,53141270,53.229,1,25,397,1284
1171,53048001,53028559,67.242,1,25,398,170
1172,53048210,53048225,167.265,1,25,399,403
1173,53048210,53056374,157.093,1,25,399,515
1174,53048210,53063945,461.133,1,25,399,649
1175,53048210,100526670,141.86,1,25,399,1405
1176,53048217,53035085,211.029,1,25,400,254
1177,53048217,53063945,220.647,1,25,400,649
1178,53048217,100526670,258.787,1,25,400,1405
1179,53048220,53048223,226.612,1,25,401,402
1180,53048220,53056371,210.291,1,25,401,513
1181,53048220,53075863,84.995,1,25,401,747
1182,53048223,53048220,226.612,1,25,402,401
1183,53048223,53048225,91.482,1,25,402,403
1184,53048223,53056372,85.451,1,25,402,514
1185,53048223,53063935,64.033,1,25,402,647
1186,53048225,53048210,167.265,1,25,403,399
1187,53048225,53048223,91.482,1,25,403,402
1188,53048225,53056372,65.571,1,20,403,514
1189,53048225,53056374,100.444,1,20,403,515
1190,53048389,52991832,175.52,1,24.854848,404,26
1191,53048389,53034144,267.4,1,24.854848,404,249
1192,53048389,237134303,171.445,1,24.854848,404,1424
1193,53048447,53048448,129.727,1,25,405,406
1194,53048447,53050628,66.57,1,25,405,436
1195,53048447,53064667,74.048,1,25,405,651
1196,53048448,53048447,129.727,1,25,406,405
1197,53048448,53048464,20.136,1,25,406,408
1198,53048448,53050629,58.463,1,25,406,437
1199,53048449,53048465,28.681,2,25,407,409
1200,53048449,53050633,50.467,2,25,407,438
1201,53048449,53070074,287.653,1,25,407,695
1202,53048464,53048448,20.136,1,25,408,406
1203,53048464,53048465,169.721,1,25,408,409
1204,53048464,53082555,61.795,1,25,408,850
1205,53048465,53048449,28.681,2,25,409,407
1206,53048465,53048464,169.721,1,25,409,408
1207,53048465,53103729,45.666,2,25,409,1087
1208,53048818,53024603,153.067,1,25,410,131
1209,53048818,53047313,40.273,1,25,410,374
1210,53048818,53077536,79.416,1,25,410,780
1211,53049927,53036810,425.193,1,25,411,263
1212,53049927,99323492,8.627,1,25,411,1398
1213,53049927,3652943780,398.872,1,25,411,2024
1214,53049968,53049969,111.187,1,25,412,413
1215,53049968,53070157,76.097,1,25,412,703
1216,53049968,53070158,91.019,1,25,412,704
1217,53049969,53049968,111.187,1,25,413,412
1218,53049969,53082787,97.762,1,25,413,881
1219,53049969,53082790,169.413,1,25,413,882
1220,53050565,53050568,222.137,1,25,414,415
1221,53050565,53122849,102.706,1,25,414,1219
1222,53050565,57066394,200.721,1,25,414,1343
1223,53050568,53050565,222.137,1,25,415,414
1224,53050568,53050570,25.025,1,25,415,416
1225,53050568,53096083,99.042,2,25,415,1026
1226,53050568,259581502,103.857,3,25,415,1613
1227,53050570,53050568,25.025,1,25,416,415
1228,53050570,53096121,99.92,2,25,416,1037
1229,53050570,239669186,163.357,1,25,416,1456
1230,53050572,52987686,96.705,3,25,417,25
1231,53050572,53120084,154.643,1,15,417,1204
1232,53050572,239669186,11.743,1,25,417,1456
1233,53050595,53047320,218.317,1,25,418,375
1234,53050595,53050596,113.538,2,25,418,419
1235,53050595,53070450,76.082,1,25,418,714
1236,53050595,261735848,92.526,2,25,418,1626
1237,53050596,53050595,113.538,2,25,419,418
1238,53050596,53050599,249.156,3,30,419,420
1239,53050596,53082185,77.118,1,25,419,827
1240,53050596,240404706,16.221,1,25,419,1477
1241,53050599,53047327,202.938,1,25,420,379
1242,53050599,53050601,94.253,2,30,420,421
1243,53050599,240404664,13.649,1,25,420,1469
1244,53050601,53047778,73.165,1,25,421,393
1245,53050601,53050603,111.028,2,30,421,422
1246,53050601,240404700,15.381,1,25,421,1476
1247,53050603,53047335,400.466,1,25,422,381
1248,53050603,240404695,13.697,1,25,422,1475
1249,53050603,11322981442,35.563,2,30,422,2109
1250,53050606,53047335,204.472,2,25,423,381
1251,53050606,53050607,100.827,3,30,423,424
1252,53050606,240404674,13.572,1,25,423,1470
1253,53050607,53050608,28.761,2,30,424,425
1254,53050607,240404660,13.893,1,25,424,1468
1255,53050608,53042650,76.698,2,30,425,337
1256,53050608,53047772,103.228,1,25,425,392
1257,53050608,240404677,13.839,1,25,425,1471
1258,53050611,53047340,200.12,3,25,426,383
1259,53050611,240448890,12.531,1,30,426,1500
1260,53050612,53047341,193.478,1,25,427,384
1261,53050612,53050613,228.601,2,30,427,428
1262,53050612,240469490,14.287,1,25,427,1527
1263,53050613,53047346,192.744,1,25,428,386
1264,53050613,53050615,174.1,2,30,428,429
1265,53050613,240469679,15.575,1,25,428,1536
1266,53050615,53050617,203.046,2,30,429,430
1267,53050615,53125023,94.871,1,25,429,1229
1268,53050615,240469495,15.427,1,25,429,1528
1269,53050617,53020955,201.854,3,30,430,93
1270,53050617,240469773,15.507,1,25,430,1545
1271,53050617,1762740780,75.432,1,25,430,1900
1272,53050619,53050621,99.933,2,30,431,432
1273,53050619,240469785,14.349,1,25,431,1546
1274,53050619,260577510,189.234,1,25,431,1618
1275,53050621,53047287,202.241,1,25,432,363
1276,53050621,53050623,99.166,2,30,432,433
1277,53050621,240469619,13.298,1,25,432,1532
1278,53050623,53050625,99.179,3,30,433,434
1279,53050623,240469512,13.276,1,25,433,1529
1280,53050623,2205390437,196.266,1,25,433,1971
1281,53050625,53047290,201.478,1,25,434,364
1282,53050625,53050627,101.267,2,30,434,435
1283,53050625,240469696,13.25,1,25,434,1538
1284,53050627,53037895,100.968,2,30,435,272
1285,53050627,53094053,88.887,1,25,435,1011
1286,53050627,240469515,13.447,1,25,435,1530
1287,53050628,53048447,66.57,1,25,436,405
1288,53050628,53050629,126.734,3,30,436,437
1289,53050628,240469698,12.479,1,25,436,1539
1290,53050629,53048448,58.463,1,25,437,406
1291,53050629,53050633,182.673,3,30,437,438
1292,53050629,240469627,12.133,1,25,437,1534
1293,53050633,53048449,50.467,2,25,438,407
1294,53050633,53050634,204.333,3,30,438,439
1295,53050633,240469700,11.599,2,25,438,1540
1296,53050634,53050635,43.506,2,30,439,440
1297,53050634,240469701,11.613,1,25,439,1541
1298,53050635,53047311,204.086,1,25,440,373
1299,53050635,53050637,54.877,3,30,440,441
1300,53050637,53050639,23.452,2,30,441,442
1301,53050637,240469703,11.495,1,25,441,1542
1302,53050639,53050641,82.112,3,30,442,443
1303,53050639,53138574,167.512,1,25,442,1275
1304,53050639,283296748,11.865,1,25,442,1727
1305,53050641,53024607,96.584,2,30,443,133
1306,53050641,53100729,157.455,1,25,443,1075
1307,53050641,240469705,11.875,1,25,443,1543
1308,53050642,53126424,155.229,1,25,444,1235
1309,53050642,240469532,11.796,1,25,444,1531
1310,53050705,53026148,84.407,1,25,445,144
1311,53050705,53050709,356.739,1,25,445,446
1312,53050705,53060406,86.268,1,25,445,587
1313,53050709,53026147,121.441,2,25,446,143
1314,53050709,53050705,356.739,1,25,446,445
1315,53050709,1968181922,42.702,2,25,446,1931
1316,53054244,53075270,180.67,1,25,447,741
1317,53054244,88553055,34.293,1,25,447,1382
1318,53054244,4349679534,17.651,1,25,447,2054
1319,53054389,53054390,68.97,1,25,448,449
1320,53054389,53063527,99.294,1,25,448,617
1321,53054389,53093989,102.348,1,25,448,1010
1322,53054390,53054389,68.97,1,25,449,448
1323,53054947,53033493,156.091,1,25,450,244
1324,53054947,53033497,262.561,1,25,450,245
1325,53054947,53057625,48.599,1,25,450,530
1326,53054953,53030518,152.667,1,25,451,224
1327,53054953,53033493,293.843,1,25,451,244
1328,53054953,53054961,332.203,1,25,451,452
1329,53054961,53025638,115.177,1,25,452,135
1330,53054961,53054953,332.203,1,25,452,451
1331,53054961,53130350,163.739,1,25,452,1251
1332,53054966,53025638,168.588,1,25,453,135
1333,53054966,53030528,92.109,1,25,453,229
1334,53054966,53119522,236.697,1,25,453,1196
1335,53054999,35719109,36.516,1,25,454,5
1336,53054999,53055000,143.697,1,25,454,455
1337,53054999,3177154975,64.826,1,24.854848,454,2014
1338,53055000,35719103,70.611,1,25,455,4
1339,53055000,53054999,143.697,1,25,455,454
1340,53055000,56819228,63.485,1,25,455,1335
1341,53055155,9441350540,18.122,1,25,456,2077
1342,53055155,9441350544,7.755,1,24.854848,456,2078
1343,53055157,53055160,203.635,1,25,457,458
1344,53055157,53091836,345.889,1,25,457,973
1345,53055157,74261393,164.619,1,25,457,1372
1346,53055157,74261455,78.44,1,25,457,1374
1347,53055160,52993536,140.956,1,25,458,29
1348,53055160,53055157,203.635,1,25,458,457
1349,53055160,1998332204,94.823,1,25,458,1942
1350,53055160,2065927938,346.113,1,25,458,1949
1351,53055166,53093332,143.555,1,25,459,992
1352,53055166,53098219,146.541,1,25,459,1046
1353,53055166,240448922,94.186,1,25,459,1508
1354,53055166,240448934,95.127,1,25,459,1514
1355,53055171,53030351,100.823,1,25,460,214
1356,53055171,53116953,146.336,3,30,460,1167
1357,53055171,243670962,11.949,1,25,460,1550
1358,53055179,53042652,94.4,1,25,461,338
1359,53055179,53055181,200.239,1,25,461,462
1360,53055179,240404660,185.887,1,25,461,1468
1361,53055181,53042654,93.712,1,25,462,339
1362,53055181,53055179,200.239,1,25,462,461
1363,53055181,53055182,200.794,1,25,462,463
1364,53055182,53042654,291.395,1,25,463,339
1365,53055182,53055181,200.794,1,25,463,462
1366,53055182,53055185,202.006,1,25,463,464
1367,53055185,53042657,98.193,2,25,464,340
1368,53055185,53055182,202.006,1,25,464,463
1369,53055185,53055187,99.657,1,25,464,465
1370,53055185,53093345,97.246,2,25,464,998
1371,53055187,53042659,102.431,1,25,465,341
1372,53055187,53055185,99.657,1,25,465,464
1373,53055187,53055189,104.607,1,25,465,466
1374,53055187,240404758,30.048,1,25,465,1482
1375,53055189,53055187,104.607,1,25,466,465
1376,53055189,53055191,99.185,1,25,466,467
1377,53055189,53093347,99.974,1,25,466,1000
1378,53055191,53042663,102.224,1,25,467,343
1379,53055191,53055189,99.185,1,25,467,466
1380,53055191,239616965,101.791,2,25,467,1445
1381,53055193,53055194,91.626,2,25,468,469
1382,53055193,53093350,103.389,2,25,468,1001
1383,53055193,239616965,10.231,2,25,468,1445
1384,53055194,53055193,91.626,2,25,469,468
1385,53055194,53055195,105.952,2,25,469,470
1386,53055194,53093351,103.978,1,25,469,1002
1387,53055195,53055194,105.952,2,25,470,469
1388,53055195,53091870,306.348,2,25,470,988
1389,53055195,239669267,89.412,3,25,470,1460
1390,53055195,14069790140,71.3,2,25,470,2141
1391,53055198,53075889,311.369,1,25,471,758
1392,53055198,14069790140,11.949,1,25,471,2141
1393,53055200,2327822491,147.645,1,25,472,1978
1394,53055200,14074301567,147.013,1,25,472,2143
1395,53055202,52980624,163.26,1,25,473,19
1396,53055202,53148316,106.743,1,25,473,1303
1397,53055202,237133573,57.727,2,25,473,1423
1398,53055203,53129312,106.642,1,25,474,1239
1399,53055203,260908845,74.686,1,25,474,1624
1400,53055203,7779828769,450.827,2,20,474,2073
1401,53055367,53112061,37.389,1,25,475,1138
1402,53055367,74261353,23.741,1,25,475,1371
1403,53055367,11687209953,124.789,1,25,475,2127
1404,53055496,53020929,201.72,1,25,476,79
1405,53055496,53030290,99.919,1,25,476,203
1406,53055496,53055498,158.189,1,25,476,477
1407,53055496,53085637,100.275,1,25,476,917
1408,53055498,53030292,100.697,1,25,477,204
1409,53055498,53055496,158.189,1,25,477,476
1410,53055498,53055500,99.873,1,25,477,478
1411,53055498,53079162,100.232,1,25,477,804
1412,53055500,53030293,100.192,1,25,478,205
1413,53055500,53055498,99.873,1,25,478,477
1414,53055500,53055501,101.097,1,25,478,479
1415,53055500,53098229,100.42,1,25,478,1049
1416,53055501,53030296,100.249,1,25,479,206
1417,53055501,53055500,101.097,1,25,479,478
1418,53055501,53055503,209.293,1,25,479,480
1419,53055501,53093980,100.543,1,25,479,1005
1420,53055503,53030298,99.564,1,24.854848,480,207
1421,53055503,53055501,209.293,1,25,480,479
1422,53055503,53055541,178.258,1,25,480,481
1423,53055503,53098232,100.866,1,24.854848,480,1050
1424,53055541,53039509,84.36,1,25,481,296
1425,53055541,53055503,178.258,1,25,481,480
1426,53055544,53039509,29.59,1,25,482,296
1427,53055544,53055546,50.069,1,25,482,483
1428,53055544,53117367,165,2,25,482,1182
1429,53055544,53117370,238.843,2,25,482,1183
1430,53055546,53055544,50.069,1,25,483,482
1431,53055546,53097105,162.631,1,25,483,1038
1432,53055546,53097108,239.027,1,25,483,1039
1433,53055553,53055554,70.945,1,25,484,485
1434,53055554,53030344,99.447,1,25,485,208
1435,53055554,53055553,70.945,1,25,485,484
1436,53055554,53055556,204.618,1,25,485,486
1437,53055554,53098211,100.822,1,25,485,1042
1438,53055556,53027128,200.023,1,25,486,151
1439,53055556,53030345,100.208,2,25,486,209
1440,53055556,53055554,204.618,1,25,486,485
1441,53055556,53064860,100.696,2,25,486,668
1442,53055558,53027128,135.843,1,25,487,151
1443,53055558,53030346,100.193,1,25,487,210
1444,53055558,53055559,134.305,1,25,487,488
1445,53055558,53098213,100.437,1,25,487,1043
1446,53055559,53030347,100.263,1,25,488,211
1447,53055559,53055558,134.305,1,25,488,487
1448,53055559,53060270,100.437,1,25,488,581
1449,53055559,9935474578,130.526,1,25,488,2092
1450,53055561,53055563,199.516,1,25,489,490
1451,53055561,9935474581,25.179,1,25,489,2093
1452,53055563,53030349,100.233,1,25,490,213
1453,53055563,53055561,199.516,1,25,490,489
1454,53055563,53091841,100.428,1,25,490,975
1455,53055563,53093332,297.559,1,25,490,992
1456,53055566,53098219,100.665,3,25,491,1046
1457,53055566,240448878,12.087,1,25,491,1494
1458,53055566,240448928,140.964,1,25,491,1511
1459,53055616,267631998,10.79,1,25,492,1659
1460,53055616,3647671483,214.306,1,25,492,2020
1461,53055618,53055616,48.054,1,25,493,492
1462,53055618,56819228,260.821,1,25,493,1335
1463,53055618,267631989,12.547,1,25,493,1658
1464,53055620,53055618,52.82,1,25,494,493
1465,53055629,52978706,81.069,1,25,495,15
1466,53055629,53082156,204.96,1,25,495,820
1467,53055629,57014813,90.125,1,25,495,1341
1468,53055629,267632084,100.234,1,25,495,1664
1469,53055675,53027218,43.538,1,25,496,158
1470,53055675,53040162,99.267,1,25,496,302
1471,53055675,53082598,158.293,1,25,496,866
1472,53055675,53091414,82.942,1,25,496,963
1473,53055678,53040162,101.033,1,25,497,302
1474,53055678,53091415,82.878,1,25,497,964
1475,53055678,221408534,150.203,1,25,497,1417
1476,53055696,53055699,147.251,1,25,498,499
1477,53055696,53080856,583.298,1,25,498,811
1478,53055696,472623471,268.406,1,25,498,1797
1479,53055699,53046247,199.797,1,25,499,361
1480,53055699,53055696,147.251,1,25,499,498
1481,53055699,53055700,87.601,1,25,499,500
1482,53055700,53055699,87.601,1,25,500,499
1483,53055700,59942347,265.081,1,25,500,1365
1484,53055700,258895327,143.316,1,25,500,1602
1485,53056326,53056328,94.143,2,25,501,502
1486,53056326,53061833,82.013,1,25,501,600
1487,53056326,53062055,205.631,1,25,501,603
1488,53056328,53056326,94.143,2,25,502,501
1489,53056328,53056330,78.305,2,25,502,503
1490,53056328,53062056,167.189,1,25,502,604
1491,53056330,53056328,78.305,2,25,503,502
1492,53056330,53062059,171.207,1,25,503,605
1493,53056330,261736042,67.544,2,25,503,1630
1494,53056333,261736039,32.815,1,25,504,1629
1495,53056333,261736042,37.832,2,25,504,1630
1496,53056333,261736043,37.402,1,25,504,1631
1497,53056333,261736049,42.445,2,25,504,1632
1498,53056334,3687445761,31.758,2,25,505,2025
1499,53056334,3687445762,35.395,1,25,505,2026
1500,53056334,3687445765,39.914,2,25,505,2027
1501,53056334,3687445767,32.704,1,25,505,2028
1502,53056335,53072371,80.196,2,25,506,729
1503,53056335,239715475,52.395,2,25,506,1465
1504,53056335,2072413546,127.883,2,25,506,1951
1505,53056335,3687445761,71.485,2,25,506,2025
1506,53056336,53056337,28.153,2,25,507,508
1507,53056336,239715475,81.987,1,25,507,1465
1508,53056336,239715494,48.866,2,25,507,1466
1509,53056337,53056336,28.153,2,25,508,507
1510,53056337,53112762,110.858,1,25,508,1144
1511,53056337,56006423,167.508,2,25,508,1332
1512,53056365,53036819,288.727,1,25,509,266
1513,53056365,53056367,113.842,1,20,509,510
1514,53056365,53061195,186.719,1,25,509,597
1515,53056365,56006420,124.506,1,20,509,1331
1516,53056367,53036821,428.847,1,25,510,267
1517,53056367,53056365,113.842,1,20,510,509
1518,53056367,53056369,99.227,1,20,510,511
1519,53056367,53061189,293.842,1,25,510,595
1520,53056369,53056367,99.227,1,20,511,510
1521,53056369,53056370,86.943,1,20,511,512
1522,53056369,53075873,244.654,1,25,511,750
1523,53056370,53056369,86.943,1,20,512,511
1524,53056370,53056371,89.55,1,20,512,513
1525,53056370,53061182,32.198,1,25,512,592
1526,53056370,53075872,152.322,1,25,512,749
1527,53056371,53048220,210.291,1,25,513,401
1528,53056371,53056370,89.55,1,20,513,512
1529,53056371,53056372,170.892,1,20,513,514
1530,53056371,53075867,157.957,1,25,513,748
1531,53056372,53048223,85.451,1,25,514,402
1532,53056372,53048225,65.571,1,20,514,403
1533,53056372,53056371,170.892,1,20,514,513
1534,53056372,53063939,334.409,1,25,514,648
1535,53056374,53048210,157.093,1,25,515,399
1536,53056374,53048225,100.444,1,20,515,403
1537,53056374,53056376,43.341,1,20,515,516
1538,53056374,53111406,353.205,1,25,515,1123
1539,53056376,53056374,43.341,1,20,516,515
1540,53056376,53056378,96.557,1,20,516,517
1541,53056376,53057620,225.599,1,25,516,529
1542,53056378,53033487,89.599,1,20,517,241
1543,53056378,53047410,67.524,1,25,517,389
1544,53056378,53056376,96.557,1,20,517,516
1545,53056378,53057620,111.343,1,25,517,529
1546,53056543,53056545,99.141,1,25,518,519
1547,53056543,53087209,251.273,1,25,518,931
1548,53056543,53112672,101.555,1,25,518,1141
1549,53056543,53147188,97.362,1,25,518,1297
1550,53056545,53056543,99.141,1,25,519,518
1551,53056545,53056547,185.587,1,25,519,520
1552,53056545,53075882,194.379,1,25,519,754
1553,53056547,53056545,185.587,1,25,520,519
1554,53056547,53056551,114.966,1,25,520,521
1555,53056547,53082169,157.708,1,25,520,823
1556,53056551,53056547,114.966,1,25,521,520
1557,53056551,53075882,150.086,1,25,521,754
1558,53056551,53075885,153.468,1,25,521,755
1559,53056711,53030539,222.419,1,25,522,235
1560,53056716,53030538,698.854,1,25,523,234
1561,53056716,53034335,139.175,1,25,523,251
1562,53056716,53079006,60.564,1,25,523,791
1563,53056995,53056997,50.026,1,25,524,525
1564,53056997,53019153,166.593,1,25,525,58
1565,53056997,53019157,166.685,1,25,525,60
1566,53056997,53056995,50.026,1,25,525,524
1567,53057592,53057594,268.643,1,25,526,527
1568,53057592,53065306,113.416,1,25,526,679
1569,53057592,53085110,145.773,1,25,526,901
1570,53057594,53057592,268.643,1,25,527,526
1571,53057594,53142855,84.714,1,25,527,1288
1572,53057594,266712141,72.916,1,25,527,1651
1573,53057618,53030500,307.566,1,25,528,218
1574,53057618,53057620,144.808,1,25,528,529
1575,53057618,53111384,183.749,1,25,528,1121
1576,53057620,53056376,225.599,1,25,529,516
1577,53057620,53056378,111.343,1,25,529,517
1578,53057620,53057618,144.808,1,25,529,528
1579,53057625,53047410,165.001,1,25,530,389
1580,53057625,53054947,48.599,1,25,530,450
1581,53057625,100526670,154.949,1,25,530,1405
1582,53058046,53058047,136.854,1,25,531,532
1583,53058046,53082187,83.991,1,25,531,828
1584,53058046,240404706,95.823,1,25,531,1477
1585,53058047,53058046,136.854,1,25,532,531
1586,53058047,53058048,144.362,1,25,532,533
1587,53058047,58443126,67.152,1,25,532,1355
1588,53058047,1778520650,40.41,1,25,532,1923
1589,53058048,53058047,144.362,1,25,533,532
1590,53058048,53148825,93.207,1,25,533,1305
1591,53058048,240404664,92.753,1,25,533,1469
1592,53058576,258769192,83.167,1,25,534,1599
1593,53058576,12682520908,100.606,1,25,534,2137
1594,53058577,53058580,112.049,1,25,535,536
1595,53058577,258769192,13.852,1,25,535,1599
1596,53058580,53040391,78.319,1,25,536,305
1597,53058580,53058577,112.049,1,25,536,535
1598,53058580,53058582,416.962,1,25,536,537
1599,53058580,53090468,95.96,1,25,536,953
1600,53058582,53058580,416.962,1,25,537,536
1601,53058582,53058586,102.637,1,25,537,538
1602,53058582,7916222522,219.821,1,25,537,2074
1603,53058586,53040398,47.458,1,25,538,306
1604,53058586,53058582,102.637,1,25,538,537
1605,53058586,53058588,22.64,1,24.854848,538,539
1606,53058586,53058899,76.225,1,25,538,555
1607,53058588,53058586,22.64,1,24.854848,539,538
1608,53058781,53044102,63.971,1,25,540,354
1609,53058781,53058782,169.108,1,25,540,541
1610,53058781,53112494,236.316,1,25,540,1140
1611,53058782,53058781,169.108,1,25,541,540
1612,53058782,53058784,43.72,1,25,541,542
1613,53058782,53129638,48.687,1,25,541,1248
1614,53058784,53058782,43.72,1,25,542,541
1615,53058784,53058788,320.78,1,25,542,543
1616,53058784,53129638,23.842,1,25,542,1248
1617,53058784,53140628,112.809,1,25,542,1283
1618,53058788,53058784,320.78,1,25,543,542
1619,53058788,53058789,81.809,1,25,543,544
1620,53058788,53140628,359.026,1,25,543,1283
1621,53058788,5994754918,15.855,1,25,543,2062
1622,53058788,5994754920,22.225,1,25,543,2063
1623,53058789,53058788,81.809,1,25,544,543
1624,53058789,53058791,80.019,1,25,544,545
1625,53058789,53070158,210.825,1,25,544,704
1626,53058789,53070161,161.063,1,25,544,705
1627,53058791,53028115,79.269,1,25,545,166
1628,53058791,53058789,80.019,1,25,545,544
1629,53058791,53082790,210.739,1,25,545,882
1630,53058791,53082793,324.839,1,25,545,883
1631,53058793,53028115,75.569,1,25,546,166
1632,53058793,53058795,55.974,1,25,546,547
1633,53058793,53084382,315.254,1,25,546,897
1634,53058795,53035189,132.093,1,25,547,256
1635,53058795,53058793,55.974,1,25,547,546
1636,53058795,53058797,87.045,1,25,547,548
1637,53058797,53058795,87.045,1,25,548,547
1638,53058797,53058813,50.995,2,25,548,550
1639,53058797,53062059,40.157,2,25,548,605
1640,53058801,53019162,158.304,1,25,549,64
1641,53058801,53058819,136.752,1,25,549,554
1642,53058801,53086956,87.226,1,25,549,930
1643,53058813,53058797,50.995,2,25,550,548
1644,53058813,53062062,94.015,1,25,550,606
1645,53058813,261736039,170.971,1,25,550,1629
1646,53058814,53061837,54.127,1,25,551,602
1647,53058814,56006372,93.681,1,25,551,1329
1648,53058814,261736043,64.854,1,25,551,1631
1649,53058815,53058818,162.09,1,25,552,553
1650,53058815,53072369,97.198,1,25,552,728
1651,53058815,56006367,67.887,1,25,552,1328
1652,53058815,56006372,68.638,1,25,552,1329
1653,53058818,53058815,162.09,1,25,553,552
1654,53058818,53058819,84.019,1,25,553,554
1655,53058818,53072367,167.471,1,25,553,727
1656,53058818,53074448,104.307,1,25,553,737
1657,53058819,53019164,181.193,1,25,554,65
1658,53058819,53058801,136.752,1,25,554,549
1659,53058819,53058818,84.019,1,25,554,553
1660,53058819,53072365,196.829,1,25,554,726
1661,53058899,53058586,76.225,1,25,555,538
1662,53058899,53101617,284.504,1,25,555,1080
1663,53058932,53020994,222.537,1,25,556,116
1664,53058932,56819228,14.446,1,25,556,1335
1665,53058932,56819292,75.721,1,25,556,1337
1666,53058934,53020993,63.525,2,25,557,115
1667,53058934,53020994,43.562,1,25,557,116
1668,53058934,53058936,161.59,1,25,557,558
1669,53058936,53058934,161.59,1,25,558,557
1670,53058936,53111876,395.119,1,25,558,1126
1671,53058936,267632093,178.998,1,25,558,1666
1672,53058938,52978706,173.4,1,25,559,15
1673,53058938,267632090,25.617,1,25,559,1665
1674,53058938,267632093,22.379,1,25,559,1666
1675,53059192,53059193,122.972,1,25,560,561
1676,53059192,53059204,197.986,1,25,560,565
1677,53059192,414245762,65.812,1,25,560,1788
1678,53059193,53026098,100.097,1,25,561,140
1679,53059193,53059192,122.972,1,25,561,560
1680,53059193,53059195,200.842,1,25,561,562
1681,53059193,53146430,102.597,1,25,561,1295
1682,53059195,53059193,200.842,1,25,562,561
1683,53059195,53059197,39.095,1,25,562,563
1684,53059195,59794830,86.066,1,25,562,1361
1685,53059197,53026099,77.101,1,25,563,141
1686,53059197,53059195,39.095,1,25,563,562
1687,53059197,53059198,94.827,1,25,563,564
1688,53059198,53059197,94.827,1,25,564,563
1689,53059198,53062885,132.401,1,25,564,609
1690,53059198,53062886,177.359,1,25,564,610
1691,53059198,8417814501,94.212,1,25,564,2075
1692,53059204,53059192,197.986,1,25,565,560
1693,53059204,53082169,148.437,1,25,565,823
1694,53059204,53147299,242.431,1,25,565,1300
1695,53059841,53096101,110.151,1,25,566,1033
1696,53059841,239616933,8.732,1,25,566,1442
1697,53059841,239669144,52.546,1,25,566,1454
1698,53059845,53059841,200.979,2,25,567,566
1699,53059845,53096096,104.578,1,25,567,1032
1700,53059845,239616991,10.251,1,25,567,1447
1701,53059863,53059864,201.5,1,25,568,569
1702,53059863,53082199,100.053,1,25,568,835
1703,53059863,239617045,18.855,1,25,568,1453
1704,53059864,53059863,201.5,1,25,569,568
1705,53059864,53059866,202.055,1,25,569,570
1706,53059864,53122843,100.004,1,25,569,1216
1707,53059864,239617031,101.078,1,25,569,1452
1708,53059866,53059864,202.055,1,25,570,569
1709,53059866,53122844,99.058,1,25,570,1217
1710,53059866,239617025,101.146,2,25,570,1451
1711,53060109,53060110,106.222,1,25,571,572
1712,53060109,53081759,158.515,1,25,571,818
1713,53060109,53081764,106.075,1,25,571,819
1714,53060110,53060109,106.222,1,25,572,571
1715,53060110,53060111,92.592,1,25,572,573
1716,53060110,53094210,151.54,1,25,572,1012
1717,53060110,53119552,114.531,1,25,572,1200
1718,53060111,53060110,92.592,1,25,573,572
1719,53060111,53119522,191.732,1,25,573,1196
1720,53060111,53123929,244.391,1,25,573,1223
1721,53060166,53060168,86.382,1,25,574,575
1722,53060166,53091093,75.012,1,25,574,961
1723,53060166,99295338,96.64,1,25,574,1394
1724,53060168,53060166,86.382,1,25,575,574
1725,53060168,53110559,76.02,1,25,575,1118
1726,53060168,53153798,46.503,1,25,575,1319
1727,53060255,53060256,102.086,1,25,576,577
1728,53060255,53107623,134.516,1,35,576,1102
1729,53060255,53125302,133.488,1,35,576,1232
1730,53060256,53060255,102.086,1,25,577,576
1731,53060256,53107625,135.599,1,25,577,1103
1732,53060256,53112054,133.418,1,25,577,1137
1733,53060256,9908972415,28.994,1,25,577,2090
1734,53060264,53060265,94.342,1,25,578,579
1735,53060264,53107627,134.262,1,25,578,1104
1736,53060264,53114428,134.041,1,25,578,1152
1737,53060264,1998332273,85.406,1,25,578,1943
1738,53060265,53029725,104.169,1,25,579,188
1739,53060265,53060264,94.342,1,25,579,578
1740,53060265,53077784,134.07,1,25,579,784
1741,53060265,53077786,134.824,1,25,579,785
1742,53060268,53029725,94.415,1,25,580,188
1743,53060268,53060270,100.138,1,25,580,581
1744,53060268,53107630,134.581,1,25,580,1105
1745,53060268,53131020,67.454,1,25,580,1258
1746,53060270,53055559,100.437,1,25,581,488
1747,53060270,53060268,100.138,1,25,581,580
1748,53060270,53098213,134.34,1,25,581,1043
1749,53060270,53098216,67.846,1,25,581,1044
1750,53060272,53019122,134.258,3,30,582,45
1751,53060272,53030347,99.809,1,25,582,211
1752,53060272,243673140,11.338,1,25,582,1578
1753,53060274,53019126,110.292,1,25,583,47
1754,53060274,53060278,76.055,1,25,583,584
1755,53060274,53107634,134.202,1,25,583,1107
1756,53060274,243673140,78.124,1,25,583,1578
1757,53060278,53019128,82.804,1,25,584,48
1758,53060278,53060274,76.055,1,25,584,583
1759,53060278,53107642,133.708,1,25,584,1108
1760,53060402,53031582,259.873,2,25,585,239
1761,53060402,53060403,102.772,1,25,585,586
1762,53060402,53082604,153.172,1,25,585,869
1763,53060402,4330828662,90.161,2,25,585,2050
1764,53060403,53060402,102.772,1,25,586,585
1765,53060403,53073734,548.594,1,25,586,732
1766,53060403,3810190424,55.309,1,25,586,2030
1767,53060406,53039355,174.772,1,25,587,293
1768,53060406,53050705,86.268,1,25,587,445
1769,53060406,53075270,81.104,1,25,587,741
1770,53060497,53064855,104.039,1,25,588,665
1771,53060497,53083136,175.184,1,25,588,885
1772,53060497,53114425,100.788,1,25,588,1151
1773,53061109,53061110,120.44,1,25,589,590
1774,53061110,53047453,109.227,1,25,590,390
1775,53061110,53061109,120.44,1,25,590,589
1776,53061110,53138586,67.779,1,25,590,1276
1777,53061113,53047453,170.839,1,25,591,390
1778,53061113,53047455,130.464,1,25,591,391
1779,53061113,53085848,161.394,1,25,591,919
1780,53061113,2507403763,85.401,1,25,591,1987
1781,53061182,53056370,32.198,1,25,592,512
1782,53061182,53061184,164.917,1,25,592,593
1783,53061182,53098775,439.641,1,25,592,1051
1784,53061184,53032789,405.357,1,25,593,240
1785,53061184,53061182,164.917,1,25,593,592
1786,53061184,53061185,136.556,1,25,593,594
1787,53061185,53061184,136.556,1,25,594,593
1788,53061185,53061189,118.044,1,25,594,595
1789,53061185,53078342,556.765,1,25,594,790
1790,53061189,53056367,293.842,1,25,595,510
1791,53061189,53061185,118.044,1,25,595,594
1792,53061189,53061191,42.181,1,25,595,596
1793,53061191,53061189,42.181,1,25,596,595
1794,53061191,53061195,75.02,1,25,596,597
1795,53061191,53121843,230.957,1,25,596,1212
1796,53061195,53056365,186.719,1,25,597,509
1797,53061195,53061191,75.02,1,25,597,596
1798,53061195,237136370,143.738,1,25,597,1425
1799,53061321,53061327,415.727,1,25,598,599
1800,53061321,53099577,100.92,1,25,598,1067
1801,53061321,93169617,393.178,1,25,598,1389
1802,53061327,53025955,278.518,1,25,599,139
1803,53061327,53061321,415.727,1,25,599,598
1804,53061327,53099577,167.65,1,25,599,1067
1805,53061833,53056326,82.013,1,25,600,501
1806,53061833,53061835,116.875,1,25,600,601
1807,53061833,53074441,229.218,1,25,600,734
1808,53061835,53061833,116.875,1,25,601,600
1809,53061835,53061837,91.891,1,25,601,602
1810,53061835,53074443,283.256,1,25,601,735
1811,53061837,53058814,54.127,1,25,602,551
1812,53061837,53061835,91.891,1,25,602,601
1813,53061837,53074445,293.161,1,25,602,736
1814,53062055,53056326,205.631,1,25,603,501
1815,53062055,53062056,90.273,1,25,603,604
1816,53062056,53028113,143.61,1,25,604,165
1817,53062056,53056328,167.189,1,25,604,502
1818,53062056,53062055,90.273,1,25,604,603
1819,53062056,53062059,94.966,1,25,604,605
1820,53062059,53056330,171.207,1,25,605,503
1821,53062059,53058797,40.157,2,25,605,548
1822,53062059,53062056,94.966,1,25,605,604
1823,53062062,53058813,94.015,1,25,606,550
1824,53062062,266716296,83.034,1,25,606,1653
1825,53062062,2133315391,97.961,1,25,606,1953
1826,53062065,53082795,633.726,1,25,607,884
1827,53062065,261736143,400.703,1,25,607,1633
1828,53062065,2425028270,115.196,1,25,607,1980
1829,53062065,6952299129,57.134,1,25,607,2070
1830,53062745,53033506,212.515,1,25,608,246
1831,53062745,53130350,98.168,1,25,608,1251
1832,53062745,100548476,484.025,1,25,608,1406
1833,53062885,53059198,132.401,1,25,609,564
1834,53062885,59794830,94.463,1,25,609,1361
1835,53062885,239511746,67.062,1,25,609,1437
1836,53062886,53059198,177.359,1,25,610,564
1837,53062886,53062889,238.601,1,25,610,611
1838,53062886,53091826,94.8,1,25,610,970
1839,53062886,53149317,94.133,1,25,610,1309
1840,53062889,53062886,238.601,1,25,611,610
1841,53062889,53157267,108.725,1,25,611,1324
1842,53062889,239501066,102.69,1,25,611,1433
1843,53062891,53062892,75.674,1,25,612,613
1844,53062891,53130715,92.664,1,25,612,1252
1845,53062891,408726646,159.937,1,25,612,1787
1846,53062891,5843267444,37.542,1,25,612,2060
1847,53062892,53062891,75.674,1,25,613,612
1848,53063521,53020933,201.87,3,30,614,81
1849,53063521,53030286,100.541,1,25,614,202
1850,53063521,243673107,11.096,1,25,614,1566
1851,53063523,53020935,201.291,1,25,615,82
1852,53063523,53029050,76.992,1,25,615,184
1853,53063523,243673107,84.445,1,25,615,1566
1854,53063524,53020941,201.2,1,25,616,85
1855,53063524,53029050,91.726,1,25,616,184
1856,53063524,53063527,91.201,1,25,616,617
1857,53063524,53124029,202.436,1,25,616,1226
1858,53063527,53020943,201.359,1,25,617,86
1859,53063527,53054389,99.294,1,25,617,448
1860,53063527,53063524,91.201,1,25,617,616
1861,53063527,1762740759,103.487,1,25,617,1895
1862,53063531,53020948,201.073,1,25,618,89
1863,53063531,53047348,80.279,1,25,618,388
1864,53063531,53091588,173.683,1,25,618,965
1865,53063531,1762740760,68.806,1,25,618,1896
1866,53063533,53020957,202.786,1,25,619,94
1867,53063533,53095459,202.35,1,25,619,1018
1868,53063533,240469773,85.142,1,25,619,1545
1869,53063533,1762740819,98.56,1,25,619,1907
1870,53063536,53020959,203.219,1,25,620,96
1871,53063536,53063538,99.794,1,25,620,621
1872,53063536,53115970,202.948,1,25,620,1165
1873,53063536,1762740820,98.093,1,25,620,1908
1874,53063538,53020962,204.775,1,25,621,97
1875,53063538,53063536,99.794,1,25,621,620
1876,53063538,53076869,202.338,1,25,621,771
1877,53063538,53152265,297.742,1,25,621,1314
1878,53063541,53020963,298.877,1,25,622,98
1879,53063541,53020966,202.771,1,25,622,99
1880,53063541,53063543,100.438,1,25,622,623
1881,53063541,53152266,202.857,1,25,622,1315
1882,53063543,53020967,202.804,1,25,623,100
1883,53063543,53063541,100.438,1,25,623,622
1884,53063543,53063545,103.716,1,25,623,624
1885,53063543,53105811,202.445,1,25,623,1098
1886,53063545,53041081,99.768,2,25,624,316
1887,53063545,53063543,103.716,1,25,624,623
1888,53063545,53063547,200.727,1,25,624,625
1889,53063545,53146078,202.448,2,25,624,1293
1890,53063547,53041083,100.417,1,25,625,317
1891,53063547,53063545,200.727,1,25,625,624
1892,53063547,53103802,102.179,1,25,625,1088
1893,53063547,259581498,214.363,1,25,625,1609
1894,53063548,53063549,166.551,1,25,626,627
1895,53063548,53096071,100.902,3,25,626,1022
1896,53063548,259581498,11.594,1,25,626,1609
1897,53063549,53041087,100.256,1,25,627,319
1898,53063549,53063548,166.551,1,25,627,626
1899,53063549,53063550,97.976,1,25,627,628
1900,53063550,53041088,100.478,1,25,628,320
1901,53063550,53063549,97.976,1,25,628,627
1902,53063550,53063551,104.954,1,25,628,629
1903,53063551,53063550,104.954,1,25,629,628
1904,53063551,53063553,201.559,1,25,629,630
1905,53063551,53084126,100.769,2,25,629,891
1906,53063553,53041092,100.648,2,25,630,322
1907,53063553,53063551,201.559,1,25,630,629
1908,53063553,53063555,202.92,1,25,630,631
1909,53063555,53063553,202.92,1,25,631,630
1910,53063555,53063556,201.671,1,25,631,632
1911,53063555,53099275,100.547,2,25,631,1061
1912,53063556,53041095,99.503,1,25,632,324
1913,53063556,53063555,201.671,1,25,632,631
1914,53063556,53063558,202.377,1,25,632,633
1915,53063556,53073464,100.974,1,25,632,731
1916,53063558,53041097,103.84,1,25,633,325
1917,53063558,53063556,202.377,1,25,633,632
1918,53063558,53090675,95.928,1,25,633,954
1919,53063558,3652928277,193.231,1,25,633,2021
1920,53063564,53063565,82.507,1,25,634,635
1921,53063565,53020919,201.981,1,25,635,74
1922,53063565,53063564,82.507,1,25,635,634
1923,53063565,53063568,94.5,1,25,635,636
1924,53063565,53114439,202.41,1,25,635,1155
1925,53063568,53020920,202.58,1,25,636,75
1926,53063568,53029740,103.971,1,25,636,197
1927,53063568,53063565,94.5,1,25,636,635
1928,53063568,53077797,201.832,1,25,636,787
1929,53063570,53029737,292.556,1,25,637,196
1930,53063570,53029740,94.332,1,25,637,197
1931,53063570,53063572,100.391,1,25,637,638
1932,53063570,260577516,169.304,1,25,637,1620
1933,53063572,53020928,202.258,1,25,638,78
1934,53063572,53063570,100.391,1,25,638,637
1935,53063572,53098225,202.022,1,25,638,1048
1936,53063572,11637411577,95.793,1,25,638,2122
1937,53063666,53021953,76.255,1,25,639,126
1938,53063666,53027133,200.023,1,25,639,156
1939,53063666,53064865,75.902,1,25,639,671
1940,53063671,53019130,101.126,1,25,640,49
1941,53063671,53029033,76.655,1,25,640,174
1942,53063671,53063673,202.819,1,25,640,641
1943,53063671,53131928,76.227,1,25,640,1262
1944,53063673,53029035,75.095,1,25,641,175
1945,53063673,53063671,202.819,1,25,641,640
1946,53063673,53091848,76.644,1,25,641,978
1947,53063915,53063951,499.52,1,25,642,650
1948,53063915,53081759,115.997,1,25,642,818
1949,53063915,53119542,305.012,1,25,642,1199
1950,53063917,53030484,102.569,1,25,643,215
1951,53063917,53063927,287.788,1,25,643,644
1952,53063917,53075819,116.072,1,25,643,742
1953,53063927,53063917,287.788,1,25,644,643
1954,53063927,53063930,294.897,1,25,644,645
1955,53063927,53099698,158.766,1,25,644,1070
1956,53063930,53063927,294.897,1,25,645,644
1957,53063930,53063931,118.426,1,25,645,646
1958,53063930,53082385,77.706,1,25,645,845
1959,53063931,53063930,118.426,1,25,646,645
1960,53063931,53063935,286.993,1,25,646,647
1961,53063931,53111404,98.295,1,25,646,1122
1962,53063935,53048223,64.033,1,25,647,402
1963,53063935,53063931,286.993,1,25,647,646
1964,53063935,53111404,245.34,1,25,647,1122
1965,53063939,53056372,334.409,1,25,648,514
1966,53063939,53063945,248.911,1,25,648,649
1967,53063939,53075867,170.899,1,25,648,748
1968,53063945,53048210,461.133,1,25,649,399
1969,53063945,53048217,220.647,1,25,649,400
1970,53063945,53063939,248.911,1,25,649,648
1971,53063945,53149300,68.648,1,25,649,1308
1972,53063951,53035085,43.689,1,25,650,254
1973,53063951,53063915,499.52,1,25,650,642
1974,53063951,100548476,227.201,1,25,650,1406
1975,53064667,53047301,79.067,1,25,651,367
1976,53064667,53048447,74.048,1,25,651,405
1977,53064667,53082555,133.152,1,25,651,850
1978,53064667,53103724,211.893,1,25,651,1085
1979,53064671,53037899,100.517,1,25,652,274
1980,53064671,53076879,113.052,1,25,652,777
1981,53064671,283296778,190.504,1,25,652,1745
1982,53064671,299078450,200.569,1,25,652,1764
1983,53064674,53037903,100.653,2,25,653,276
1984,53064674,53064677,200.603,1,25,653,654
1985,53064674,53082568,102.895,2,25,653,853
1986,53064674,299078450,141.528,1,25,653,1764
1987,53064677,53037905,101.388,1,25,654,277
1988,53064677,53064674,200.603,1,25,654,653
1989,53064677,275782464,79.19,1,25,654,1696
1990,53064677,275782468,137.015,1,25,654,1697
1991,53064679,53037907,111.821,2,25,655,278
1992,53064679,275782464,28.766,1,25,655,1696
1993,53064680,53037909,101.114,1,25,656,279
1994,53064680,53064679,99.929,1,25,656,655
1995,53064680,53064683,253.327,1,25,656,657
1996,53064680,53082577,99.947,1,25,656,856
1997,53064683,53064680,253.327,1,25,657,656
1998,53064683,53064684,199.448,1,25,657,658
1999,53064683,1762740604,95.791,1,25,657,1865
2000,53064683,1762740630,95.541,1,25,657,1870
2001,53064684,53064683,199.448,1,25,658,657
2002,53064684,53064685,210.51,1,25,658,659
2003,53064684,1762740624,95.324,1,25,658,1869
2004,53064684,1762740650,95.346,1,25,658,1874
2005,53064685,53037915,104.431,2,25,659,280
2006,53064685,53064684,210.51,1,25,659,658
2007,53064685,53064686,213.836,1,25,659,660
2008,53064685,53082589,104.304,2,25,659,860
2009,53064686,53037916,101.394,1,25,660,281
2010,53064686,53064685,213.836,1,25,660,659
2011,53064686,53070390,96.306,1,25,660,707
2012,53064691,53108749,61.202,2,30,661,1112
2013,53064691,243673088,11.682,1,25,661,1557
2014,53064692,53082546,147.222,1,25,662,846
2015,53064692,53112283,221.388,1,25,662,1139
2016,53064692,243673088,81.218,1,25,662,1557
2017,53064692,2205390309,73.975,1,25,662,1962
2018,53064847,14180285581,2.801,1,24.854848,663,2145
2019,53064850,53064855,204.503,1,25,664,665
2020,53064850,53112051,202.998,2,24.854848,664,1136
2021,53064850,12012924388,70.57,2,25,664,2129
2022,53064855,53027123,199.699,1,25,665,146
2023,53064855,53060497,104.039,1,25,665,588
2024,53064855,53064850,204.503,1,25,665,664
2025,53064855,53064856,94.251,1,25,665,666
2026,53064856,53027124,199.855,1,25,666,147
2027,53064856,53029721,104.215,2,25,666,186
2028,53064856,53064855,94.251,1,25,666,665
2029,53064856,53077782,204.876,1,25,666,783
2030,53064857,53027126,200.221,1,25,667,149
2031,53064857,53029721,94.178,2,25,667,186
2032,53064857,53064860,100.71,2,25,667,668
2033,53064857,53131014,203.794,1,25,667,1257
2034,53064860,53027127,200.494,1,25,668,150
2035,53064860,53055556,100.696,2,25,668,486
2036,53064860,53064857,100.71,2,25,668,667
2037,53064860,53098211,204.249,1,25,668,1042
2038,53064862,53027130,199.91,3,30,669,153
2039,53064862,53030345,99.235,2,25,669,209
2040,53064862,243673147,11.037,1,25,669,1581
2041,53064864,53027131,200.393,1,25,670,154
2042,53064864,53064865,76.238,1,25,670,671
2043,53064864,53141400,204.624,1,25,670,1285
2044,53064864,243673147,77.994,1,25,670,1581
2045,53064865,53027132,200.241,1,25,671,155
2046,53064865,53063666,75.902,1,25,671,639
2047,53064865,53064864,76.238,1,25,671,670
2048,53064865,53131922,204.449,1,25,671,1261
2049,53064868,53040258,57.953,1,25,672,303
2050,53064868,53040259,98.692,1,25,672,304
2051,53064868,53064872,31.072,1,25,672,673
2052,53064868,231099810,31.852,1,25,672,1421
2053,53064872,53027883,19.091,1,25,673,164
2054,53064872,53064868,31.072,1,25,673,672
2055,53064875,53044093,39.682,1,25,674,352
2056,53064875,53064878,88.79,1,25,674,675
2057,53064875,57121436,117.352,1,25,674,1346
2058,53064878,53019140,334.243,1,25,675,53
2059,53064878,53064875,88.79,1,25,675,674
2060,53064878,53064879,97.669,1,25,675,676
2061,53064879,53019145,218.644,1,25,676,54
2062,53064879,53047295,103.187,1,25,676,366
2063,53064879,53064878,97.669,1,25,676,675
2064,53065302,53042483,151.159,1,25,677,334
2065,53065302,53065304,58.326,1,25,677,678
2066,53065302,53086184,259.512,1,25,677,923
2067,53065304,53042483,139.945,1,25,678,334
2068,53065304,53065302,58.326,1,25,678,677
2069,53065304,53065306,11.116,1,25,678,679
2070,53065306,53057592,113.416,1,25,679,526
2071,53065306,53065304,11.116,1,25,679,678
2072,53065306,266712135,244.593,1,25,679,1650
2073,53066172,53066173,200.594,1,25,680,681
2074,53066172,53068381,92.241,1,25,680,686
2075,53066172,53082565,53.949,1,25,680,851
2076,53066173,53066172,200.594,1,25,681,680
2077,53066173,53066175,202.224,1,25,681,682
2078,53066173,53068384,91.679,2,25,681,688
2079,53066173,53088359,92.27,2,25,681,933
2080,53066175,53066173,202.224,1,25,682,681
2081,53066175,53070079,92.148,1,25,682,696
2082,53066175,1762740542,86.841,1,25,682,1854
2083,53066175,2808015850,96.234,1,25,682,1990
2084,53066183,92951404,88.024,1,25,683,1386
2085,53066183,275782491,97.561,2,25,683,1700
2086,53066183,1762740381,97.583,1,25,683,1821
2087,53066460,53090187,85.966,3,25,684,949
2088,53066460,275782504,13.05,1,25,684,1702
2089,53066460,2820169750,103.171,1,25,684,1996
2090,53066465,53070085,80.428,1,25,685,697
2091,53066465,53108131,81.152,1,25,685,1109
2092,53066465,2820169751,180.769,1,25,685,1997
2093,53068381,53066172,92.241,1,25,686,680
2094,53068381,53068382,96.364,1,25,686,687
2095,53068381,53076879,53.942,1,25,686,777
2096,53068382,53068381,96.364,1,25,687,686
2097,53068382,53068384,100.911,1,25,687,688
2098,53068382,53125113,247.289,1,25,687,1230
2099,53068384,53039458,100.951,1,25,688,295
2100,53068384,53066173,91.679,2,25,688,681
2101,53068384,53068382,100.911,1,25,688,687
2102,53068384,53117380,239.426,2,25,688,1185
2103,53068394,92951404,100.66,1,25,689,1386
2104,53068394,275777901,129.009,1,25,689,1687
2105,53068394,812886768,190.072,1,25,689,1802
2106,53068394,10127786907,97.496,1,25,689,2097
2107,53068625,53020507,135.336,1,25,690,70
2108,53068625,99278653,42.801,1,25,690,1391
2109,53068629,53075819,120.777,1,25,691,742
2110,53068629,53075820,57.085,1,25,691,743
2111,53068629,258766924,134.248,1,25,691,1598
2112,53069669,53047326,69.434,1,25,692,378
2113,53069669,53069671,128.198,1,25,692,693
2114,53069671,53069669,128.198,1,25,693,692
2115,53069671,53082185,75.921,1,25,693,827
2116,53070069,53090689,107.451,1,25,694,959
2117,53070069,3245435929,99.28,1,25,694,2015
2118,53070074,53047309,79.253,1,25,695,372
2119,53070074,53048449,287.653,1,25,695,407
2120,53070079,53066175,92.148,1,25,696,682
2121,53070079,53088359,201.261,1,25,696,933
2122,53070079,53088361,100.739,1,25,696,934
2123,53070079,275786806,94.093,1,25,696,1704
2124,53070085,53066465,80.428,1,25,697,685
2125,53070085,53070088,94.036,1,25,697,698
2126,53070085,275792224,75.166,1,25,697,1709
2127,53070085,2820169756,185.322,1,25,697,2000
2128,53070088,53070085,94.036,1,25,698,697
2129,53070088,53117310,245.926,1,25,698,1175
2130,53070088,3125358057,94.254,1,25,698,2008
2131,53070091,53070092,131.66,1,25,699,700
2132,53070091,165560129,16.696,2,25,699,1413
2133,53070091,3125358039,8.549,1,25,699,2006
2134,53070092,53028333,79.856,1,25,700,169
2135,53070092,53070091,131.66,1,25,700,699
2136,53070092,88315081,12.816,1,25,700,1380
2137,53070094,53070096,48.542,1,25,701,702
2138,53070094,88315081,193.628,1,25,701,1380
2139,53070094,283272952,63.851,1,25,701,1723
2140,53070094,2195327626,40.981,1,25,701,1959
2141,53070096,53070094,48.542,1,25,702,701
2142,53070096,53099157,69.905,1,25,702,1055
2143,53070096,53118713,171.233,1,25,702,1191
2144,53070157,53044106,76.2,1,25,703,356
2145,53070157,53049968,76.097,1,25,703,412
2146,53070157,53082787,148.191,1,25,703,881
2147,53070157,53129643,75.214,1,25,703,1250
2148,53070158,53049968,91.019,1,25,704,412
2149,53070158,53058789,210.825,1,25,704,544
2150,53070158,53082790,80.875,1,25,704,882
2151,53070158,53139647,83.057,1,25,704,1281
2152,53070161,53058789,161.063,1,25,705,544
2153,53070161,53070162,113.24,1,25,705,706
2154,53070161,53076320,267.221,1,25,705,759
2155,53070162,53070161,113.24,1,25,706,705
2156,53070162,53082793,110.766,1,25,706,883
2157,53070162,266910766,263.477,1,25,706,1654
2158,53070390,53064686,96.306,1,25,707,660
2159,53070390,53082591,140.756,1,25,707,861
2160,53070390,53082593,112.036,1,25,707,862
2161,53070390,394187862,98.256,1,25,707,1778
2162,53070391,53045590,105.483,2,25,708,358
2163,53070391,53070393,104.921,1,25,708,709
2164,53070391,53103284,115.319,1,25,708,1084
2165,53070391,394187862,64.573,1,25,708,1778
2166,53070393,53070391,104.921,1,25,709,708
2167,53070393,53070395,113.898,1,25,709,710
2168,53070393,2195339382,44.918,1,25,709,1960
2169,53070395,53070393,113.898,1,25,710,709
2170,53070406,53020979,205.238,1,25,711,108
2171,53070406,53070407,201.35,1,25,711,712
2172,53070406,53085622,95.588,1,25,711,912
2173,53070406,53085623,115.167,1,25,711,913
2174,53070407,53070406,201.35,1,25,712,711
2175,53070407,53099277,134.487,1,25,712,1062
2176,53070407,53103280,115.486,1,25,712,1083
2177,53070449,53019145,59.589,1,25,713,54
2178,53070449,53047320,188.489,1,25,713,375
2179,53070449,53082180,91.035,1,25,713,825
2180,53070450,53050595,76.082,1,25,714,418
2181,53070450,58443169,203.673,1,25,714,1356
2182,53070450,261735849,56.592,1,25,714,1627
2183,53070452,53019159,221.43,1,25,715,61
2184,53070452,53019160,111.196,1,25,715,62
2185,53070452,53076845,140.52,1,25,715,762
2186,53072254,53072255,83.952,1,25,716,717
2187,53072254,53091681,101.263,1,25,716,966
2188,53072254,240404690,102.442,1,25,716,1474
2189,53072255,53072254,83.952,1,25,717,716
2190,53072255,53072256,200.15,1,25,717,718
2191,53072255,53091857,101.572,1,25,717,981
2192,53072255,53093341,100.563,1,25,717,996
2193,53072256,53072255,200.15,1,25,718,717
2194,53072256,53072258,200.732,1,25,718,719
2195,53072256,53076864,100.895,1,25,718,768
2196,53072256,53091857,297.233,1,25,718,981
2197,53072258,53072256,200.732,1,25,719,718
2198,53072258,53072260,200.924,1,25,719,720
2199,53072258,53091860,100.986,1,25,719,982
2200,53072258,53093343,100.871,1,25,719,997
2201,53072260,53072258,200.924,1,25,720,719
2202,53072260,53072262,204.201,1,25,720,721
2203,53072260,53091861,100.322,1,25,720,983
2204,53072260,53093345,101.391,1,25,720,998
2205,53072262,53072260,204.201,1,25,721,720
2206,53072262,53091865,100.657,1,25,721,985
2207,53072262,53093347,101.352,1,25,721,1000
2208,53072262,239617017,201.679,1,25,721,1449
2209,53072264,53091866,100.673,3,25,722,986
2210,53072264,239617017,9.674,1,25,722,1449
2211,53072267,53093336,101.982,3,30,723,994
2212,53072267,243673135,11.253,1,25,723,1576
2213,53072269,53027398,233.146,1,25,724,161
2214,53072269,53029036,131.397,1,25,724,176
2215,53072269,53091851,99.464,1,25,724,979
2216,53072269,53093337,102.5,1,25,724,995
2217,53072364,53019159,349.373,1,25,725,61
2218,53072364,58443326,46.709,1,25,725,1358
2219,53072364,58443340,56.47,1,25,725,1359
2220,53072365,53058819,196.829,1,25,726,554
2221,53072365,58443326,67.002,1,25,726,1358
2222,53072365,261735947,44.055,1,25,726,1628
2223,53072367,53058818,167.471,1,25,727,553
2224,53072367,53074445,20.417,1,25,727,736
2225,53072367,56006367,113.796,1,25,727,1328
2226,53072367,261735947,45.329,1,25,727,1628
2227,53072369,53058815,97.198,1,25,728,552
2228,53072369,53074448,230.493,1,25,728,737
2229,53072369,283272956,70.78,1,25,728,1726
2230,53072369,3687445767,130.09,1,25,728,2028
2231,53072371,53056335,80.196,2,25,729,506
2232,53072371,283272956,42.293,1,25,729,1726
2233,53072371,6949955870,14.268,2,25,729,2069
2234,53073462,53073464,101.038,1,25,730,731
2235,53073462,53080628,202.02,2,25,730,809
2236,53073464,53063556,100.974,1,25,731,632
2237,53073464,53073462,101.038,1,25,731,730
2238,53073464,53090675,203.505,3,25,731,954
2239,53073734,53060403,548.594,1,25,732,586
2240,53073734,53073736,72.974,1,25,732,733
2241,53073734,53088590,315.606,1,25,732,937
2242,53073734,53099580,151.316,1,25,732,1068
2243,53073736,53073734,72.974,1,25,733,732
2244,53074441,53061833,229.218,1,25,734,600
2245,53074441,53074443,91.752,1,25,734,735
2246,53074443,53061835,283.256,1,25,735,601
2247,53074443,53074441,91.752,1,25,735,734
2248,53074443,53074445,91.993,1,25,735,736
2249,53074445,53061837,293.161,1,25,736,602
2250,53074445,53072367,20.417,1,25,736,727
2251,53074445,53074443,91.993,1,25,736,735
2252,53074445,261735947,42.873,1,25,736,1628
2253,53074448,53058818,104.307,1,25,737,553
2254,53074448,53072369,230.493,1,25,737,728
2255,53074448,53074450,124.256,1,25,737,738
2256,53074450,53074448,124.256,1,25,738,737
2257,53074450,239669469,32.096,1,25,738,1463
2258,53074450,261736221,38.848,1,25,738,1635
2259,53074450,261736226,90.228,1,25,738,1636
2260,53075160,53043950,158.49,1,25,739,351
2261,53075160,53075161,75.415,1,25,739,740
2262,53075160,53091093,227.921,1,25,739,961
2263,53075161,53020507,116.45,1,25,740,70
2264,53075161,53075160,75.415,1,25,740,739
2265,53075161,53100955,228.838,1,25,740,1078
2266,53075270,53005793,87.349,1,25,741,35
2267,53075270,53054244,180.67,1,25,741,447
2268,53075270,53060406,81.104,1,25,741,587
2269,53075819,53063917,116.072,1,25,742,643
2270,53075819,53068629,120.777,1,25,742,691
2271,53075819,98461043,192.901,1,25,742,1390
2272,53075820,53068629,57.085,1,25,743,691
2273,53075820,53075823,304.588,1,25,743,744
2274,53075820,53100957,95.566,1,25,743,1079
2275,53075823,53075820,304.588,1,25,744,743
2276,53075823,53075856,120.052,1,25,744,745
2277,53075823,53110561,336.553,1,25,744,1119
2278,53075856,53075823,120.052,1,25,745,744
2279,53075856,53075858,112.85,1,25,745,746
2280,53075856,53082385,253.443,1,25,745,845
2281,53075858,53075856,112.85,1,25,746,745
2282,53075858,53075863,317.737,1,25,746,747
2283,53075858,53082385,78.487,1,25,746,845
2284,53075863,53048220,84.995,1,25,747,401
2285,53075863,53075858,317.737,1,25,747,746
2286,53075863,53098775,191.017,1,25,747,1051
2287,53075867,53056371,157.957,1,25,748,513
2288,53075867,53063939,170.899,1,25,748,648
2289,53075867,53075872,19.809,1,25,748,749
2290,53075872,53056370,152.322,1,25,749,512
2291,53075872,53075867,19.809,1,25,749,748
2292,53075872,53075873,114.897,1,25,749,750
2293,53075873,53056369,244.654,1,25,750,511
2294,53075873,53075872,114.897,1,25,750,749
2295,53075873,53075875,52.139,1,25,750,751
2296,53075875,53075873,52.139,1,25,751,750
2297,53075875,53075877,177.855,1,25,751,752
2298,53075875,53149300,448.712,1,25,751,1308
2299,53075877,53023202,145.943,1,25,752,128
2300,53075877,53036823,59.162,1,25,752,268
2301,53075877,53075875,177.855,1,25,752,751
2302,53075880,53036823,243.956,1,25,753,268
2303,53075880,53075882,98.272,1,25,753,754
2304,53075880,53115322,99.006,1,25,753,1156
2305,53075880,53147188,100.473,1,25,753,1297
2306,53075882,53056545,194.379,1,25,754,519
2307,53075882,53056551,150.086,1,25,754,521
2308,53075882,53075880,98.272,1,25,754,753
2309,53075885,53056551,153.468,1,25,755,521
2310,53075885,53082209,99.936,1,25,755,839
2311,53075885,53082211,100.587,1,25,755,840
2312,53075885,239500922,198.079,1,25,755,1426
2313,53075887,53075888,157.407,1,25,756,757
2314,53075887,53115329,100.023,1,25,756,1158
2315,53075887,53149260,99.687,1,25,756,1307
2316,53075887,239500939,196.548,1,25,756,1428
2317,53075888,53075887,157.407,1,25,757,756
2318,53075888,53075889,45.528,1,25,757,758
2319,53075888,239511746,129.459,1,25,757,1437
2320,53075889,53055198,311.369,1,25,758,471
2321,53075889,53075888,45.528,1,25,758,757
2322,53075889,53091870,93.989,1,25,758,988
2323,53076320,53070161,267.221,1,25,759,705
2324,53076320,53076341,123.061,1,25,759,761
2325,53076320,53114253,139.197,1,25,759,1150
2326,53076338,53076341,136.062,1,25,760,761
2327,53076338,53084370,128.22,1,24.854848,760,894
2328,53076338,53088661,153.408,1,25,760,938
2329,53076341,53076320,123.061,1,25,761,759
2330,53076341,53076338,136.062,1,25,761,760
2331,53076341,53084371,75.615,1,25,761,895
2332,53076341,53088661,72.06,1,25,761,938
2333,53076845,53070452,140.52,1,25,762,715
2334,53076845,53076852,24.863,1,25,762,763
2335,53076845,53082188,96.691,1,25,762,829
2336,53076852,53076845,24.863,1,25,763,762
2337,53076852,53076853,104.26,1,25,763,764
2338,53076852,58443169,85.787,1,25,763,1356
2339,53076853,53076852,104.26,1,25,764,763
2340,53076853,53076855,63.611,1,25,764,765
2341,53076853,53080391,137.069,1,25,764,807
2342,53076853,53082188,221.397,1,25,764,829
2343,53076855,53040923,176.764,1,25,765,311
2344,53076855,53047989,72.401,1,25,765,396
2345,53076855,53076853,63.611,1,25,765,764
2346,53076858,53040927,106.874,1,25,766,313
2347,53076858,53047989,102.375,1,25,766,396
2348,53076858,53076860,101.538,1,25,766,767
2349,53076858,53082306,115.803,1,25,766,843
2350,53076860,53040929,100.36,1,25,767,314
2351,53076860,53040930,196.802,1,25,767,315
2352,53076860,53076858,101.538,1,25,767,766
2353,53076860,53137844,200.917,1,25,767,1272
2354,53076864,53072256,100.895,1,25,768,718
2355,53076864,53093341,200.748,1,25,768,996
2356,53076864,53093343,200.844,1,25,768,997
2357,53076864,240404734,60.071,1,25,768,1480
2358,53076866,53042654,94.799,1,25,769,339
2359,53076866,53115964,92.143,2,25,769,1162
2360,53076866,240448897,11.948,1,25,769,1503
2361,53076868,53076869,201.904,1,25,770,771
2362,53076868,53115969,99.742,1,25,770,1164
2363,53076868,53151367,100.443,1,25,770,1311
2364,53076868,283296756,195.596,1,25,770,1730
2365,53076869,53063538,202.338,1,25,771,621
2366,53076869,53076868,201.904,1,25,771,770
2367,53076869,53115970,99.563,1,25,771,1165
2368,53076869,53152265,100.623,1,25,771,1314
2369,53076872,53020962,98.725,1,25,772,97
2370,53076872,53076873,99.114,1,25,772,773
2371,53076872,53082735,194.762,1,25,772,872
2372,53076872,53082737,201.227,1,25,772,873
2373,53076873,53076872,99.114,1,25,773,772
2374,53076873,53076874,99.365,1,25,773,774
2375,53076873,53085608,201.336,1,25,773,905
2376,53076873,283296764,190.015,1,25,773,1736
2377,53076874,53076873,99.365,1,25,774,773
2378,53076874,53076875,100.615,1,25,774,775
2379,53076874,53079139,195.424,1,25,774,794
2380,53076874,53079140,201.113,1,25,774,795
2381,53076875,53076874,100.615,1,25,775,774
2382,53076875,53076878,102.07,1,25,775,776
2383,53076875,53111886,200.895,1,25,775,1130
2384,53076875,283296803,190.308,1,25,775,1747
2385,53076878,53037899,100.525,1,25,776,274
2386,53076878,53076875,102.07,1,25,776,775
2387,53076878,53129609,195.525,1,25,776,1244
2388,53076878,53129613,200.914,1,25,776,1245
2389,53076879,53064671,113.052,1,25,777,652
2390,53076879,53068381,53.942,1,25,777,686
2391,53076879,1798599557,192.441,1,25,777,1926
2392,53077218,53005793,140.579,1,25,778,35
2393,53077218,53039355,45.697,1,25,778,293
2394,53077224,53099580,514.447,1,25,779,1068
2395,53077224,88553044,27.584,1,25,779,1381
2396,53077224,88553055,42.794,1,25,779,1382
2397,53077224,1968181924,111.52,1,25,779,1932
2398,53077536,53043840,85.673,1,25,780,350
2399,53077536,53048818,79.416,1,25,780,410
2400,53077536,4235206829,64.048,1,25,780,2043
2401,53077537,53024602,104.533,1,25,781,130
2402,53077537,53126424,156.866,1,25,781,1235
2403,53077780,53077782,134.02,1,25,782,783
2404,53077782,53029719,105.254,1,25,783,185
2405,53077782,53064856,204.876,1,25,783,666
2406,53077782,53077780,134.02,1,25,783,782
2407,53077782,53114425,93.743,1,25,783,1151
2408,53077784,53027124,135.741,1,25,784,147
2409,53077784,53029723,103.919,1,25,784,187
2410,53077784,53060265,134.07,1,25,784,579
2411,53077784,53107627,94.221,1,25,784,1104
2412,53077786,53029727,104.384,1,25,785,189
2413,53077786,53060265,134.824,1,25,785,579
2414,53077786,53114428,94.215,1,25,785,1152
2415,53077786,2065927988,202.836,1,25,785,1950
2416,53077793,52987337,132.67,1,25,786,23
2417,53077793,53029733,103.912,1,25,786,194
2418,53077793,53114435,94.348,1,25,786,1153
2419,53077793,1981316228,165.182,1,25,786,1934
2420,53077797,53029737,104.002,1,25,787,196
2421,53077797,53063568,201.832,1,25,787,636
2422,53077797,53114439,94.476,1,25,787,1155
2423,53077797,1981316228,202.8,1,25,787,1934
2424,53077835,53077836,44.692,1,25,788,789
2425,53077836,53039514,80.849,1,25,789,298
2426,53077836,53077835,44.692,1,25,789,788
2427,53077836,53131108,208.319,1,25,789,1260
2428,53078342,53061185,556.765,1,25,790,594
2429,53078342,53112743,317.473,1,25,790,1143
2430,53078342,99311604,226.099,1,25,790,1395
2431,53079006,53030533,152.93,1,25,791,231
2432,53079006,53056716,60.564,1,25,791,523
2433,53079006,288988723,141.623,1,25,791,1748
2434,53079132,53079164,51.137,2,30,792,805
2435,53079132,243673100,11.047,1,25,792,1563
2436,53079135,53085602,99.316,1,25,793,904
2437,53079135,53111882,258.883,1,25,793,1129
2438,53079135,2205390401,158.437,1,25,793,1967
2439,53079135,2205390435,195.54,1,25,793,1970
2440,53079139,53076874,195.424,1,25,794,774
2441,53079139,240469512,185.85,1,25,794,1529
2442,53079139,283296763,94.121,1,25,794,1735
2443,53079139,283296770,94.468,1,25,794,1742
2444,53079140,53076874,201.113,1,25,795,774
2445,53079140,53079143,170.314,1,25,795,796
2446,53079140,53085608,100.367,1,25,795,905
2447,53079140,53111886,95.132,1,25,795,1130
2448,53079143,53079140,170.314,1,25,796,795
2449,53079143,53079144,200.614,1,25,796,797
2450,53079143,53085610,100.44,2,25,796,906
2451,53079143,53111887,99.609,2,25,796,1131
2452,53079144,53079143,200.614,1,25,797,796
2453,53079144,53085612,100.506,1,25,797,907
2454,53079144,53111888,100.942,1,25,797,1132
2455,53079144,259581493,216.716,1,25,797,1604
2456,53079145,53079147,203.566,1,25,798,799
2457,53079145,53085614,100.816,3,25,798,908
2458,53079145,259581493,11.466,1,25,798,1604
2459,53079147,53079145,203.566,1,25,799,798
2460,53079147,53085616,100.699,1,25,799,909
2461,53079147,53111889,101.058,1,25,799,1133
2462,53079147,1762740717,195.1,1,25,799,1887
2463,53079150,53079153,119.717,1,25,800,801
2464,53079150,53085618,100.352,1,25,800,910
2465,53079150,53111890,100.322,1,25,800,1134
2466,53079150,1762740718,196.293,1,25,800,1888
2467,53079153,53079150,119.717,1,25,801,800
2468,53079153,53085622,104.048,2,25,801,912
2469,53079153,53099277,104.299,2,25,801,1062
2470,53079153,230851843,49.931,1,25,801,1419
2471,53079158,53079160,54.458,1,25,802,803
2472,53079160,53079158,54.458,1,25,803,802
2473,53079160,53079162,100.054,1,25,803,804
2474,53079160,53085634,171.192,2,25,803,916
2475,53079160,53100802,98.856,1,25,803,1076
2476,53079162,53055498,100.232,1,25,804,477
2477,53079162,53079160,100.054,1,25,804,803
2478,53079162,53085637,163.848,1,25,804,917
2479,53079162,53098229,99.598,1,25,804,1049
2480,53079164,53030292,102.044,1,25,805,204
2481,53079164,53111881,48.534,3,30,805,1128
2482,53079164,243673098,11.293,1,25,805,1562
2483,53079257,53047347,143.599,1,25,806,387
2484,53079257,53093989,108.008,1,25,806,1010
2485,53079257,1762740767,197.164,1,25,806,1897
2486,53080391,53076853,137.069,1,25,807,764
2487,53080391,53082187,143.045,1,25,807,828
2488,53080391,58443126,30.488,1,25,807,1355
2489,53080391,240404730,32.114,1,25,807,1479
2490,53080532,53087210,215.525,1,25,808,932
2491,53080628,53006324,202.522,3,25,809,36
2492,53080854,53021355,98.293,1,25,810,120
2493,53080854,53080872,222.454,1,25,810,813
2494,53080854,53082219,156.544,1,25,810,842
2495,53080856,53021355,103.44,1,25,811,120
2496,53080856,53055696,583.298,1,25,811,498
2497,53080856,269301167,30.384,1,15,811,1678
2498,53080870,53080872,113.352,1,25,812,813
2499,53080870,53081605,49.828,1,25,812,815
2500,53080870,9451650041,167.839,1,25,812,2081
2501,53080872,53026106,116.822,1,25,813,142
2502,53080872,53080854,222.454,1,25,813,810
2503,53080872,53080870,113.352,1,25,813,812
2504,53080872,53157267,262.047,1,25,813,1324
2505,53080916,53090468,123.291,1,25,814,953
2506,53080916,269134806,63.618,1,24.854848,814,1677
2507,53080916,12682520908,64.084,1,25,814,2137
2508,53081605,53080870,49.828,1,25,815,812
2509,53081605,53081606,94.482,1,25,815,816
2510,53081605,53149317,67.543,1,25,815,1309
2511,53081606,53081605,94.482,1,25,816,815
2512,53081635,53030536,214.573,1,25,817,233
2513,53081635,53094284,32.498,1,25,817,1013
2514,53081635,53133629,102.147,1,25,817,1264
2515,53081635,443611809,74.441,1,25,817,1792
2516,53081759,53033516,62.147,1,25,818,247
2517,53081759,53060109,158.515,1,25,818,571
2518,53081759,53063915,115.997,1,25,818,642
2519,53081764,53060109,106.075,1,25,819,571
2520,53082156,52978704,82.873,1,25,820,14
2521,53082156,53037923,74.776,1,25,820,284
2522,53082156,53055629,204.96,1,25,820,495
2523,53082160,52978708,80.868,1,25,821,16
2524,53082163,53111879,290.104,1,25,822,1127
2525,53082163,53154690,86.538,1,25,822,1321
2526,53082163,53154694,115.895,1,25,822,1322
2527,53082163,462760059,124.279,1,24.854848,822,1795
2528,53082169,53056547,157.708,1,25,823,520
2529,53082169,53059204,148.437,1,25,823,565
2530,53082169,53082211,44.132,1,25,823,840
2531,53082176,53043833,85.768,1,25,824,347
2532,53082176,53082180,202.344,1,25,824,825
2533,53082176,57121461,108.314,1,25,824,1347
2534,53082180,53070449,91.035,1,25,825,713
2535,53082180,53082176,202.344,1,25,825,824
2536,53082180,53082182,37.677,1,25,825,826
2537,53082182,53047322,128.477,1,25,826,376
2538,53082182,53082180,37.677,1,25,826,825
2539,53082182,53140596,70.569,1,25,826,1282
2540,53082185,53047322,139.277,1,25,827,376
2541,53082185,53050596,77.118,1,25,827,419
2542,53082185,53069671,75.921,1,25,827,693
2543,53082187,53058046,83.991,1,25,828,531
2544,53082187,53080391,143.045,1,25,828,807
2545,53082187,58443169,12.372,1,25,828,1356
2546,53082188,53076845,96.691,1,25,829,762
2547,53082188,53076853,221.397,1,25,829,764
2548,53082188,53082189,15.803,1,25,829,830
2549,53082189,53019161,266.351,1,25,830,63
2550,53082189,53040920,68.078,1,25,830,310
2551,53082189,53082188,15.803,1,25,830,829
2552,53082191,53040920,134.543,1,25,831,310
2553,53082191,53082193,100.659,1,25,831,832
2554,53082191,53146424,201.597,1,25,831,1294
2555,53082191,53152692,93.774,1,25,831,1316
2556,53082193,53082191,100.659,1,25,832,831
2557,53082193,53082196,100.149,1,25,832,833
2558,53082193,53089410,201.582,1,25,832,942
2559,53082193,53089412,201.438,1,25,832,943
2560,53082196,53082193,100.149,1,25,833,832
2561,53082196,53082198,100.625,1,25,833,834
2562,53082196,53146068,201.418,1,25,833,1290
2563,53082196,53146070,201.833,1,25,833,1291
2564,53082198,53082196,100.625,1,25,834,833
2565,53082198,53082199,100.141,1,25,834,835
2566,53082198,53134492,200.875,1,25,834,1268
2567,53082198,53134495,202.312,1,25,834,1269
2568,53082199,53059863,100.053,1,25,835,568
2569,53082199,53082198,100.141,1,25,835,834
2570,53082199,53122842,201.195,1,25,835,1215
2571,53082199,53122843,202.438,1,25,835,1216
2572,53082203,53059845,210.65,2,25,836,567
2573,53082203,53082205,69.46,1,25,836,837
2574,53082203,239617045,17.422,1,25,836,1453
2575,53082205,53082203,69.46,1,25,837,836
2576,53082205,53082207,99.601,1,25,837,838
2577,53082205,53096093,77.64,1,25,837,1031
2578,53082205,53096096,202.487,1,25,837,1032
2579,53082207,53082205,99.601,1,25,838,837
2580,53082207,53082209,99.997,1,25,838,839
2581,53082207,53138895,332.265,1,25,838,1278
2582,53082207,53138900,202.564,1,25,838,1279
2583,53082209,53075885,99.936,1,25,839,755
2584,53082209,53082207,99.997,1,25,839,838
2585,53082209,53115322,407.912,1,25,839,1156
2586,53082209,53115327,202.954,1,25,839,1157
2587,53082211,53075885,100.587,1,25,840,755
2588,53082211,53082169,44.132,1,25,840,823
2589,53082211,53146430,202.841,1,25,840,1295
2590,53082217,53026106,214.301,1,25,841,142
2591,53082217,53082219,60.559,1,25,841,842
2592,53082217,53119530,22.585,1,25,841,1197
2593,53082219,53080854,156.544,1,25,842,810
2594,53082219,53082217,60.559,1,25,842,841
2595,53082219,59942427,124.963,1,25,842,1366
2596,53082306,53047987,95.513,1,25,843,395
2597,53082306,53076858,115.803,1,25,843,766
2598,53082306,53148825,80.009,1,25,843,1305
2599,53082312,53030530,94.971,1,25,844,230
2600,53082312,53086669,144.519,1,25,844,929
2601,53082312,53123929,416.47,1,25,844,1223
2602,53082385,53063930,77.706,1,25,845,645
2603,53082385,53075856,253.443,1,25,845,745
2604,53082385,53075858,78.487,1,25,845,746
2605,53082546,53064692,147.222,1,25,846,662
2606,53082546,53082548,77.949,1,25,846,847
2607,53082546,243673085,69.833,1,25,846,1555
2608,53082548,53082546,77.949,1,25,847,846
2609,53082548,394205843,97.908,1,25,847,1780
2610,53082548,2205390280,137.843,1,25,847,1961
2611,53082550,53125564,58.215,1,25,848,1234
2612,53082550,57121262,80.926,1,25,848,1344
2613,53082550,394205843,21.635,1,25,848,1780
2614,53082553,53047303,86.468,1,25,849,368
2615,53082555,53048464,61.795,1,25,850,408
2616,53082555,53064667,133.152,1,25,850,651
2617,53082555,74021994,12.209,1,25,850,1369
2618,53082565,53066172,53.949,1,25,851,680
2619,53082565,53082566,37.833,1,25,851,852
2620,53082565,275786565,57.543,1,25,851,1703
2621,53082566,53082565,37.833,1,25,852,851
2622,53082566,53082568,96.181,1,25,852,853
2623,53082566,53088359,203.173,1,25,852,933
2624,53082568,53041130,95.664,1,25,853,327
2625,53082568,53064674,102.895,2,25,853,653
2626,53082568,53082566,96.181,1,25,853,852
2627,53082568,53117382,206.559,2,25,853,1186
2628,53082573,53064679,111.873,2,25,854,655
2629,53082573,53082575,63.698,1,25,854,855
2630,53082573,275782468,28.84,1,25,854,1697
2631,53082575,53082573,63.698,1,25,855,854
2632,53082575,53082577,78.213,1,25,855,856
2633,53082575,10979748950,143.729,1,25,855,2106
2634,53082577,53064680,99.947,1,25,856,656
2635,53082577,53082575,78.213,1,25,856,855
2636,53082577,53082579,83.138,1,25,856,857
2637,53082577,2820169753,160.647,2,25,856,1998
2638,53082579,53082577,83.138,1,25,857,856
2639,53082579,53082581,83.408,1,25,857,858
2640,53082579,275803732,143.073,1,25,857,1714
2641,53082581,53082579,83.408,1,25,858,857
2642,53082581,275788740,141.244,1,25,858,1706
2643,53082586,275803029,146.487,1,25,859,1712
2644,53082586,1762740597,95.108,1,25,859,1864
2645,53082586,1762740616,94.271,1,25,859,1867
2646,53082589,53064685,104.304,2,25,860,659
2647,53082589,53082591,84.532,1,25,860,861
2648,53082589,53099281,60.435,2,25,860,1064
2649,53082589,1762740617,176.795,1,25,860,1868
2650,53082591,53070390,140.756,1,25,861,707
2651,53082591,53082589,84.532,1,25,861,860
2652,53082591,53117318,160.008,1,25,861,1177
2653,53082593,53037919,187.512,1,25,862,282
2654,53082593,53070390,112.036,1,25,862,707
2655,53082593,53082594,112.719,1,25,862,863
2656,53082593,53103284,161.68,1,25,862,1084
2657,53082594,53037921,177.227,1,25,863,283
2658,53082594,53082593,112.719,1,25,863,862
2659,53082594,53100520,160.86,1,25,863,1073
2660,53082594,92047993,50.545,1,25,863,1383
2661,53082595,53037929,152.697,1,25,864,285
2662,53082595,53082597,91.101,1,25,864,865
2663,53082595,53090683,160.716,1,25,864,957
2664,53082595,92047994,38.54,1,25,864,1384
2665,53082597,53037931,152.191,1,25,865,286
2666,53082597,53037932,240.1,1,25,865,287
2667,53082597,53082595,91.101,1,25,865,864
2668,53082598,53055675,158.293,1,25,866,496
2669,53082598,53082599,137.542,1,25,866,867
2670,53082598,1021374476,142.478,1,25,866,1804
2671,53082599,53082598,137.542,1,25,867,866
2672,53082599,53117328,100.537,1,25,867,1178
2673,53082599,267632094,259.468,1,25,867,1667
2674,53082603,53082604,65.766,1,24.854848,868,869
2675,53082603,53152991,62.12,2,25,868,1318
2676,53082603,53154694,91.222,1,25,868,1322
2677,53082604,35719055,93.422,1,25,869,1
2678,53082604,53060402,153.172,1,25,869,585
2679,53082604,53082603,65.766,1,24.854848,869,868
2680,53082604,53152991,73.199,1,25,869,1318
2681,53082730,53085639,104.969,2,30,870,918
2682,53082730,243673103,11.575,1,25,870,1564
2683,53082733,53020945,97.821,1,25,871,87
2684,53082733,53085602,98.885,1,25,871,904
2685,53082733,260577508,194.168,1,25,871,1616
2686,53082733,2205390542,158.555,1,25,871,1975
2687,53082735,53020958,93.73,1,25,872,95
2688,53082735,53076872,194.762,1,25,872,772
2689,53082735,240469785,192.165,1,25,872,1546
2690,53082735,283296761,94.045,1,25,872,1733
2691,53082737,53020966,100.445,1,25,873,99
2692,53082737,53076872,201.227,1,25,873,772
2693,53082737,53082738,181.832,1,25,873,874
2694,53082737,53085608,102.502,1,25,873,905
2695,53082738,53082737,181.832,1,25,874,873
2696,53082738,11515578375,25.351,2,25,874,2119
2697,53082738,11515578390,6.88,1,25,874,2121
2698,53082741,53020969,101.713,1,25,875,102
2699,53082741,259581495,215.793,1,25,875,1606
2700,53082741,11515578390,197.294,1,25,875,2121
2701,53082742,53020970,101.144,2,25,876,103
2702,53082742,259581495,11.537,1,25,876,1606
2703,53082742,312430760,266.134,1,25,876,1765
2704,53082746,53082748,202.041,1,25,877,878
2705,53082746,53085616,296.046,1,25,877,909
2706,53082746,275808115,83.432,1,25,877,1716
2707,53082746,1762740747,95.647,1,25,877,1893
2708,53082748,53082746,202.041,1,25,878,877
2709,53082748,53082749,87.692,1,25,878,879
2710,53082748,53085618,100.91,1,25,878,910
2711,53082748,275804265,82.987,1,25,878,1715
2712,53082749,53082748,87.692,1,25,879,878
2713,53082749,53082750,86.427,1,25,879,880
2714,53082749,53085620,102.111,1,25,879,911
2715,53082750,53082749,86.427,1,25,880,879
2716,53082750,53085622,101.884,2,25,880,912
2717,53082750,11504374372,48.691,2,25,880,2115
2718,53082787,53049969,97.762,1,25,881,413
2719,53082787,53070157,148.191,1,25,881,703
2720,53082790,53028113,80.382,1,25,882,165
2721,53082790,53049969,169.413,1,25,882,413
2722,53082790,53058791,210.739,1,25,882,545
2723,53082790,53070158,80.875,1,25,882,704
2724,53082793,53028118,73.067,1,25,883,167
2725,53082793,53058791,324.839,1,25,883,545
2726,53082793,53070162,110.766,1,25,883,706
2727,53082793,53082795,112.201,1,25,883,884
2728,53082795,53062065,633.726,1,25,884,607
2729,53082795,53082793,112.201,1,25,884,883
2730,53082795,53121110,79.235,1,25,884,1206
2731,53083136,53060497,175.184,1,25,885,588
2732,53083136,53114425,75.145,1,25,885,1151
2733,53083136,4213511046,6.377,1,25,885,2039
2734,53083161,53039733,68.906,1,25,886,300
2735,53083161,53046247,24.928,1,25,886,361
2736,53083161,53083162,117.001,1,25,886,887
2737,53083162,53083161,117.001,1,25,887,886
2738,53083162,258895312,156.968,1,25,887,1601
2739,53083162,427500254,223.233,1,25,887,1790
2740,53083891,53083892,201.412,1,25,888,889
2741,53083891,53091414,58.527,1,25,888,963
2742,53083891,53117328,59.883,1,25,888,1178
2743,53083892,53083891,201.412,1,25,889,888
2744,53083892,53091415,58.767,1,25,889,964
2745,53083892,53118700,61.056,1,25,889,1187
2746,53084125,239669302,161.178,3,25,890,1461
2747,53084126,53084125,101.813,1,25,891,890
2748,53084126,53103804,202.577,3,25,891,1090
2749,53084131,53111889,199.701,1,25,892,1133
2750,53084131,53111890,201.627,1,25,892,1134
2751,53084131,1762740705,95.116,1,25,892,1885
2752,53084131,1762740710,95.423,1,25,892,1886
2753,53084136,53099281,165.117,1,25,893,1064
2754,53084136,275803725,90.556,1,25,893,1713
2755,53084136,1762740609,52.916,1,25,893,1866
2756,53084370,53042483,121.165,1,25,894,334
2757,53084370,53076338,128.22,1,24.854848,894,760
2758,53084370,53084371,145.839,1,25,894,895
2759,53084371,53076341,75.615,1,25,895,761
2760,53084371,53084370,145.839,1,25,895,894
2761,53084371,53084372,42.23,1,25,895,896
2762,53084371,53085110,80.108,1,25,895,901
2763,53084372,53084371,42.23,1,25,896,895
2764,53084372,266910766,37.317,1,25,896,1654
2765,53084372,266910796,32.919,1,25,896,1655
2766,53084382,53028118,76.979,1,25,897,167
2767,53084382,53058793,315.254,1,25,897,546
2768,53084382,53084384,121.835,1,25,897,898
2769,53084384,53035189,134.679,1,25,898,256
2770,53084384,53084382,121.835,1,25,898,897
2771,53084384,2133315391,184.82,1,25,898,1953
2772,53084389,53044129,112.347,2,25,899,357
2773,53084389,53112762,212.344,1,25,899,1144
2774,53084389,6949955870,112.166,2,25,899,2069
2775,53084394,53019168,64.359,2,25,900,66
2776,53084394,53095436,101.176,1,25,900,1014
2777,53084394,53146068,188.956,1,25,900,1290
2778,53085110,53057592,145.773,1,25,901,526
2779,53085110,53084371,80.108,1,25,901,895
2780,53085110,53142855,187.897,1,25,901,1288
2781,53085598,53020989,199.683,1,25,902,112
2782,53085598,53085599,100.379,1,25,902,903
2783,53085598,53085628,35.734,1,25,902,915
2784,53085599,53020990,201.348,1,25,903,113
2785,53085599,53020992,297.223,1,25,903,114
2786,53085599,53085598,100.379,1,25,903,902
2787,53085599,53111876,202.338,1,25,903,1126
2788,53085602,53047287,200.294,1,25,904,363
2789,53085602,53079135,99.316,1,25,904,793
2790,53085602,53082733,98.885,1,25,904,871
2791,53085602,2205390493,252.845,1,25,904,1973
2792,53085608,53076873,201.336,1,25,905,773
2793,53085608,53079140,100.367,1,25,905,795
2794,53085608,53082737,102.502,1,25,905,873
2795,53085608,53085610,178.157,1,25,905,906
2796,53085610,53079143,100.44,2,25,906,796
2797,53085610,53085608,178.157,1,25,906,905
2798,53085610,53085612,200.622,1,25,906,907
2799,53085610,11515578375,78.143,2,25,906,2119
2800,53085612,53079144,100.506,1,25,907,797
2801,53085612,53085610,200.622,1,25,907,906
2802,53085612,259581494,215.942,1,25,907,1605
2803,53085612,364880275,91.81,1,25,907,1772
2804,53085614,53082742,101.489,3,25,908,876
2805,53085614,53085616,196.573,1,25,908,909
2806,53085614,259581494,11.819,1,25,908,1605
2807,53085616,53079147,100.699,1,25,909,799
2808,53085616,53082746,296.046,1,25,909,877
2809,53085616,53085614,196.573,1,25,909,908
2810,53085616,1762740739,195.071,1,25,909,1891
2811,53085618,53079150,100.352,1,25,910,800
2812,53085618,53082748,100.91,1,25,910,878
2813,53085618,53085620,70.076,1,25,910,911
2814,53085618,1762740740,197.575,1,25,910,1892
2815,53085620,53082749,102.111,1,25,911,879
2816,53085620,53085618,70.076,1,25,911,910
2817,53085620,53085622,76.617,1,25,911,912
2818,53085622,53070406,95.588,1,25,912,711
2819,53085622,53079153,104.048,2,25,912,801
2820,53085622,53082750,101.884,2,25,912,880
2821,53085622,53085620,76.617,1,25,912,911
2822,53085623,53020981,215.113,1,25,913,109
2823,53085623,53070406,115.167,1,25,913,711
2824,53085623,53085626,114.988,1,25,913,914
2825,53085623,53103280,201.128,1,25,913,1083
2826,53085626,53020987,224.448,1,25,914,111
2827,53085626,53085623,114.988,1,25,914,913
2828,53085626,53085628,115.378,1,25,914,915
2829,53085626,53100516,202.701,1,25,914,1072
2830,53085628,53085598,35.734,1,25,915,902
2831,53085628,53085626,115.378,1,25,915,914
2832,53085628,53090678,166.617,1,25,915,955
2833,53085634,53020923,200.787,2,25,916,77
2834,53085634,53079160,171.192,2,25,916,803
2835,53085634,53085637,100.468,1,25,916,917
2836,53085637,53020928,202.121,1,25,917,78
2837,53085637,53055496,100.275,1,25,917,476
2838,53085637,53079162,163.848,1,25,917,804
2839,53085637,53085634,100.468,1,25,917,916
2840,53085639,53030290,101.807,2,25,918,203
2841,53085639,53079132,96.888,3,30,918,792
2842,53085639,243670956,11.612,1,25,918,1549
2843,53085848,53061113,161.394,1,25,919,591
2844,53085848,53085849,28.129,1,25,919,920
2845,53085848,53143356,348.686,1,25,919,1289
2846,53085849,53030524,115.046,1,25,920,226
2847,53085849,53085848,28.129,1,25,920,919
2848,53085849,53085851,194.806,1,25,920,921
2849,53085851,53038916,100.214,1,25,921,292
2850,53085851,53085849,194.806,1,25,921,920
2851,53085851,53119514,71.68,1,25,921,1195
2852,53086181,53086184,203.644,1,25,922,923
2853,53086181,99333139,9.23,1,25,922,1402
2854,53086184,53065302,259.512,1,25,923,677
2855,53086184,53086186,83.093,1,25,923,924
2856,53086184,99333110,10.889,1,25,923,1401
2857,53086186,53086191,192.515,1,25,924,925
2858,53086186,2093084424,74.809,1,25,924,1952
2859,53086186,14091213717,9.907,1,25,924,2144
2860,53086191,53086195,302.824,1,25,925,926
2861,53086191,53142855,220.108,1,25,925,1288
2862,53086191,99333031,9.731,1,25,925,1400
2863,53086195,53121110,330.372,1,25,926,1206
2864,53086195,360532247,75.969,1,25,926,1769
2865,53086332,53088590,34.298,1,25,927,937
2866,53086332,5106682767,6.506,1,25,927,2057
2867,53086668,53086669,69.029,1,25,928,929
2868,53086669,53082312,144.519,1,25,929,844
2869,53086669,53086668,69.029,1,25,929,928
2870,53086669,53142076,235.31,1,25,929,1287
2871,53086956,53058801,87.226,1,25,930,549
2872,53086956,58443246,261.498,1,25,930,1357
2873,53086956,58443340,46.727,1,25,930,1359
2874,53087209,53023202,57.53,1,25,931,128
2875,53087209,53056543,251.273,1,25,931,518
2876,53087209,53147188,155.179,1,25,931,1297
2877,53087210,53080532,215.525,1,25,932,808
2878,53087210,53112672,152.139,1,25,932,1141
2879,53087210,262257140,33.933,1,25,932,1643
2880,53088359,53066173,92.27,2,25,933,681
2881,53088359,53070079,201.261,1,25,933,696
2882,53088359,53082566,203.173,1,25,933,852
2883,53088359,53117382,96.981,2,25,933,1186
2884,53088361,53070079,100.739,1,25,934,696
2885,53088361,53088363,25.209,1,25,934,935
2886,53088361,1762740506,87.17,1,25,934,1847
2887,53088363,53088361,25.209,1,25,935,934
2888,53088363,53088364,101.134,1,25,935,936
2889,53088363,275787147,69.392,1,25,935,1705
2890,53088364,53088363,101.134,1,25,936,935
2891,53088364,275782456,64.519,1,25,936,1694
2892,53088364,1762740446,112.142,1,25,936,1835
2893,53088590,53073734,315.606,1,25,937,732
2894,53088590,92773135,8.288,1,25,937,1385
2895,53088661,53076338,153.408,1,25,938,760
2896,53088661,53076341,72.06,1,25,938,761
2897,53088661,53114253,50.22,1,25,938,1150
2898,53089076,53036813,4.509,1,25,939,265
2899,53089076,266711629,21.834,1,25,939,1648
2900,53089307,262084302,32.655,1,15,940,1639
2901,53089409,53089410,159.818,1,25,941,942
2902,53089409,261736221,35.533,1,25,941,1635
2903,53089410,53082193,201.582,1,25,942,832
2904,53089410,53089409,159.818,1,25,942,941
2905,53089410,53146068,100.349,1,25,942,1290
2906,53089410,53151746,46.689,1,25,942,1313
2907,53089412,53082193,201.438,1,25,943,832
2908,53089412,53089413,202.48,1,25,943,944
2909,53089412,53146070,100.423,1,25,943,1291
2910,53089412,53146424,100.389,1,25,943,1294
2911,53089413,53089412,202.48,1,25,944,943
2912,53089413,53089415,201.754,1,25,944,945
2913,53089413,53146071,100.585,1,25,944,1292
2914,53089413,53152693,99.685,1,25,944,1317
2915,53089415,53089413,201.754,1,25,945,944
2916,53089415,53091860,100.704,1,25,945,982
2917,53089415,53091861,100.235,1,25,945,983
2918,53090142,4333613310,15.692,1,25,946,2052
2919,53090142,6562055668,8.525,1,24.854848,946,2065
2920,53090184,53096064,72.753,3,25,947,1021
2921,53090185,275776856,60.041,2,25,948,1683
2922,53090185,275782462,22.913,2,25,948,1695
2923,53090185,370473679,65.314,2,25,948,1775
2924,53090187,53090185,62.302,3,25,949,948
2925,53090187,370473734,12.775,1,25,949,1776
2926,53090187,2820169759,65.308,1,25,949,2002
2927,53090188,53066460,174.803,2,25,950,684
2928,53090188,2820169732,181.11,1,25,950,1992
2929,53090189,247367166,38.761,3,25,951,1583
2930,53090189,275782456,15.827,1,25,951,1694
2931,53090190,53024616,106.913,3,25,952,134
2932,53090190,53122202,199.023,2,25,952,1213
2933,53090190,275782491,16.822,1,25,952,1700
2934,53090468,53058580,95.96,1,25,953,536
2935,53090468,53080916,123.291,1,25,953,814
2936,53090468,269134785,147.078,1,25,953,1676
2937,53090675,53063558,95.928,1,25,954,633
2938,53090675,267632001,195.146,2,25,954,1660
2939,53090675,1993196224,107.805,1,25,954,1939
2940,53090678,53085628,166.617,1,25,955,915
2941,53090678,53090680,34.858,1,25,955,956
2942,53090678,53111876,100.788,1,25,955,1126
2943,53090680,52978704,44.169,1,25,956,14
2944,53090680,53090678,34.858,1,25,956,955
2945,53090680,53100516,110.967,1,25,956,1072
2946,53090683,53082595,160.716,1,25,957,864
2947,53090683,53090686,107.035,1,25,957,958
2948,53090683,53100520,106.95,2,25,957,1073
2949,53090683,267632071,67.706,2,25,957,1662
2950,53090686,53090683,107.035,1,25,958,957
2951,53090686,53100523,93.504,1,25,958,1074
2952,53090686,3245435930,25.064,1,25,958,2016
2953,53090689,53070069,107.451,1,25,959,694
2954,53090689,53090692,294.181,1,25,959,960
2955,53090689,53099164,91.661,1,25,959,1059
2956,53090689,53099165,90.808,1,25,959,1060
2957,53090692,53090689,294.181,1,25,960,959
2958,53090692,53126442,200.067,1,25,960,1237
2959,53091093,53060166,75.012,1,25,961,574
2960,53091093,53075160,227.921,1,25,961,739
2961,53091093,53100955,80.511,1,25,961,1078
2962,53091098,53043950,73.409,1,25,962,351
2963,53091414,53055675,82.942,1,25,963,496
2964,53091414,53083891,58.527,1,25,963,888
2965,53091414,53091415,201.861,1,25,963,964
2966,53091415,53055678,82.878,1,25,964,497
2967,53091415,53083892,58.767,1,25,964,889
2968,53091415,53091414,201.861,1,25,964,963
2969,53091588,53063531,173.683,1,25,965,618
2970,53091681,53072254,101.263,1,25,966,716
2971,53091681,53091857,82.507,1,25,966,981
2972,53091681,240404695,103.053,1,25,966,1475
2973,53091722,53021415,299.826,1,24.854848,967,125
2974,53091722,361214298,29.401,1,24.854848,967,1771
2975,53091726,240448949,345.772,1,24.854848,968,1517
2976,53091726,361210455,17.947,1,24.854848,968,1770
2977,53091823,239511746,22.462,1,25,969,1437
2978,53091823,262084705,47.206,1,25,969,1642
2979,53091823,8417814501,139.319,1,25,969,2075
2980,53091826,53062886,94.8,1,25,970,610
2981,53091826,53091828,162.378,1,25,970,971
2982,53091826,53107080,94.524,1,25,970,1100
2983,53091826,8417814501,178.261,1,25,970,2075
2984,53091828,53091826,162.378,1,25,971,970
2985,53091828,53107081,94.413,1,25,971,1101
2986,53091828,239501052,106.042,1,25,971,1432
2987,53091828,14015688857,46.401,1,25,971,2140
2988,53091834,53091836,112.861,1,25,972,973
2989,53091834,53125302,204.089,1,35,972,1232
2990,53091834,9441350569,303.153,1,35,972,2079
2991,53091836,53055157,345.889,1,25,973,457
2992,53091836,53091834,112.861,1,25,973,972
2993,53091836,2065927938,203.174,1,25,973,1949
2994,53091840,53029728,94.908,1,25,974,190
2995,53091840,53091841,100.448,1,25,974,975
2996,53091840,53093329,202.225,1,25,974,991
2997,53091840,53131024,203.011,1,25,974,1259
2998,53091841,53055563,100.428,1,25,975,490
2999,53091841,53091840,100.448,1,25,975,974
3000,53091841,53093332,202.305,1,25,975,992
3001,53091841,53098218,202.883,1,25,975,1045
3002,53091844,53030349,100.144,1,25,976,213
3003,53091844,53072267,100.227,2,30,976,723
3004,53091844,243673137,11.271,1,25,976,1577
3005,53091846,53091848,75.86,1,25,977,978
3006,53091846,53141404,202.894,1,25,977,1286
3007,53091846,243673137,78.654,1,25,977,1577
3008,53091848,53063673,76.644,1,25,978,641
3009,53091848,53091846,75.86,1,25,978,977
3010,53091848,53131928,202.873,1,25,978,1262
3011,53091851,53043837,54.632,1,25,979,349
3012,53091851,53072269,99.464,1,25,979,724
3013,53091851,53091854,169.4,1,25,979,980
3014,53091851,53120665,106.228,1,25,979,1205
3015,53091854,53027397,62.643,1,25,980,160
3016,53091854,53091851,169.4,1,25,980,979
3017,53091854,57121352,134.627,1,25,980,1345
3018,53091857,53072255,101.572,1,25,981,717
3019,53091857,53072256,297.233,1,25,981,718
3020,53091857,53091681,82.507,1,25,981,966
3021,53091857,53137844,100.915,1,25,981,1272
3022,53091860,53040930,100.135,1,25,982,315
3023,53091860,53072258,100.986,1,25,982,719
3024,53091860,53089415,100.704,1,25,982,945
3025,53091860,53137848,101.609,1,25,982,1273
3026,53091861,53072260,100.322,1,25,983,720
3027,53091861,53089415,100.235,1,25,983,945
3028,53091861,53091864,103.417,1,25,983,984
3029,53091861,53146071,202.726,2,25,983,1292
3030,53091864,53091861,103.417,1,25,984,983
3031,53091864,53091865,99.088,1,25,984,985
3032,53091864,53134496,202.816,1,25,984,1270
3033,53091865,53072262,100.657,1,25,985,721
3034,53091865,53091864,99.088,1,25,985,984
3035,53091865,53122845,101.746,1,25,985,1218
3036,53091865,239617010,203.112,1,25,985,1448
3037,53091866,53091869,92.015,1,25,986,987
3038,53091866,53096087,98.247,2,25,986,1028
3039,53091866,239617010,10.026,1,25,986,1448
3040,53091869,53091866,92.015,1,25,987,986
3041,53091869,53091870,101.621,1,25,987,988
3042,53091869,53093351,201.048,1,25,987,1002
3043,53091869,53138903,202.723,1,25,987,1280
3044,53091870,53055195,306.348,2,25,988,470
3045,53091870,53075889,93.989,1,25,988,758
3046,53091870,53091869,101.621,1,25,988,987
3047,53091870,53115329,203.261,1,25,988,1158
3048,53091888,86333300,536.059,1,35,989,1378
3049,53091888,6612677233,25.254,1,25,989,2067
3050,53091888,12449832933,764.738,1,35,989,2136
3051,53092735,267632090,93.745,1,25,990,1665
3052,53092735,394180798,153.186,1,25,990,1777
3053,53092735,1419661068,71.491,1,25,990,1808
3054,53093329,53029729,96.064,1,25,991,191
3055,53093329,53091840,202.225,1,25,991,974
3056,53093329,53093332,100.284,1,25,991,992
3057,53093329,240448932,137.808,1,25,991,1513
3058,53093332,53055166,143.555,1,25,992,459
3059,53093332,53055563,297.559,1,25,992,490
3060,53093332,53091841,202.305,1,25,992,975
3061,53093332,53093329,100.284,1,25,992,991
3062,53093333,53093336,94.271,1,25,993,994
3063,53093333,240448916,9.494,1,25,993,1507
3064,53093336,53055171,144.94,3,30,994,460
3065,53093336,53093333,94.271,1,25,994,993
3066,53093336,243673133,10.997,1,25,994,1575
3067,53093337,53029037,131.545,1,25,995,177
3068,53093337,53072269,102.5,1,25,995,724
3069,53093337,258761358,124.33,1,25,995,1596
3070,53093337,1982139872,131.08,1,25,995,1938
3071,53093341,53072255,100.563,1,25,996,717
3072,53093341,53076864,200.748,1,25,996,768
3073,53093341,57650248,107.959,1,25,996,1349
3074,53093341,57650333,48.039,1,25,996,1350
3075,53093343,53072258,100.871,1,25,997,719
3076,53093343,53076864,200.844,1,25,997,768
3077,53093343,53093345,200.711,1,25,997,998
3078,53093343,57635344,61.769,1,25,997,1348
3079,53093345,53055185,97.246,2,25,998,464
3080,53093345,53072260,101.391,1,25,998,720
3081,53093345,53093343,200.711,1,25,998,997
3082,53093345,53093346,100.155,1,25,998,999
3083,53093346,53093345,100.155,1,25,999,998
3084,53093346,53093347,100.098,1,25,999,1000
3085,53093346,240404751,55.852,1,25,999,1481
3086,53093347,53055189,99.974,1,25,1000,466
3087,53093347,53072262,101.352,1,25,1000,721
3088,53093347,53093346,100.098,1,25,1000,999
3089,53093347,239616956,205.821,1,25,1000,1444
3090,53093350,53072264,101.107,2,25,1001,722
3091,53093350,53093351,92.862,1,25,1001,1002
3092,53093350,239616956,9.689,1,25,1001,1444
3093,53093351,53055194,103.978,1,25,1002,469
3094,53093351,53091869,201.048,1,25,1002,987
3095,53093351,53093350,92.862,1,25,1002,1001
3096,53093977,53093979,371.547,1,25,1003,1004
3097,53093979,53093977,371.547,1,25,1004,1003
3098,53093979,53093980,100.047,1,25,1004,1005
3099,53093979,53100802,90.564,1,25,1004,1076
3100,53093979,53108745,208.924,2,25,1004,1111
3101,53093980,53055501,100.543,1,25,1005,479
3102,53093980,53093979,100.047,1,25,1005,1004
3103,53093980,53098229,95.547,1,25,1005,1049
3104,53093980,53098232,208.877,1,25,1005,1050
3105,53093983,53030296,101.212,1,25,1006,206
3106,53093983,53064691,147.831,3,30,1006,661
3107,53093983,243673089,12.22,1,25,1006,1558
3108,53093985,53116955,48.624,2,25,1007,1168
3109,53093985,240448886,11.47,1,25,1007,1498
3110,53093987,53093988,200.706,1,25,1008,1009
3111,53093987,53124028,288.601,1,25,1008,1225
3112,53093987,240448886,103.118,1,25,1008,1498
3113,53093987,2443760109,98.689,1,25,1008,1986
3114,53093988,53093987,200.706,1,25,1009,1008
3115,53093988,53093989,201.856,1,25,1009,1010
3116,53093988,53124028,91.227,1,25,1009,1225
3117,53093988,10930747855,52.126,1,25,1009,2104
3118,53093989,53054389,102.348,1,25,1010,448
3119,53093989,53079257,108.008,1,25,1010,806
3120,53093989,53093988,201.856,1,25,1010,1009
3121,53093989,53124029,91.025,1,25,1010,1226
3122,53094053,53050627,88.887,1,25,1011,435
3123,53094053,53103724,52.937,1,25,1011,1085
3124,53094053,5035371508,124.444,1,25,1011,2056
3125,53094210,53060110,151.54,1,25,1012,572
3126,53094210,59942347,184.628,1,25,1012,1365
3127,53094210,258895327,324.569,1,25,1012,1602
3128,53094284,53081635,32.498,1,25,1013,817
3129,53095436,53019170,203.343,1,25,1014,67
3130,53095436,53084394,101.176,1,25,1014,900
3131,53095436,53134492,225.235,1,25,1014,1268
3132,53095440,53119344,204.646,2,25,1015,1192
3133,53095440,53122838,168.895,1,25,1015,1214
3134,53095440,239669144,40.897,2,25,1015,1454
3135,53095457,53095458,215.389,1,25,1016,1017
3136,53095457,240469490,82.914,1,25,1016,1527
3137,53095457,258761339,98.035,1,25,1016,1588
3138,53095458,53095457,215.389,1,25,1017,1016
3139,53095458,53095459,186.942,1,25,1017,1018
3140,53095458,240469679,85.769,1,25,1017,1536
3141,53095458,258761343,99.772,1,25,1017,1592
3142,53095459,53063533,202.35,1,25,1018,619
3143,53095459,53095458,186.942,1,25,1018,1017
3144,53095459,53148832,103.038,1,25,1018,1306
3145,53095459,240469495,84.604,1,25,1018,1528
3146,53095684,53095692,360.17,1,25,1019,1020
3147,53095684,53110543,131.21,1,25,1019,1117
3148,53095684,99333110,67.128,1,25,1019,1401
3149,53095692,53095684,360.17,1,25,1020,1019
3150,53095692,53110543,393.366,1,25,1020,1117
3151,53095692,53112729,103.362,1,25,1020,1142
3152,53096064,53035181,72.886,1,25,1021,255
3153,53096064,53079145,101.19,3,25,1021,798
3154,53096064,259581492,14.095,1,25,1021,1603
3155,53096071,53096073,101.34,3,25,1022,1023
3156,53096071,53103803,160.252,3,25,1022,1089
3157,53096071,259581499,11.534,1,25,1022,1610
3158,53096073,53096076,100.218,3,25,1023,1024
3159,53096073,259581500,12.051,1,25,1023,1611
3160,53096076,53096078,100.77,3,25,1024,1025
3161,53096076,239669244,138.347,1,25,1024,1458
3162,53096076,259581501,12.008,1,25,1024,1612
3163,53096078,239669201,180.664,1,25,1025,1457
3164,53096078,259581502,12.887,1,25,1025,1613
3165,53096078,260541178,67.473,3,25,1025,1614
3166,53096083,53050568,99.042,2,25,1026,415
3167,53096083,53096121,51.201,1,25,1026,1037
3168,53096083,53121257,208.822,1,25,1026,1209
3169,53096083,240448958,103.54,2,25,1026,1519
3170,53096084,53042665,93.252,2,25,1027,344
3171,53096084,56856544,199.991,2,25,1027,1340
3172,53096084,240448958,10.186,1,25,1027,1519
3173,53096087,53096090,104.341,3,25,1028,1029
3174,53096087,239617021,9.571,1,25,1028,1450
3175,53096090,53096092,201.78,2,25,1029,1030
3176,53096090,53138903,92.606,2,25,1029,1280
3177,53096090,239617025,10.045,1,25,1029,1451
3178,53096092,53138900,93.314,1,25,1030,1279
3179,53096092,239617031,10.157,1,25,1030,1452
3180,53096092,1706578092,73.574,2,25,1030,1813
3181,53096093,53082203,94.259,3,25,1031,836
3182,53096093,239616976,44.129,1,25,1031,1446
3183,53096096,53059845,104.578,1,25,1032,567
3184,53096096,53082205,202.487,1,25,1032,837
3185,53096096,53096101,201.585,1,25,1032,1033
3186,53096101,53059841,110.151,1,25,1033,566
3187,53096101,53096096,201.585,1,25,1033,1032
3188,53096101,53096103,89.393,1,25,1033,1034
3189,53096101,239669366,38.024,1,25,1033,1462
3190,53096103,53020807,176.155,1,25,1034,72
3191,53096103,53096101,89.393,1,25,1034,1033
3192,53096103,53096106,198.336,1,25,1034,1035
3193,53096106,53036819,194.733,1,25,1035,266
3194,53096106,53096103,198.336,1,25,1035,1034
3195,53096106,53138890,271.013,1,25,1035,1277
3196,53096120,53096084,52.346,3,25,1036,1027
3197,53096121,53096083,51.201,1,25,1037,1026
3198,53096121,240448960,103.601,2,25,1037,1520
3199,53096121,4305376805,148.31,1,25,1037,2049
3200,53097105,53055546,162.631,1,25,1038,483
3201,53097105,53104533,84.203,2,25,1038,1092
3202,53097105,53117367,23.235,2,25,1038,1182
3203,53097108,53055546,239.027,1,25,1039,483
3204,53097108,243673080,87.238,2,30,1039,1551
3205,53098015,53047301,287.18,1,25,1040,367
3206,53098015,53129602,103.534,1,25,1040,1243
3207,53098015,165537279,213.072,1,25,1040,1411
3208,53098018,53047304,132.339,1,25,1041,369
3209,53098018,53125564,81.379,1,25,1041,1234
3210,53098018,57121262,55.494,1,25,1041,1344
3211,53098211,53055554,100.822,1,25,1042,485
3212,53098211,53064860,204.249,1,25,1042,668
3213,53098211,53131014,100.318,1,25,1042,1257
3214,53098213,53027127,135.402,1,25,1043,150
3215,53098213,53055558,100.437,1,25,1043,487
3216,53098213,53060270,134.34,1,25,1043,581
3217,53098213,53107630,100.49,1,25,1043,1105
3218,53098216,53060270,67.846,1,25,1044,581
3219,53098216,53098218,66.117,1,25,1044,1045
3220,53098216,53131020,100.055,1,25,1044,1258
3221,53098218,53091841,202.883,1,25,1045,975
3222,53098218,53098216,66.117,1,25,1045,1044
3223,53098218,53131024,100.494,1,25,1045,1259
3224,53098218,9935474582,75.359,1,25,1045,2094
3225,53098219,53055166,146.541,1,25,1046,459
3226,53098219,53116948,100.502,2,25,1046,1166
3227,53098219,240448876,12.098,1,25,1046,1493
3228,53098222,53121264,100.283,1,25,1047,1210
3229,53098222,240448876,140.612,1,25,1047,1493
3230,53098222,1762740909,94.032,1,25,1047,1921
3231,53098222,1981316241,165.326,1,25,1047,1935
3232,53098225,53063572,202.022,1,25,1048,638
3233,53098225,1762740800,93.717,1,25,1048,1903
3234,53098225,1762740855,293.583,1,25,1048,1913
3235,53098225,1981316288,128.372,1,25,1048,1936
3236,53098229,53055500,100.42,1,25,1049,478
3237,53098229,53079162,99.598,1,25,1049,804
3238,53098229,53093980,95.547,1,25,1049,1005
3239,53098229,53100802,100.917,1,25,1049,1076
3240,53098232,53055503,100.866,1,24.854848,1050,480
3241,53098232,53093980,208.877,1,25,1050,1005
3242,53098232,53108745,101.02,1,24.854848,1050,1111
3243,53098775,53032789,105.096,1,25,1051,240
3244,53098775,53061182,439.641,1,25,1051,592
3245,53098775,53075863,191.017,1,25,1051,747
3246,53098775,53110563,222.452,1,25,1051,1120
3247,53099145,53117382,307.102,3,25,1052,1186
3248,53099154,53070091,84.605,2,25,1053,699
3249,53099154,53099155,155.184,1,25,1053,1054
3250,53099154,3125358035,8.248,1,25,1053,2005
3251,53099155,53045619,96.95,1,25,1054,360
3252,53099155,53099154,155.184,1,25,1054,1053
3253,53099155,88315081,67.938,1,25,1054,1380
3254,53099157,53070096,69.905,1,25,1055,702
3255,53099157,53099158,55.847,1,25,1055,1056
3256,53099157,283272955,36.915,1,25,1055,1725
3257,53099158,53099157,55.847,1,25,1056,1055
3258,53099158,394215974,8.712,1,25,1056,1782
3259,53099159,53099161,73.604,1,25,1057,1058
3260,53099159,283272946,238.13,1,25,1057,1720
3261,53099159,394215975,6.339,1,25,1057,1783
3262,53099161,53099159,73.604,1,25,1058,1057
3263,53099161,53099164,17.556,1,25,1058,1059
3264,53099164,53090689,91.661,1,25,1059,959
3265,53099164,53099161,17.556,1,25,1059,1058
3266,53099164,267638300,230.633,1,25,1059,1668
3267,53099165,53090689,90.808,1,25,1060,959
3268,53099165,221403770,252.812,1,25,1060,1415
3269,53099165,1762740578,29.752,1,25,1060,1860
3270,53099275,53073464,201.949,3,25,1061,731
3271,53099275,53080628,100.407,2,25,1061,809
3272,53099277,53070407,134.487,1,25,1062,712
3273,53099277,53079153,104.299,2,25,1062,801
3274,53099277,53099278,104.446,2,25,1062,1063
3275,53099277,53111890,91.811,1,25,1062,1134
3276,53099278,53037915,104.122,2,25,1063,280
3277,53099278,53099277,104.446,2,25,1063,1062
3278,53099278,53129617,63.818,1,25,1063,1247
3279,53099281,53082589,60.435,2,25,1064,860
3280,53099281,53084136,165.117,1,25,1064,893
3281,53099281,53099283,105.551,2,25,1064,1065
3282,53099283,53099281,105.551,2,25,1065,1064
3283,53099283,53099285,111.27,2,25,1065,1066
3284,53099283,53117313,246.988,2,25,1065,1176
3285,53099283,53117318,128.411,2,25,1065,1177
3286,53099285,53045592,178.781,1,25,1066,359
3287,53099285,53099283,111.27,2,25,1066,1065
3288,53099285,312432948,85.036,2,25,1066,1766
3289,53099285,10938673898,71.358,1,25,1066,2105
3290,53099577,53061321,100.92,1,25,1067,598
3291,53099577,53061327,167.65,1,25,1067,599
3292,53099577,53100488,56.448,1,25,1067,1071
3293,53099580,53073734,151.316,1,25,1068,732
3294,53099580,53077224,514.447,1,25,1068,779
3295,53099580,93169617,30.334,1,25,1068,1389
3296,53099582,93169617,103.692,1,25,1069,1389
3297,53099698,53030491,172.676,1,25,1070,216
3298,53099698,53063927,158.766,1,25,1070,644
3299,53099698,53111384,391.004,1,25,1070,1121
3300,53100488,53099577,56.448,1,25,1071,1067
3301,53100516,53037921,201.574,1,25,1072,283
3302,53100516,53085626,202.701,1,25,1072,914
3303,53100516,53090680,110.967,1,25,1072,956
3304,53100516,56837383,104.964,1,25,1072,1339
3305,53100520,53082594,160.86,1,25,1073,863
3306,53100520,53090683,106.95,2,25,1073,957
3307,53100520,53100523,107.974,1,25,1073,1074
3308,53100520,53103284,111.82,1,25,1073,1084
3309,53100523,53090686,93.504,1,25,1074,958
3310,53100523,53100520,107.974,1,25,1074,1073
3311,53100729,53024605,77.35,1,25,1075,132
3312,53100729,53050641,157.455,1,25,1075,443
3313,53100802,53079160,98.856,1,25,1076,803
3314,53100802,53093979,90.564,1,25,1076,1004
3315,53100802,53098229,100.917,1,25,1076,1049
3316,53100804,53030293,101.614,1,25,1077,205
3317,53100804,53129594,39.85,2,30,1077,1240
3318,53100804,243673093,12.152,1,25,1077,1560
3319,53100955,53075161,228.838,1,25,1078,740
3320,53100955,53091093,80.511,1,25,1078,961
3321,53100955,53100957,134.144,1,25,1078,1079
3322,53100957,53020507,250.029,1,25,1079,70
3323,53100957,53075820,95.566,1,25,1079,743
3324,53100957,53100955,134.144,1,25,1079,1078
3325,53101617,53037724,30.219,1,24.854848,1080,271
3326,53101617,53058899,284.504,1,25,1080,555
3327,53101617,269109508,232.735,1,25,1080,1675
3328,53102832,53121110,129.83,1,25,1081,1206
3329,53102832,53142855,74.046,1,25,1081,1288
3330,53102832,266910796,237.865,1,25,1081,1655
3331,53103145,53127718,190.652,1,25,1082,1238
3332,53103280,53070407,115.486,1,25,1083,712
3333,53103280,53085623,201.128,1,25,1083,913
3334,53103280,56837383,13.877,1,25,1083,1339
3335,53103284,53070391,115.319,1,25,1084,708
3336,53103284,53082593,161.68,1,25,1084,862
3337,53103284,53100520,111.82,1,25,1084,1073
3338,53103284,283272945,106.943,1,25,1084,1719
3339,53103724,53047290,148.62,1,25,1085,364
3340,53103724,53064667,211.893,1,25,1085,651
3341,53103724,53094053,52.937,1,25,1085,1011
3342,53103725,53047307,49.249,2,25,1086,370
3343,53103725,53103729,29.144,2,25,1086,1087
3344,53103725,74021994,156.824,1,25,1086,1369
3345,53103729,53048465,45.666,2,25,1087,409
3346,53103729,53070074,232.127,1,25,1087,695
3347,53103729,53103725,29.144,2,25,1087,1086
3348,53103802,53063547,102.179,1,25,1088,625
3349,53103802,53122851,100.196,1,25,1088,1221
3350,53103802,259581499,214.488,1,25,1088,1610
3351,53103803,53063549,101.141,1,25,1089,627
3352,53103803,53084126,201.7,3,25,1089,891
3353,53103803,53124036,103.249,1,25,1089,1228
3354,53103804,53063553,100.493,1,25,1090,630
3355,53103804,53099275,201.91,3,25,1090,1061
3356,53104528,9394151507,129.018,1,24.854848,1091,2076
3357,53104533,53097105,84.203,2,25,1092,1038
3358,53104533,243673080,407.101,1,25,1092,1551
3359,53104533,670133157,117.19,1,24.854848,1092,1799
3360,53105065,53025950,33.836,1,25,1093,137
3361,53105539,53130826,100.727,3,30,1094,1255
3362,53105539,243673117,11.655,1,25,1094,1570
3363,53105540,53113655,102.707,1,25,1095,1145
3364,53105540,53113657,99.088,1,25,1095,1146
3365,53105540,243673117,113.762,1,25,1095,1570
3366,53105549,53147192,161.581,1,25,1096,1298
3367,53105549,100548657,87.762,1,25,1096,1407
3368,53105549,454952282,16.081,1,25,1096,1794
3369,53105807,288991095,94.811,1,25,1097,1751
3370,53105807,288991102,194.864,1,25,1097,1758
3371,53105807,10747552208,96.108,1,25,1097,2103
3372,53105811,53063543,202.445,1,25,1098,623
3373,53105811,53146078,102.574,1,25,1098,1293
3374,53105811,53152266,100.559,1,25,1098,1315
3375,53105811,288991104,196.117,1,25,1098,1760
3376,53106454,53126429,99.897,1,25,1099,1236
3377,53106454,2184578232,95.379,1,25,1099,1957
3378,53107080,53091826,94.524,1,25,1100,970
3379,53107080,53107081,162.95,1,25,1100,1101
3380,53107080,53148316,103.656,1,25,1100,1303
3381,53107080,2010214253,192.778,1,25,1100,1944
3382,53107081,53091828,94.413,1,25,1101,971
3383,53107081,53107080,162.95,1,25,1101,1100
3384,53107081,239501147,36.533,1,25,1101,1435
3385,53107081,1954677978,54.897,1,25,1101,1930
3386,53107623,53060255,134.516,1,35,1102,576
3387,53107623,53107625,97.195,1,25,1102,1103
3388,53107623,86276538,272.053,1,35,1102,1375
3389,53107625,53060256,135.599,1,25,1103,577
3390,53107625,53107623,97.195,1,25,1103,1102
3391,53107625,9908989502,43.56,1,25,1103,2091
3392,53107627,53027123,136.189,1,25,1104,146
3393,53107627,53060264,134.262,1,25,1104,578
3394,53107627,53077784,94.221,1,25,1104,784
3395,53107627,6612732972,80.262,1,25,1104,2068
3396,53107630,53027126,135.758,1,25,1105,149
3397,53107630,53029723,94.24,1,25,1105,187
3398,53107630,53060268,134.581,1,25,1105,580
3399,53107630,53098213,100.49,1,25,1105,1043
3400,53107633,53030346,99.495,1,25,1106,210
3401,53107633,53060272,134.049,3,30,1106,582
3402,53107633,243673142,11.445,1,25,1106,1579
3403,53107634,53027131,135.637,1,25,1107,154
3404,53107634,53060274,134.202,1,25,1107,583
3405,53107634,53107642,75.964,1,25,1107,1108
3406,53107634,243673142,78.263,1,25,1107,1579
3407,53107642,53027132,136.192,1,25,1108,155
3408,53107642,53060278,133.708,1,25,1108,584
3409,53107642,53107634,75.964,1,25,1108,1107
3410,53107642,240448983,74.036,1,25,1108,1526
3411,53108131,53066465,81.152,1,25,1109,685
3412,53108131,2820169731,175.449,1,25,1109,1991
3413,53108131,2820169758,84.106,1,25,1109,2001
3414,53108742,53108745,367.684,1,24.854848,1110,1111
3415,53108745,53093979,208.924,2,25,1111,1004
3416,53108745,53098232,101.02,1,24.854848,1111,1050
3417,53108745,53108742,367.684,1,24.854848,1111,1110
3418,53108745,53131108,143.423,2,25,1111,1260
3419,53108749,53030298,101.428,1,24.854848,1112,207
3420,53108749,53125563,161.08,3,30,1112,1233
3421,53108749,243673087,10.96,1,24.854848,1112,1556
3422,53109969,243673080,11.211,1,25,1113,1551
3423,53109969,243673081,43.015,2,30,1113,1552
3424,53109978,53042100,84.608,1,25,1114,331
3425,53109978,53047311,199.355,1,25,1114,373
3426,53109978,4235206835,102.81,1,25,1114,2044
3427,53109996,53109997,82.703,1,25,1115,1116
3428,53109996,53117328,78.387,1,25,1115,1178
3429,53109996,53117332,65.799,1,25,1115,1179
3430,53109997,53109996,82.703,1,25,1116,1115
3431,53110543,53095684,131.21,1,25,1117,1019
3432,53110543,53095692,393.366,1,25,1117,1020
3433,53110543,99333139,74.478,1,25,1117,1402
3434,53110559,53060168,76.02,1,25,1118,575
3435,53110559,53110561,161.039,1,25,1118,1119
3436,53110559,99333151,312,1,25,1118,1403
3437,53110561,53075823,336.553,1,25,1119,744
3438,53110561,53110559,161.039,1,25,1119,1118
3439,53110561,53110563,130.267,1,25,1119,1120
3440,53110563,53098775,222.452,1,25,1120,1051
3441,53110563,53110561,130.267,1,25,1120,1119
3442,53110563,53112729,115.537,1,25,1120,1142
3443,53111384,53057618,183.749,1,25,1121,528
3444,53111384,53099698,391.004,1,25,1121,1070
3445,53111384,53111406,37.281,1,25,1121,1123
3446,53111404,53063931,98.295,1,25,1122,646
3447,53111404,53063935,245.34,1,25,1122,647
3448,53111404,53111406,80.433,1,25,1122,1123
3449,53111406,53056374,353.205,1,25,1123,515
3450,53111406,53111384,37.281,1,25,1123,1121
3451,53111406,53111404,80.433,1,25,1123,1122
3452,53111538,53111540,20.737,1,25,1124,1125
3453,53111538,53133624,187.128,1,25,1124,1263
3454,53111538,53133629,66.861,1,25,1124,1264
3455,53111540,53111538,20.737,1,25,1125,1124
3456,53111876,53058936,395.119,1,25,1126,558
3457,53111876,53085599,202.338,1,25,1126,903
3458,53111876,53090678,100.788,1,25,1126,955
3459,53111879,52978708,83.163,1,25,1127,16
3460,53111879,53082163,290.104,1,25,1127,822
3461,53111879,1419661068,77.001,1,25,1127,1808
3462,53111881,53100804,50.912,2,30,1128,1077
3463,53111881,243673096,11.768,1,25,1128,1561
3464,53111882,53079135,258.883,1,25,1129,793
3465,53111882,53129596,94.753,1,25,1129,1241
3466,53111882,243673096,157.269,1,25,1129,1561
3467,53111882,2205390391,93.708,1,25,1129,1965
3468,53111886,53076875,200.895,1,25,1130,775
3469,53111886,53079140,95.132,1,25,1130,795
3470,53111886,53111887,163.5,1,25,1130,1131
3471,53111886,53129613,100.8,1,25,1130,1245
3472,53111887,53079143,99.609,2,25,1131,796
3473,53111887,53111886,163.5,1,25,1131,1130
3474,53111887,53111888,205.52,1,25,1131,1132
3475,53111887,53129615,99.508,2,25,1131,1246
3476,53111888,53079144,100.942,1,25,1132,797
3477,53111888,53111887,205.52,1,25,1132,1131
3478,53111888,53122855,100.918,1,25,1132,1222
3479,53111888,259581492,206.125,1,25,1132,1603
3480,53111889,53035181,145.771,1,25,1133,255
3481,53111889,53079147,101.058,1,25,1133,799
3482,53111889,53084131,199.701,1,25,1133,892
3483,53111889,1762740687,95.333,1,25,1133,1881
3484,53111890,53079150,100.322,1,25,1134,800
3485,53111890,53084131,201.627,1,25,1134,892
3486,53111890,53099277,91.811,1,25,1134,1062
3487,53111890,53129617,100.57,1,25,1134,1247
3488,53112049,53112051,173.112,1,20,1135,1136
3489,53112051,53112049,173.112,1,20,1136,1135
3490,53112051,53125299,81.542,1,24.854848,1136,1231
3491,53112054,53060256,133.418,1,25,1137,577
3492,53112054,53114428,203.751,1,25,1137,1152
3493,53112054,53125302,106.815,1,25,1137,1232
3494,53112061,53055367,37.389,1,25,1138,475
3495,53112061,53114435,204.603,1,25,1138,1153
3496,53112061,74261393,134.874,1,25,1138,1372
3497,53112283,53064692,221.388,1,25,1139,662
3498,53112283,53129596,66.946,1,25,1139,1241
3499,53112283,243673091,97.607,1,25,1139,1559
3500,53112494,53042480,138.795,1,25,1140,333
3501,53112494,53058781,236.316,1,25,1140,540
3502,53112494,53140628,286.753,1,25,1140,1283
3503,53112672,53056543,101.555,1,25,1141,518
3504,53112672,53087210,152.139,1,25,1141,932
3505,53112672,53147192,76.256,1,25,1141,1298
3506,53112729,53095692,103.362,1,25,1142,1020
3507,53112729,53110563,115.537,1,25,1142,1120
3508,53112729,53112743,40.167,1,25,1142,1143
3509,53112743,53032789,94.924,1,25,1143,240
3510,53112743,53078342,317.473,1,25,1143,790
3511,53112743,53112729,40.167,1,25,1143,1142
3512,53112762,53019173,181.6,1,25,1144,69
3513,53112762,53056337,110.858,1,25,1144,508
3514,53112762,53084389,212.344,1,25,1144,899
3515,53113655,53029042,90.9,1,25,1145,180
3516,53113655,53105540,102.707,1,25,1145,1095
3517,53113655,243673123,123.73,1,25,1145,1572
3518,53113657,53029043,91.309,1,25,1146,181
3519,53113657,53105540,99.088,1,25,1146,1095
3520,53113657,53113658,201.226,1,25,1146,1147
3521,53113657,243673115,105.211,1,25,1146,1569
3522,53113658,53029046,91.479,1,25,1147,182
3523,53113658,53113657,201.226,1,25,1147,1146
3524,53113658,243673112,87.459,1,25,1147,1568
3525,53113774,53113776,98.857,1,25,1148,1149
3526,53113774,53122849,101.895,1,25,1148,1219
3527,53113774,259581502,114.015,1,25,1148,1613
3528,53113776,53113774,98.857,1,25,1149,1148
3529,53113776,53122850,109.34,1,25,1149,1220
3530,53113776,259581501,105.267,1,25,1149,1612
3531,53114253,53076320,139.197,1,25,1150,759
3532,53114253,53088661,50.22,1,25,1150,938
3533,53114253,53140628,57.357,1,25,1150,1283
3534,53114425,53060497,100.788,1,25,1151,588
3535,53114425,53077782,93.743,1,25,1151,783
3536,53114425,53083136,75.145,1,25,1151,885
3537,53114428,53060264,134.041,1,25,1152,578
3538,53114428,53077786,94.215,1,25,1152,785
3539,53114428,53112054,203.751,1,25,1152,1137
3540,53114428,2065927938,202.781,1,25,1152,1949
3541,53114435,52987338,132.983,1,25,1153,24
3542,53114435,53077793,94.348,1,25,1153,786
3543,53114435,53112061,204.603,1,25,1153,1138
3544,53114435,53114437,165.037,1,25,1153,1154
3545,53114437,53114435,165.037,1,25,1154,1153
3546,53114437,53114439,202.402,1,25,1154,1155
3547,53114437,240448780,81.419,1,25,1154,1483
3548,53114437,1981316228,94.717,1,25,1154,1934
3549,53114439,53063565,202.41,1,25,1155,635
3550,53114439,53077797,94.476,1,25,1155,787
3551,53114439,53114437,202.402,1,25,1155,1154
3552,53114439,11687209953,437.491,1,25,1155,2127
3553,53115322,53036821,354.934,1,25,1156,267
3554,53115322,53075880,99.006,1,25,1156,753
3555,53115322,53082209,407.912,1,25,1156,839
3556,53115322,53138890,98.485,1,25,1156,1277
3557,53115327,53082209,202.954,1,25,1157,839
3558,53115327,53115329,201.621,1,25,1157,1158
3559,53115327,53138900,100.082,1,25,1157,1279
3560,53115327,239500928,94.94,1,25,1157,1427
3561,53115329,53075887,100.023,1,25,1158,756
3562,53115329,53091870,203.261,1,25,1158,988
3563,53115329,53115327,201.621,1,25,1158,1157
3564,53115329,53138903,101.281,1,25,1158,1280
3565,53115332,53042670,101.442,3,25,1159,346
3566,53115332,53120081,111.701,1,15,1159,1203
3567,53115332,239669259,12.003,2,25,1159,1459
3568,53115350,53050572,108.352,3,25,1160,417
3569,53115350,239669201,9.29,1,25,1160,1457
3570,53115866,53037716,89.302,1,25,1161,270
3571,53115964,53116958,109.123,3,25,1162,1169
3572,53115964,240448895,11.464,1,25,1162,1502
3573,53115965,240448895,102.898,1,25,1163,1502
3574,53115965,258761341,102.555,1,25,1163,1590
3575,53115965,283296754,88.731,1,25,1163,1729
3576,53115969,53076868,99.742,1,25,1164,770
3577,53115969,53115970,201.482,1,25,1164,1165
3578,53115969,258761344,96.154,1,25,1164,1593
3579,53115969,3694063472,136.528,1,5,1164,2029
3580,53115970,53063536,202.948,1,25,1165,620
3581,53115970,53076869,99.563,1,25,1165,771
3582,53115970,53115969,201.482,1,25,1165,1164
3583,53115970,53148832,101.389,1,25,1165,1306
3584,53116948,53029731,95.409,3,25,1166,193
3585,53116948,240448874,11.84,1,25,1166,1492
3586,53116948,240448936,141.308,1,25,1166,1515
3587,53116953,53030280,100.865,2,25,1167,199
3588,53116953,240448882,10.057,2,30,1167,1496
3589,53116955,53029041,131.253,3,25,1168,179
3590,53116955,53042645,80.239,1,25,1168,335
3591,53116958,53042652,94.338,1,25,1169,338
3592,53116958,240404682,185.928,3,25,1169,1472
3593,53116958,240448893,11.438,1,25,1169,1501
3594,53116961,53076866,200.17,2,25,1170,769
3595,53116961,240448899,12.277,1,25,1170,1504
3596,53116961,778894184,225.325,1,25,1170,1801
3597,53116963,53042657,99.937,2,25,1171,340
3598,53116963,53116961,202.253,3,25,1171,1170
3599,53116963,53116966,99.706,2,25,1171,1172
3600,53116963,4070600865,87.318,2,25,1171,2033
3601,53116966,53116963,99.706,2,25,1172,1171
3602,53116966,240448956,103.772,2,25,1172,1518
3603,53116966,240448966,74.528,1,25,1172,1523
3604,53116974,53042667,96.804,1,25,1173,345
3605,53116974,53096120,84.518,2,25,1173,1036
3606,53116974,240448962,9.649,1,25,1173,1521
3607,53117302,275776856,90.746,2,25,1174,1683
3608,53117302,2820169753,78.61,2,25,1174,1998
3609,53117310,53070088,245.926,1,25,1175,698
3610,53117310,53117313,92.051,2,25,1175,1176
3611,53117310,2820169758,96.63,2,25,1175,2001
3612,53117313,53099283,246.988,2,25,1176,1065
3613,53117313,53117310,92.051,2,25,1176,1175
3614,53117313,53118706,107.065,1,25,1176,1188
3615,53117318,53045590,22.405,2,25,1177,358
3616,53117318,53082591,160.008,1,25,1177,861
3617,53117318,53099283,128.411,2,25,1177,1065
3618,53117328,53082599,100.537,1,25,1178,867
3619,53117328,53083891,59.883,1,25,1178,888
3620,53117328,53109996,78.387,1,25,1178,1115
3621,53117328,53118700,201.956,1,25,1178,1187
3622,53117332,53109996,65.799,1,25,1179,1115
3623,53117332,53117335,129.026,1,25,1179,1180
3624,53117335,53117332,129.026,1,25,1180,1179
3625,53117335,53147023,112.732,2,25,1180,1296
3626,53117335,4330828662,37.003,2,25,1180,2050
3627,53117335,4330828671,33.791,3,25,1180,2051
3628,53117353,53117367,325.189,2,25,1181,1182
3629,53117353,669572007,183.323,2,24.854848,1181,1798
3630,53117367,53039510,57.571,3,25,1182,297
3631,53117367,53055544,165,2,25,1182,482
3632,53117367,53097105,23.235,2,25,1182,1038
3633,53117367,53117353,325.189,2,25,1182,1181
3634,53117370,53055544,238.843,2,25,1183,482
3635,53117370,53097108,47.28,2,30,1183,1039
3636,53117370,243673082,11.28,2,25,1183,1553
3637,53117372,53047307,209.697,2,25,1184,370
3638,53117372,53119692,91.384,1,25,1184,1202
3639,53117372,53125564,98.162,1,25,1184,1234
3640,53117372,243673082,262.776,2,25,1184,1553
3641,53117380,53068384,239.426,2,25,1185,688
3642,53117380,53125113,100.881,1,25,1185,1230
3643,53117380,240469700,179.272,2,25,1185,1540
3644,53117380,1762740566,95.691,1,25,1185,1859
3645,53117382,53041131,95.641,2,25,1186,328
3646,53117382,53082568,206.559,2,25,1186,853
3647,53117382,53088359,96.981,2,25,1186,933
3648,53117382,275786806,200.176,3,25,1186,1704
3649,53118700,53083892,61.056,1,25,1187,889
3650,53118700,53117328,201.956,1,25,1187,1178
3651,53118700,221411794,103.985,1,25,1187,1418
3652,53118706,53117313,107.065,1,25,1188,1176
3653,53118706,53118707,104.801,1,25,1188,1189
3654,53118706,3125358057,138.948,1,25,1188,2008
3655,53118707,53118706,104.801,1,25,1189,1188
3656,53118707,275797257,60.702,1,25,1189,1711
3657,53118707,6141356414,36.442,1,25,1189,2064
3658,53118709,53028333,71.257,1,25,1190,169
3659,53118713,53070096,171.233,1,25,1191,702
3660,53119344,53020807,94.741,1,25,1192,72
3661,53119344,53095440,204.646,2,25,1192,1015
3662,53119344,239669505,64.333,2,25,1192,1464
3663,53119366,53147299,131.395,1,25,1193,1300
3664,53119366,59794905,179.088,1,25,1193,1362
3665,53119366,9451650039,109.812,1,25,1193,2080
3666,53119512,53030527,47.632,1,25,1194,228
3667,53119512,53119514,30.423,1,25,1194,1195
3668,53119512,53151731,239.613,1,25,1194,1312
3669,53119514,53085851,66.816,1,25,1195,921
3670,53119514,53119512,30.423,1,25,1195,1194
3671,53119514,100565801,242.446,1,25,1195,1409
3672,53119522,53054966,236.697,1,25,1196,453
3673,53119522,53060111,191.732,1,25,1196,573
3674,53119522,53119554,122.899,1,25,1196,1201
3675,53119530,53082217,22.585,1,25,1197,841
3676,53119530,53119535,470.464,1,25,1197,1198
3677,53119530,262084666,442.687,1,25,1197,1641
3678,53119535,53119530,470.464,1,25,1198,1197
3679,53119535,53119542,185.951,1,25,1198,1199
3680,53119535,262084666,154.147,1,25,1198,1641
3681,53119542,53035083,584.598,1,25,1199,253
3682,53119542,53063915,305.012,1,25,1199,642
3683,53119542,53119535,185.951,1,25,1199,1198
3684,53119552,53033516,87.728,1,25,1200,247
3685,53119552,53060110,114.531,1,25,1200,572
3686,53119552,53119554,159.245,1,25,1200,1201
3687,53119554,53119522,122.899,1,25,1201,1196
3688,53119554,53119552,159.245,1,25,1201,1200
3689,53119554,53130350,247.133,1,25,1201,1251
3690,53119692,53042100,93.789,1,25,1202,331
3691,53119692,53047308,206.564,1,25,1202,371
3692,53119692,53117372,91.384,1,25,1202,1184
3693,53119692,243673081,259.736,1,25,1202,1552
3694,53120081,53115332,111.701,1,15,1203,1159
3695,53120081,53120084,27.079,1,15,1203,1204
3696,53120084,53050572,154.643,1,15,1204,417
3697,53120084,53120081,27.079,1,15,1204,1203
3698,53120084,2438953155,113.231,1,24.854848,1204,1984
3699,53120665,53091851,106.228,1,25,1205,979
3700,53120665,53137869,113.36,1,25,1205,1274
3701,53120665,57121461,96.419,1,25,1205,1347
3702,53121110,53082795,79.235,1,25,1206,884
3703,53121110,53086195,330.372,1,25,1206,926
3704,53121110,53102832,129.83,1,25,1206,1081
3705,53121252,53151367,200.375,1,25,1207,1311
3706,53121252,283296757,95.696,1,25,1207,1731
3707,53121252,288991093,94.345,1,25,1207,1749
3708,53121255,53121257,197.908,1,25,1208,1209
3709,53121255,4070600865,23.297,2,25,1208,2033
3710,53121257,53050565,99.64,1,25,1209,414
3711,53121257,53096083,208.822,1,25,1209,1026
3712,53121257,53121255,197.908,1,25,1209,1208
3713,53121264,53029733,94.38,1,25,1210,194
3714,53121264,53098222,100.283,1,25,1210,1047
3715,53121264,240448874,140.662,1,25,1210,1492
3716,53121264,1762740872,160.558,1,25,1210,1916
3717,53121268,53030281,100.324,1,25,1211,200
3718,53121268,53105539,64.825,2,30,1211,1094
3719,53121268,243673120,11.053,1,25,1211,1571
3720,53121843,53061191,230.957,1,25,1212,596
3721,53122202,53090190,199.023,2,25,1213,952
3722,53122838,53095440,168.895,1,25,1214,1015
3723,53122838,53122842,201.486,1,25,1214,1215
3724,53122838,239616707,66.637,1,25,1214,1438
3725,53122842,53082199,201.195,1,25,1215,835
3726,53122842,53122838,201.486,1,25,1215,1214
3727,53122842,53134492,100.438,1,25,1215,1268
3728,53122842,239616991,87.341,1,25,1215,1447
3729,53122843,53059864,100.004,1,25,1216,569
3730,53122843,53082199,202.438,1,25,1216,835
3731,53122843,53134495,101.055,1,25,1216,1269
3732,53122843,249237231,177.705,1,25,1216,1584
3733,53122844,53059866,99.058,1,25,1217,570
3734,53122844,53122845,102.503,1,25,1217,1218
3735,53122844,53134496,101.793,1,25,1217,1270
3736,53122845,53091865,101.746,1,25,1218,985
3737,53122845,53122844,102.503,1,25,1218,1217
3738,53122845,239617021,202.557,1,25,1218,1450
3739,53122849,53050565,102.706,1,25,1219,414
3740,53122849,53113774,101.895,1,25,1219,1148
3741,53122849,53122850,99.718,1,25,1219,1220
3742,53122849,57066388,199.826,2,25,1219,1342
3743,53122850,53113776,109.34,1,25,1220,1149
3744,53122850,53122849,99.718,1,25,1220,1219
3745,53122850,53122851,99.501,1,25,1220,1221
3746,53122851,53103802,100.196,1,25,1221,1088
3747,53122851,53122850,99.501,1,25,1221,1220
3748,53122851,259581500,214.316,1,25,1221,1611
3749,53122855,53037905,100.094,1,25,1222,277
3750,53122855,53111888,100.918,1,25,1222,1132
3751,53122855,53129615,200.134,1,25,1222,1246
3752,53122855,275778689,160.291,1,25,1222,1688
3753,53123929,53060111,244.391,1,25,1223,573
3754,53123929,53082312,416.47,1,25,1223,844
3755,53123929,53123941,307.552,1,25,1223,1224
3756,53123941,53123929,307.552,1,25,1224,1223
3757,53123941,53133624,47.723,1,25,1224,1263
3758,53123941,443611809,126.911,1,25,1224,1792
3759,53124028,53029043,91.131,1,25,1225,181
3760,53124028,53093987,288.601,1,25,1225,1008
3761,53124028,53093988,91.227,1,25,1225,1009
3762,53124028,53124029,201.143,1,25,1225,1226
3763,53124029,53029046,91.291,1,25,1226,182
3764,53124029,53063524,202.436,1,25,1226,616
3765,53124029,53093989,91.025,1,25,1226,1010
3766,53124029,53124028,201.143,1,25,1226,1225
3767,53124035,53115350,110.168,2,25,1227,1160
3768,53124035,239669244,7.751,1,25,1227,1458
3769,53124036,234653238,26.491,1,25,1228,1422
3770,53124036,239669179,6.07,2,25,1228,1455
3771,53125023,53047347,97.409,1,25,1229,387
3772,53125023,53050615,94.871,1,25,1229,429
3773,53125023,1762740787,197.356,1,25,1229,1901
3774,53125113,53068382,247.289,1,25,1230,687
3775,53125113,53117380,100.881,1,25,1230,1185
3776,53125113,240469629,181.323,1,25,1230,1535
3777,53125113,283296766,83.789,1,25,1230,1738
3778,53125299,53112051,81.542,1,24.854848,1231,1136
3779,53125299,240448799,148.033,1,35,1231,1485
3780,53125302,53060255,133.488,1,35,1232,576
3781,53125302,53091834,204.089,1,35,1232,972
3782,53125302,53112054,106.815,1,25,1232,1137
3783,53125563,53117370,96.841,3,30,1233,1183
3784,53125563,243673084,11.533,1,25,1233,1554
3785,53125564,53082550,58.215,1,25,1234,848
3786,53125564,53098018,81.379,1,25,1234,1041
3787,53125564,53117372,98.162,1,25,1234,1184
3788,53125564,3348429130,224.193,1,25,1234,2017
3789,53126424,53024605,104.417,1,25,1235,132
3790,53126424,53050642,155.229,1,25,1235,444
3791,53126424,53077537,156.866,1,25,1235,781
3792,53126429,53106454,99.897,1,25,1236,1099
3793,53126429,92951404,197.848,1,25,1236,1386
3794,53126429,240469532,166.129,1,25,1236,1531
3795,53126442,53041412,60.933,2,25,1237,329
3796,53126442,53090692,200.067,1,25,1237,960
3797,53127718,53103145,190.652,1,25,1238,1082
3798,53127718,53147251,102.499,1,25,1238,1299
3799,53127718,53154694,156.998,1,25,1238,1322
3800,53129312,53021367,101.905,1,25,1239,123
3801,53129312,53055203,106.642,1,25,1239,474
3802,53129312,3572591893,51.205,1,25,1239,2018
3803,53129594,53093983,72.548,2,30,1240,1006
3804,53129594,243673091,12.208,1,25,1240,1559
3805,53129596,53111882,94.753,1,25,1241,1129
3806,53129596,53112283,66.946,1,25,1241,1139
3807,53129596,53129599,94.258,1,25,1241,1242
3808,53129596,2205390331,219.53,1,25,1241,1964
3809,53129599,53129596,94.258,1,25,1242,1241
3810,53129599,53129602,54.671,1,25,1242,1243
3811,53129599,165537287,221.436,1,25,1242,1412
3812,53129602,53047290,285.742,1,25,1243,364
3813,53129602,53098015,103.534,1,25,1243,1040
3814,53129602,53129599,54.671,1,25,1243,1242
3815,53129609,53037897,100.597,1,25,1244,273
3816,53129609,53076878,195.525,1,25,1244,776
3817,53129609,240469515,185.968,1,25,1244,1530
3818,53129609,283296769,94.994,1,25,1244,1741
3819,53129613,53037901,100.389,1,25,1245,275
3820,53129613,53076878,200.914,1,25,1245,776
3821,53129613,53111886,100.8,1,25,1245,1130
3822,53129613,53129615,156.303,1,25,1245,1246
3823,53129615,53037903,101.016,2,25,1246,276
3824,53129615,53111887,99.508,2,25,1246,1131
3825,53129615,53122855,200.134,1,25,1246,1222
3826,53129615,53129613,156.303,1,25,1246,1245
3827,53129617,53099278,63.818,1,25,1247,1063
3828,53129617,53111890,100.57,1,25,1247,1134
3829,53129617,1762740699,197.768,1,25,1247,1884
3830,53129638,53044103,75.316,1,25,1248,355
3831,53129638,53058782,48.687,1,25,1248,541
3832,53129638,53058784,23.842,1,25,1248,542
3833,53129638,53129639,102.353,1,25,1248,1249
3834,53129639,53129638,102.353,1,25,1249,1248
3835,53129639,53134702,162.425,1,25,1249,1271
3836,53129639,7130122364,106.558,1,25,1249,2072
3837,53129643,53070157,75.214,1,25,1250,703
3838,53129643,53139647,94.228,1,25,1250,1281
3839,53129643,7130122364,135.793,1,25,1250,2072
3840,53130350,53054961,163.739,1,25,1251,452
3841,53130350,53062745,98.168,1,25,1251,608
3842,53130350,53119554,247.133,1,25,1251,1201
3843,53130715,53021357,161.416,1,25,1252,121
3844,53130715,53062891,92.664,1,25,1252,612
3845,53130715,53157597,48.718,1,25,1252,1326
3846,53130822,53063521,90.732,2,30,1253,614
3847,53130822,243673110,11.086,1,25,1253,1567
3848,53130824,53130822,111.652,2,30,1254,1253
3849,53130824,243673112,10.951,1,25,1254,1568
3850,53130824,1762740838,95.925,1,25,1254,1911
3851,53130826,53030282,100.864,1,25,1255,201
3852,53130826,53130824,201.72,3,30,1255,1254
3853,53130826,243673115,10.65,1,25,1255,1569
3854,53130832,53030344,100.161,1,25,1256,208
3855,53130832,53064862,204.484,3,30,1256,669
3856,53130832,243673149,11.685,1,25,1256,1582
3857,53131014,53029719,92.575,1,25,1257,185
3858,53131014,53064857,203.794,1,25,1257,667
3859,53131014,53098211,100.318,1,25,1257,1042
3860,53131020,53060268,67.454,1,25,1258,580
3861,53131020,53098216,100.055,1,25,1258,1044
3862,53131020,53131024,66.171,1,25,1258,1259
3863,53131024,53029727,93.845,1,25,1259,189
3864,53131024,53091840,203.011,1,25,1259,974
3865,53131024,53098218,100.494,1,25,1259,1045
3866,53131024,53131020,66.171,1,25,1259,1258
3867,53131108,53039510,82.388,2,25,1260,297
3868,53131108,53055541,160.655,1,25,1260,481
3869,53131108,53077836,208.319,1,25,1260,789
3870,53131108,53108745,143.423,2,25,1260,1111
3871,53131922,53064865,204.449,1,25,1261,671
3872,53131922,53141400,75.966,1,25,1261,1285
3873,53131928,53019128,65.944,1,25,1262,48
3874,53131928,53063671,76.227,1,25,1262,640
3875,53131928,53091848,202.873,1,25,1262,978
3876,53131928,53141404,75.98,1,25,1262,1286
3877,53133624,53111538,187.128,1,25,1263,1124
3878,53133624,53123941,47.723,1,25,1263,1224
3879,53133624,258895312,83.666,1,25,1263,1601
3880,53133629,53081635,102.147,1,25,1264,817
3881,53133629,53111538,66.861,1,25,1264,1124
3882,53133629,53133631,149.253,1,25,1264,1265
3883,53133631,53133629,149.253,1,25,1265,1264
3884,53133631,53157488,54.316,1,25,1265,1325
3885,53133631,451895041,39.333,1,25,1265,1793
3886,53134401,53025951,13.588,2,25,1266,138
3887,53134401,53041412,83.469,2,25,1266,329
3888,53134401,53134403,132.374,1,25,1266,1267
3889,53134403,53134401,132.374,1,25,1267,1266
3890,53134492,53082198,200.875,1,25,1268,834
3891,53134492,53095436,225.235,1,25,1268,1014
3892,53134492,53122842,100.438,1,25,1268,1215
3893,53134492,53146068,100.303,1,25,1268,1290
3894,53134495,53082198,202.312,1,25,1269,834
3895,53134495,53122843,101.055,1,25,1269,1216
3896,53134495,53134496,201.413,1,25,1269,1270
3897,53134495,53146070,100.31,1,25,1269,1291
3898,53134496,53091864,202.816,1,25,1270,984
3899,53134496,53122844,101.793,1,25,1270,1217
3900,53134496,53134495,201.413,1,25,1270,1269
3901,53134496,53146071,101.663,1,25,1270,1292
3902,53134702,53129639,162.425,1,25,1271,1249
3903,53134702,53139647,139.458,1,25,1271,1281
3904,53134702,5994754920,128.559,1,25,1271,2063
3905,53134702,7130122364,115.75,1,25,1271,2072
3906,53137844,53076860,200.917,1,25,1272,767
3907,53137844,53091857,100.915,1,25,1272,981
3908,53137844,53148825,100.65,1,25,1272,1305
3909,53137844,240404700,185.788,1,25,1272,1476
3910,53137848,53040929,100.5,1,25,1273,314
3911,53137848,53091860,101.609,1,25,1273,982
3912,53137848,343616089,86.999,1,25,1273,1768
3913,53137869,53120665,113.36,1,25,1274,1205
3914,53138574,53047313,36.406,1,25,1275,374
3915,53138574,53050639,167.512,1,25,1275,442
3916,53138574,53100729,84.815,1,25,1275,1075
3917,53138586,53061110,67.779,1,25,1276,590
3918,53138586,53143356,69.495,1,25,1276,1289
3919,53138586,11655174110,112.858,1,25,1276,2126
3920,53138890,53096106,271.013,1,25,1277,1035
3921,53138890,53115322,98.485,1,25,1277,1156
3922,53138890,53138895,71.549,1,25,1277,1278
3923,53138890,239669366,65.143,1,25,1277,1462
3924,53138895,53082207,332.265,1,25,1278,838
3925,53138895,53138890,71.549,1,25,1278,1277
3926,53138895,239669366,115.492,1,25,1278,1462
3927,53138900,53082207,202.564,1,25,1279,838
3928,53138900,53096092,93.314,1,25,1279,1030
3929,53138900,53115327,100.082,1,25,1279,1157
3930,53138900,53138903,202.08,1,25,1279,1280
3931,53138903,53091869,202.723,1,25,1280,987
3932,53138903,53096090,92.606,2,25,1280,1029
3933,53138903,53115329,101.281,1,25,1280,1158
3934,53138903,53138900,202.08,1,25,1280,1279
3935,53139647,53070158,83.057,1,25,1281,704
3936,53139647,53129643,94.228,1,25,1281,1250
3937,53139647,53134702,139.458,1,25,1281,1271
3938,53139647,5994754918,196.054,1,25,1281,2062
3939,53140596,53047324,102.868,1,25,1282,377
3940,53140596,53082182,70.569,1,25,1282,826
3941,53140596,53147998,110.438,1,25,1282,1302
3942,53140628,53058784,112.809,1,25,1283,542
3943,53140628,53058788,359.026,1,25,1283,543
3944,53140628,53112494,286.753,1,25,1283,1140
3945,53140628,53114253,57.357,1,25,1283,1150
3946,53141270,53047991,53.229,1,25,1284,397
3947,53141400,53064864,204.624,1,25,1285,670
3948,53141400,53131922,75.966,1,25,1285,1261
3949,53141400,243673149,77.162,1,25,1285,1582
3950,53141404,53019123,29.945,1,25,1286,46
3951,53141404,53091846,202.894,1,25,1286,977
3952,53141404,53131928,75.98,1,25,1286,1262
3953,53142076,53030534,254.408,1,25,1287,232
3954,53142076,53086669,235.31,1,25,1287,929
3955,53142076,443611809,13.01,1,25,1287,1792
3956,53142855,53057594,84.714,1,25,1288,527
3957,53142855,53085110,187.897,1,25,1288,901
3958,53142855,53086191,220.108,1,25,1288,925
3959,53142855,53102832,74.046,1,25,1288,1081
3960,53143356,53040405,83.216,1,25,1289,309
3961,53143356,53085848,348.686,1,25,1289,919
3962,53143356,53138586,69.495,1,25,1289,1276
3963,53146068,53082196,201.418,1,25,1290,833
3964,53146068,53084394,188.956,1,25,1290,900
3965,53146068,53089410,100.349,1,25,1290,942
3966,53146068,53134492,100.303,1,25,1290,1268
3967,53146070,53082196,201.833,1,25,1291,833
3968,53146070,53089412,100.423,1,25,1291,943
3969,53146070,53134495,100.31,1,25,1291,1269
3970,53146070,53146071,201.524,2,25,1291,1292
3971,53146071,53089413,100.585,1,25,1292,944
3972,53146071,53091861,202.726,2,25,1292,983
3973,53146071,53134496,101.663,1,25,1292,1270
3974,53146071,53146070,201.524,2,25,1292,1291
3975,53146078,53063545,202.448,2,25,1293,624
3976,53146078,53105811,102.574,1,25,1293,1098
3977,53146078,57066388,201.182,2,25,1293,1342
3978,53146424,53040923,98.851,1,25,1294,311
3979,53146424,53082191,201.597,1,25,1294,831
3980,53146424,53089412,100.389,1,25,1294,943
3981,53146424,53152693,202.105,1,25,1294,1317
3982,53146430,53059193,102.597,1,25,1295,561
3983,53146430,53082211,202.841,1,25,1295,840
3984,53146430,53149260,201.122,1,25,1295,1307
3985,53146430,239500944,95.514,1,25,1295,1429
3986,53147023,53026147,102.629,2,25,1296,143
3987,53147023,53117335,112.732,2,25,1296,1180
3988,53147023,2252623174,111.44,1,25,1296,1977
3989,53147188,53056543,97.362,1,25,1297,518
3990,53147188,53075880,100.473,1,25,1297,753
3991,53147188,53087209,155.179,1,25,1297,931
3992,53147192,53105549,161.581,1,25,1298,1096
3993,53147192,53112672,76.256,1,25,1298,1141
3994,53147192,53147299,253.624,1,25,1298,1300
3995,53147251,53127718,102.499,1,25,1299,1238
3996,53147251,53154690,51.145,1,25,1299,1321
3997,53147251,267632083,203.449,1,25,1299,1663
3998,53147299,53059204,242.431,1,25,1300,565
3999,53147299,53119366,131.395,1,25,1300,1193
4000,53147299,53147192,253.624,1,25,1300,1298
4001,53147743,35719109,198.065,1,25,1301,5
4002,53147743,35719172,149.694,1,25,1301,8
4003,53147743,11374955260,19.473,1,25,1301,2113
4004,53147998,53027395,45.383,1,25,1302,159
4005,53147998,53140596,110.438,1,25,1302,1282
4006,53147998,57121461,187.837,1,25,1302,1347
4007,53148316,53055202,106.743,1,25,1303,473
4008,53148316,53107080,103.656,1,25,1303,1100
4009,53148316,53148317,163.448,1,25,1303,1304
4010,53148316,14074301567,186.634,1,25,1303,2143
4011,53148317,52980624,105.951,1,25,1304,19
4012,53148317,53021367,131.387,1,25,1304,123
4013,53148317,53148316,163.448,1,25,1304,1303
4014,53148317,1954677977,24.692,1,25,1304,1929
4015,53148825,53047986,69.139,1,25,1305,394
4016,53148825,53058048,93.207,1,25,1305,533
4017,53148825,53082306,80.009,1,25,1305,843
4018,53148825,53137844,100.65,1,25,1305,1272
4019,53148832,53095459,103.038,1,25,1306,1018
4020,53148832,53115970,101.389,1,25,1306,1165
4021,53148832,258761345,194.683,1,25,1306,1594
4022,53148832,4228031739,199.144,1,25,1306,2041
4023,53149260,53075887,99.687,1,25,1307,756
4024,53149260,53146430,201.122,1,25,1307,1295
4025,53149260,59794830,14.147,1,25,1307,1361
4026,53149300,53035083,195.418,1,25,1308,253
4027,53149300,53063945,68.648,1,25,1308,649
4028,53149300,53075875,448.712,1,25,1308,751
4029,53149300,262257164,96.691,1,25,1308,1644
4030,53149317,53026099,99.957,1,25,1309,141
4031,53149317,53062886,94.133,1,25,1309,610
4032,53149317,53081605,67.543,1,25,1309,815
4033,53149317,53157267,199.031,1,25,1309,1324
4034,53151362,53047346,76.059,1,25,1310,386
4035,53151362,53156220,109.605,1,25,1310,1323
4036,53151362,56724495,184.411,1,25,1310,1334
4037,53151367,53076868,100.443,1,25,1311,770
4038,53151367,53121252,200.375,1,25,1311,1207
4039,53151367,53152265,201.728,1,25,1311,1314
4040,53151367,288991097,95.435,1,25,1311,1753
4041,53151731,53119512,239.613,1,25,1312,1194
4042,53151746,53089410,46.689,1,25,1313,942
4043,53152265,53063538,297.742,1,25,1314,621
4044,53152265,53076869,100.623,1,25,1314,771
4045,53152265,53151367,201.728,1,25,1314,1311
4046,53152265,53152266,100.138,1,25,1314,1315
4047,53152266,53063541,202.857,1,25,1315,622
4048,53152266,53105811,100.559,1,25,1315,1098
4049,53152266,53152265,100.138,1,25,1315,1314
4050,53152266,288991100,196.535,1,25,1315,1756
4051,53152692,53082191,93.774,1,25,1316,831
4052,53152693,53040927,101.052,1,25,1317,313
4053,53152693,53089413,99.685,1,25,1317,944
4054,53152693,53146424,202.105,1,25,1317,1294
4055,53152991,53082603,62.12,2,25,1318,868
4056,53152991,53082604,73.199,1,25,1318,869
4057,53152991,4330828671,19.301,3,25,1318,2051
4058,53153798,53060168,46.503,1,25,1319,575
4059,53154579,53021348,62.696,1,25,1320,119
4060,53154690,53082163,86.666,1,25,1321,822
4061,53154690,53147251,51.145,1,25,1321,1299
4062,53154694,53082163,115.895,1,25,1322,822
4063,53154694,53082603,91.222,1,25,1322,868
4064,53154694,53127718,156.998,1,25,1322,1238
4065,53154694,407681222,66.479,1,25,1322,1785
4066,53156220,53151362,109.605,1,25,1323,1310
4067,53157267,53062889,108.725,1,25,1324,611
4068,53157267,53080872,262.047,1,25,1324,813
4069,53157267,53149317,199.031,1,25,1324,1309
4070,53157267,4294455620,79.897,1,25,1324,2047
4071,53157488,53133631,54.316,1,25,1325,1265
4072,53157597,53130715,48.718,1,25,1326,1252
4073,53157611,53019123,39.321,1,25,1327,46
4074,53157611,53141404,48.228,1,25,1327,1286
4075,56006367,53058815,67.887,1,25,1328,552
4076,56006367,53072367,113.796,1,25,1328,727
4077,56006372,53058814,93.681,1,25,1329,551
4078,56006372,53058815,68.638,1,25,1329,552
4079,56006372,56006367,114.24,1,24.854848,1329,1328
4080,56006411,56006423,50.211,1,25,1330,1332
4081,56006411,239616908,17.645,1,25,1330,1440
4082,56006420,53056365,124.506,1,20,1331,509
4083,56006420,99323189,7.771,1,25,1331,1396
4084,56006423,53056337,167.508,2,25,1332,508
4085,56006423,239616908,53.803,1,25,1332,1440
4086,56063320,53090190,176.535,3,25,1333,952
4087,56063320,275777737,15.362,1,25,1333,1686
4088,56724495,53151362,184.411,1,25,1334,1310
4089,56819228,53055000,63.485,1,25,1335,455
4090,56819228,53055618,260.821,1,25,1335,493
4091,56819228,53058932,14.446,1,25,1335,556
4092,56819279,56819292,14.665,1,25,1336,1337
4093,56819292,53058932,75.721,1,25,1337,556
4094,56819292,3652928279,18.648,1,25,1337,2023
4095,56837380,53037916,75.242,1,25,1338,281
4096,56837383,53037919,201.817,1,25,1339,282
4097,56837383,53100516,104.964,1,25,1339,1072
4098,56837383,53103280,13.877,1,25,1339,1083
4099,56856544,53042661,89.06,1,25,1340,342
4100,56856544,53116966,110.515,2,25,1340,1172
4101,56856544,240448956,11.776,1,25,1340,1518
4102,57014813,53037932,22.775,1,25,1341,287
4103,57014813,53037936,114.303,1,25,1341,288
4104,57014813,53055629,90.125,1,25,1341,495
4105,57066388,53122849,199.826,2,25,1342,1219
4106,57066388,53146078,201.182,2,25,1342,1293
4107,57066388,57066394,101.07,2,25,1342,1343
4108,57066388,288991103,96.44,2,25,1342,1759
4109,57066394,53050565,200.721,1,25,1343,414
4110,57066394,57066388,101.07,2,25,1343,1342
4111,57066394,10747552205,79.494,2,25,1343,2102
4112,57121262,53082550,80.926,1,25,1344,848
4113,57121262,53098018,55.494,1,25,1344,1041
4114,57121262,165537279,160.696,1,25,1344,1411
4115,57121352,53091854,134.627,1,25,1345,980
4116,57121436,53064875,117.352,1,25,1346,674
4117,57121461,53043835,85.338,1,25,1347,348
4118,57121461,53082176,108.314,1,25,1347,824
4119,57121461,53120665,96.419,1,25,1347,1205
4120,57121461,53147998,187.837,1,25,1347,1302
4121,57635344,53093343,61.769,1,25,1348,997
4122,57650248,53093341,107.959,1,25,1349,996
4123,57650333,53093341,48.039,1,25,1350,996
4124,57650398,53027398,83.481,1,25,1351,161
4125,57650413,53047778,93.634,1,25,1352,393
4126,57823402,57823404,31.453,1,25,1353,1354
4127,57823402,100565574,29.473,1,25,1353,1408
4128,57823404,53037710,10.467,1,25,1354,269
4129,57823404,57823402,31.453,1,25,1354,1353
4130,57823404,100565574,19.223,1,24.854848,1354,1408
4131,58443126,53058047,67.152,1,25,1355,532
4132,58443126,53080391,30.488,1,25,1355,807
4133,58443126,240404730,33.623,1,25,1355,1479
4134,58443169,53070450,203.673,1,25,1356,714
4135,58443169,53076852,85.787,1,25,1356,763
4136,58443169,53082187,12.372,1,25,1356,828
4137,58443246,53019160,88.621,1,25,1357,62
4138,58443246,53019161,10.541,1,25,1357,63
4139,58443246,53086956,261.498,1,25,1357,930
4140,58443326,53072364,46.709,1,25,1358,725
4141,58443326,53072365,67.002,1,25,1358,726
4142,58443326,58443354,52.553,1,25,1358,1360
4143,58443340,53086956,46.727,1,25,1359,930
4144,58443340,58443326,42.475,1,25,1359,1358
4145,58443354,53072364,47.142,1,25,1360,725
4146,59794830,53059195,86.066,1,25,1361,562
4147,59794830,53062885,94.463,1,25,1361,609
4148,59794830,53149260,14.147,1,25,1361,1307
4149,59794905,53119366,179.088,1,25,1362,1193
4150,59805973,53021367,97.096,1,25,1363,123
4151,59805973,59805976,22.237,1,25,1363,1364
4152,59805973,239501153,20.651,1,25,1363,1436
4153,59805976,59805973,22.237,1,25,1364,1363
4154,59805976,239501108,60.27,1,25,1364,1434
4155,59942347,53021348,74.719,1,25,1365,119
4156,59942347,53055700,265.081,1,25,1365,500
4157,59942347,53094210,184.628,1,25,1365,1012
4158,59942427,53082219,124.963,1,25,1366,842
4159,59942451,262084310,10.921,1,15,1367,1640
4160,59942451,269301167,62.941,1,15,1367,1678
4161,73991078,53047303,18.015,1,25,1368,368
4162,73991078,53047304,50.575,1,25,1368,369
4163,73991078,74021994,48.988,1,25,1368,1369
4164,74021994,53082555,12.209,1,25,1369,850
4165,74021994,53103725,156.824,1,25,1369,1086
4166,74021994,73991078,48.988,1,25,1369,1368
4167,74191172,53117353,142.248,2,24.854848,1370,1181
4168,74261353,53055367,23.741,1,25,1371,475
4169,74261393,53055157,164.619,1,25,1372,457
4170,74261393,53112061,134.874,1,25,1372,1138
4171,74261439,53055155,52.631,1,24.854848,1373,456
4172,74261439,9441350540,52.938,1,24.854848,1373,2077
4173,74261455,53055157,78.44,1,25,1374,457
4174,74261455,9441350544,24.82,1,25,1374,2078
4175,86276538,53107623,272.053,1,35,1375,1102
4176,86276538,367287636,49.81,1,35,1375,1773
4177,86276581,4213510998,383.141,2,24.854848,1376,2036
4178,86333115,53064847,25.393,1,24.854848,1377,663
4179,86333115,1288362453,578.932,2,24.854848,1377,1805
4180,86333300,53091888,536.059,1,35,1378,989
4181,86333300,240448853,14.839,2,35,1378,1490
4182,86333300,290106037,58.607,2,35,1378,1761
4183,87358434,53021415,116.291,1,25,1379,125
4184,87358434,9826671826,460.82,1,25,1379,2088
4185,88315081,53070092,12.816,1,25,1380,700
4186,88315081,53070094,193.628,1,25,1380,701
4187,88315081,53099155,67.938,1,25,1380,1054
4188,88553044,53005793,212.952,1,25,1381,35
4189,88553044,53077224,27.584,1,25,1381,779
4190,88553044,88553055,30.116,1,25,1381,1382
4191,88553055,53054244,34.293,1,25,1382,447
4192,88553055,53077224,42.794,1,25,1382,779
4193,88553055,88553044,30.116,1,25,1382,1381
4194,92047993,53082594,50.545,1,25,1383,863
4195,92047994,53082595,38.54,1,25,1384,864
4196,92773135,53088590,8.288,1,25,1385,937
4197,92773135,5106682767,32.746,1,25,1385,2057
4198,92951404,53066183,88.024,1,25,1386,683
4199,92951404,53068394,100.66,1,25,1386,689
4200,92951404,53126429,197.848,1,25,1386,1236
4201,92951404,1762740362,99.066,1,25,1386,1817
4202,92951582,92951597,19.618,1,25,1387,1388
4203,92951597,92951582,19.618,1,25,1388,1387
4204,92951597,275777736,78.298,1,25,1388,1685
4205,93169617,53061321,393.178,1,25,1389,598
4206,93169617,53099580,30.334,1,25,1389,1068
4207,93169617,53099582,103.692,1,25,1389,1069
4208,98461043,53075819,192.901,1,25,1390,742
4209,99278653,53068625,42.801,1,25,1391,690
4210,99278653,99278672,130.355,1,25,1391,1392
4211,99278653,258766924,154.447,1,25,1391,1598
4212,99278672,53068625,87.536,1,25,1392,690
4213,99295327,99295338,290.252,1,25,1393,1394
4214,99295327,99333173,71.149,1,25,1393,1404
4215,99295338,53060166,96.64,1,25,1394,574
4216,99295338,99295327,297.303,1,25,1394,1393
4217,99311604,53078342,226.099,1,25,1395,790
4218,99311604,99332949,72.453,1,25,1395,1399
4219,99311604,3137856585,36.167,1,25,1395,2011
4220,99323189,237136370,38.994,1,25,1396,1425
4221,99323189,3652943780,7.338,1,25,1396,2024
4222,99323240,99332949,55.801,1,25,1397,1399
4223,99323240,360532247,14.445,1,25,1397,1769
4224,99323492,53049927,8.627,1,25,1398,411
4225,99323492,99323240,105.026,1,25,1398,1397
4226,99332949,99311604,72.453,1,25,1399,1395
4227,99332949,99333031,335.939,1,25,1399,1400
4228,99333031,53086191,9.731,1,25,1400,925
4229,99333031,14091213717,193.234,1,25,1400,2144
4230,99333110,53086184,10.889,1,25,1401,923
4231,99333110,53095684,67.128,1,25,1401,1019
4232,99333110,99333139,195.721,1,25,1401,1402
4233,99333139,53086181,9.23,1,25,1402,922
4234,99333139,53110543,74.478,1,25,1402,1117
4235,99333139,99333151,75.488,1,25,1402,1403
4236,99333151,53110559,312,1,25,1403,1118
4237,99333151,99333173,220.527,1,25,1403,1404
4238,99333173,99295327,71.149,1,25,1404,1393
4239,100526670,53048210,141.86,1,25,1405,399
4240,100526670,53048217,258.787,1,25,1405,400
4241,100526670,53057625,154.949,1,25,1405,530
4242,100548476,53033506,151.553,1,25,1406,246
4243,100548476,53062745,484.025,1,25,1406,608
4244,100548476,53063951,227.201,1,25,1406,650
4245,100548657,53105549,87.762,1,25,1407,1096
4246,100548657,262257164,312.943,1,25,1407,1644
4247,100565574,57823402,29.473,1,25,1408,1353
4248,100565574,57823404,19.223,1,24.854848,1408,1354
4249,100565801,53119514,242.446,1,25,1409,1195
4250,100565801,269109131,166.697,1,25,1409,1671
4251,140423997,2443760109,79.99,1,25,1410,1986
4252,165537279,53047301,78.504,1,25,1411,367
4253,165537279,53098015,213.072,1,25,1411,1040
4254,165537279,57121262,160.696,1,25,1411,1344
4255,165537287,53129599,221.436,1,25,1412,1242
4256,165537287,394205843,143.837,1,25,1412,1780
4257,165537287,2205390314,73.831,1,25,1412,1963
4258,165560129,53028332,64.392,2,25,1413,168
4259,165560129,3125358054,8.593,1,25,1413,2007
4260,165562097,275792224,39.084,1,25,1414,1709
4261,165562097,2820169740,168.409,1,25,1414,1995
4262,221403770,53099165,252.812,1,25,1415,1060
4263,221406324,53070069,19.344,1,25,1416,694
4264,221406324,1968181922,437.752,1,25,1416,1931
4265,221408534,53055678,150.203,1,25,1417,497
4266,221408534,267638335,13.313,1,25,1417,1670
4267,221411794,53118700,103.985,1,25,1418,1187
4268,230851843,53079153,49.931,1,25,1419,801
4269,230899740,53020977,47.143,2,25,1420,107
4270,230899740,11504374372,70.992,1,25,1420,2115
4271,231099810,53029024,48.264,1,25,1421,172
4272,231099810,53064868,31.852,1,25,1421,672
4273,231099810,53064872,32.138,1,25,1421,673
4274,234653238,53124035,74.215,2,25,1422,1227
4275,237133573,53055200,123.177,1,25,1423,472
4276,237133573,53055202,57.727,2,25,1423,473
4277,237134303,53048389,171.445,1,24.854848,1424,404
4278,237134303,260908806,64.868,1,24.854848,1424,1622
4279,237136370,53061195,143.738,1,25,1425,597
4280,237136370,99323189,38.994,1,25,1425,1396
4281,237136370,99323492,361.33,1,25,1425,1398
4282,239500922,53075885,198.079,1,25,1426,755
4283,239500922,239500928,8.104,1,25,1426,1427
4284,239500928,53115327,94.94,1,25,1427,1157
4285,239500928,239500939,7.27,1,25,1427,1428
4286,239500939,53075887,196.548,1,25,1428,756
4287,239500939,239500944,7.568,1,25,1428,1429
4288,239500944,53146430,95.514,1,25,1429,1295
4289,239500944,239500922,7.371,1,25,1429,1426
4290,239500951,239501031,63.705,1,25,1430,1431
4291,239500951,239501052,49.121,1,25,1430,1432
4292,239500951,258757158,51.879,1,25,1430,1585
4293,239501031,239500951,63.705,1,25,1431,1430
4294,239501052,53091828,106.042,1,25,1432,971
4295,239501052,59805976,144.002,1,25,1432,1364
4296,239501052,239500951,49.121,1,25,1432,1430
4297,239501066,53021359,137.246,1,25,1433,122
4298,239501066,53062889,102.69,1,25,1433,611
4299,239501066,258757158,9.996,1,25,1433,1585
4300,239501108,59805976,60.27,1,25,1434,1364
4301,239501147,53107081,36.533,1,25,1435,1101
4302,239501147,239501153,87.636,1,25,1435,1436
4303,239501153,59805973,20.651,1,25,1436,1363
4304,239501153,239501147,87.809,1,25,1436,1435
4305,239511746,53062885,67.062,1,25,1437,609
4306,239511746,53075888,129.459,1,25,1437,757
4307,239511746,53091823,22.462,1,25,1437,969
4308,239616707,53122838,66.637,1,25,1438,1214
4309,239616902,53019173,26.421,1,25,1439,69
4310,239616902,261736143,19.139,1,24.854848,1439,1633
4311,239616902,266711629,163.722,1,25,1439,1648
4312,239616908,53089076,20.42,1,25,1440,939
4313,239616920,56006411,4.818,1,25,1441,1330
4314,239616933,53059841,8.732,1,25,1442,566
4315,239616933,239616991,201.073,2,25,1442,1447
4316,239616946,53059863,29.259,1,25,1443,568
4317,239616946,239617045,33.078,3,25,1443,1453
4318,239616956,53093347,205.821,1,25,1444,1000
4319,239616956,53093350,9.689,1,25,1444,1001
4320,239616956,239616965,103.419,3,25,1444,1445
4321,239616965,53042665,94.705,3,25,1445,344
4322,239616965,53055191,101.791,2,25,1445,467
4323,239616965,53055193,10.231,2,25,1445,468
4324,239616976,239617031,82.121,3,25,1446,1452
4325,239616991,53059845,10.251,1,25,1447,567
4326,239616991,53122842,87.341,1,25,1447,1215
4327,239616991,239616946,174.34,2,25,1447,1443
4328,239617010,53091865,203.112,1,25,1448,985
4329,239617010,53091866,10.026,1,25,1448,986
4330,239617010,239617017,100.829,2,25,1448,1449
4331,239617017,53072262,201.679,1,25,1449,721
4332,239617017,53072264,9.674,1,25,1449,722
4333,239617017,239616956,100.937,2,25,1449,1444
4334,239617021,53096087,9.571,1,25,1450,1028
4335,239617021,53122845,202.557,1,25,1450,1218
4336,239617021,239617010,99.513,3,25,1450,1448
4337,239617025,53059866,101.146,2,25,1451,570
4338,239617025,53096090,10.045,1,25,1451,1029
4339,239617025,239617021,103.3,2,25,1451,1450
4340,239617031,53059864,101.078,1,25,1452,569
4341,239617031,53096092,10.157,1,25,1452,1030
4342,239617031,239617025,201.937,3,25,1452,1451
4343,239617045,53059863,18.855,1,25,1453,568
4344,239617045,53082203,17.422,1,25,1453,836
4345,239617045,239616976,139.282,2,25,1453,1446
4346,239669144,53095440,40.897,2,25,1454,1015
4347,239669144,239616933,49.829,2,25,1454,1442
4348,239669179,53096073,153.99,2,25,1455,1023
4349,239669179,53103803,100.825,2,25,1455,1089
4350,239669186,53050570,163.357,1,25,1456,416
4351,239669186,53050572,11.743,1,25,1456,417
4352,239669186,239669201,104.745,2,25,1456,1457
4353,239669201,53096078,180.664,1,25,1457,1025
4354,239669201,53115350,9.29,1,25,1457,1160
4355,239669201,239669244,112.435,2,25,1457,1458
4356,239669244,53096076,138.347,1,25,1458,1024
4357,239669244,53124035,7.751,1,25,1458,1227
4358,239669244,239669179,100.657,2,25,1458,1455
4359,239669259,53116974,63.729,2,25,1459,1173
4360,239669259,240448964,8.488,2,25,1459,1522
4361,239669267,53042667,71.21,1,24.854848,1460,345
4362,239669267,53042670,11.808,1,24.854848,1460,346
4363,239669267,239669259,98.233,4,25,1460,1459
4364,239669302,53124036,33.234,2,25,1461,1228
4365,239669302,234653238,42.965,1,24.854848,1461,1422
4366,239669366,53096101,38.024,1,25,1462,1033
4367,239669366,53138890,65.143,1,25,1462,1277
4368,239669366,53138895,115.492,1,25,1462,1278
4369,239669469,53019168,49.079,1,25,1463,66
4370,239669469,53074450,32.096,1,25,1463,738
4371,239669469,261736221,38.878,1,25,1463,1635
4372,239669505,53019172,116.351,2,25,1464,68
4373,239669505,53019173,47.48,2,25,1464,69
4374,239669505,53119344,64.333,2,25,1464,1192
4375,239715475,53056335,52.395,2,25,1465,506
4376,239715475,239715494,38.207,1,25,1465,1466
4377,239715494,53056336,48.866,2,25,1466,507
4378,239715494,4168241886,64.529,1,25,1466,2035
4379,240404657,53047772,107.719,1,25,1467,392
4380,240404660,53050607,13.893,1,25,1468,424
4381,240404660,53055179,185.887,1,25,1468,461
4382,240404660,240404674,100.925,3,30,1468,1470
4383,240404664,53050599,13.649,1,25,1469,420
4384,240404664,53058048,92.753,1,25,1469,533
4385,240404664,240404715,195.024,2,30,1469,1478
4386,240404674,53050606,13.572,1,25,1470,423
4387,240404674,240404690,102.411,2,30,1470,1474
4388,240404677,53050608,13.839,1,25,1471,425
4389,240404677,240404660,28.769,2,30,1471,1468
4390,240404682,53050611,12.474,2,25,1472,426
4391,240404682,240404686,93.436,2,30,1472,1473
4392,240404686,53042650,17.538,1,25,1473,337
4393,240404686,53042652,185.137,1,25,1473,338
4394,240404686,240404677,66.098,2,30,1473,1471
4395,240404690,53072254,102.442,1,25,1474,716
4396,240404690,240404695,99.912,3,30,1474,1475
4397,240404695,53050603,13.697,1,25,1475,422
4398,240404695,53091681,103.053,1,25,1475,966
4399,240404695,240404700,101.634,2,30,1475,1476
4400,240404700,53050601,15.381,1,25,1476,421
4401,240404700,53137844,185.788,1,25,1476,1272
4402,240404700,240404664,101.561,2,30,1476,1469
4403,240404706,53050596,16.221,1,25,1477,419
4404,240404706,53058046,95.823,1,25,1477,531
4405,240404715,53050596,55.884,2,30,1478,419
4406,240404715,240404706,59.679,1,25,1478,1477
4407,240404730,53047986,60.57,1,25,1479,394
4408,240404730,53080391,32.114,1,25,1479,807
4409,240404734,53076864,60.071,1,25,1480,768
4410,240404751,53093346,55.852,1,25,1481,999
4411,240404758,53055187,30.048,1,25,1482,465
4412,240448780,53114437,81.419,1,25,1483,1154
4413,240448794,12012924389,20.982,1,24.854848,1484,2130
4414,240448799,53125299,148.033,1,35,1485,1231
4415,240448799,240448794,41.731,1,35,1485,1484
4416,240448811,52987320,425.582,3,30,1486,22
4417,240448811,2065927930,65.566,1,24.854848,1486,1948
4418,240448827,240448831,96.094,1,24.854848,1487,1488
4419,240448827,1659965185,26.202,1,35,1487,1812
4420,240448831,53046995,1003.358,1,25,1488,362
4421,240448831,1659965185,97.722,1,24.854848,1488,1812
4422,240448833,9826671818,26.417,1,35,1489,2085
4423,240448833,11006910225,85.448,2,35,1489,2108
4424,240448853,53011315,1953.156,2,35,1490,42
4425,240448853,86333300,14.839,2,35,1490,1378
4426,240448853,1635557748,39.799,2,35,1490,1810
4427,240448872,53029731,11.495,1,25,1491,193
4428,240448872,53029733,140.201,2,25,1491,194
4429,240448872,240448874,95.404,2,25,1491,1492
4430,240448874,53116948,11.84,1,25,1492,1166
4431,240448874,53121264,140.662,1,25,1492,1210
4432,240448874,240448876,100.566,3,25,1492,1493
4433,240448876,53098219,12.098,1,25,1493,1046
4434,240448876,53098222,140.612,1,25,1493,1047
4435,240448876,240448878,100.433,3,25,1493,1494
4436,240448878,53055566,12.087,1,25,1494,491
4437,240448878,240448880,100.218,3,25,1494,1495
4438,240448878,1762740918,134.128,1,25,1494,1922
4439,240448880,53030280,12.34,1,25,1495,199
4440,240448880,53030281,140.919,1,25,1495,200
4441,240448880,240448882,100.684,3,25,1495,1496
4442,240448882,53121268,141.878,2,30,1496,1211
4443,240448882,243673125,10.546,2,25,1496,1573
4444,240448884,53029041,12.235,1,25,1497,179
4445,240448884,53029042,102.037,1,25,1497,180
4446,240448884,2045090201,129.058,3,25,1497,1945
4447,240448886,53093985,11.47,1,25,1498,1007
4448,240448886,53093987,103.118,1,25,1498,1008
4449,240448886,240448888,287.492,3,25,1498,1499
4450,240448888,53047340,12.628,1,25,1499,383
4451,240448888,53047341,102.181,1,25,1499,384
4452,240448888,240448890,198.994,3,25,1499,1500
4453,240448890,53050612,102.588,2,30,1500,427
4454,240448890,240469798,13.136,2,25,1500,1547
4455,240448893,53116958,11.438,1,25,1501,1169
4456,240448893,240448895,108.863,2,25,1501,1502
4457,240448893,258761338,98.299,1,25,1501,1587
4458,240448895,53115964,11.464,1,25,1502,1162
4459,240448895,53115965,102.898,1,25,1502,1163
4460,240448895,240448897,92.32,3,25,1502,1503
4461,240448897,53076866,11.948,1,25,1503,769
4462,240448897,240448899,200.214,2,25,1503,1504
4463,240448897,283296753,97.907,1,25,1503,1728
4464,240448899,53116961,12.277,1,25,1504,1170
4465,240448899,53116963,203.555,3,25,1504,1171
4466,240448899,288991094,96.83,1,25,1504,1750
4467,240448903,240448872,38.535,3,25,1505,1491
4468,240448914,240448924,225.924,1,25,1506,1509
4469,240448914,240448938,9.853,1,25,1506,1516
4470,240448916,53030349,195.808,1,25,1507,213
4471,240448916,240448914,10.487,1,25,1507,1506
4472,240448922,53055166,94.186,1,25,1508,459
4473,240448922,240448928,8.934,1,25,1508,1511
4474,240448924,240448914,225.924,1,25,1509,1506
4475,240448924,240448922,9.747,1,25,1509,1508
4476,240448926,53030351,93.713,1,25,1510,214
4477,240448926,240448924,9.614,1,25,1510,1509
4478,240448928,53055566,140.964,1,25,1511,491
4479,240448928,240448926,9.058,1,25,1511,1510
4480,240448930,53029730,89.737,1,25,1512,192
4481,240448930,240448936,8.7,1,25,1512,1515
4482,240448932,53093329,137.808,1,25,1513,991
4483,240448932,240448930,8.694,1,25,1513,1512
4484,240448934,53055166,95.127,1,25,1514,459
4485,240448934,240448932,8.616,1,25,1514,1513
4486,240448936,53116948,141.308,1,25,1515,1166
4487,240448936,240448934,9.236,1,25,1515,1514
4488,240448938,53030351,137.667,1,25,1516,214
4489,240448938,53093333,9.66,1,25,1516,993
4490,240448949,53021415,32.55,1,24.854848,1517,125
4491,240448949,53091726,345.772,1,24.854848,1517,968
4492,240448949,87358434,122.124,1,25,1517,1379
4493,240448956,53121257,104.364,1,25,1518,1209
4494,240448956,56856544,11.776,1,25,1518,1340
4495,240448956,240448958,205.871,3,25,1518,1519
4496,240448958,53096083,103.54,2,25,1519,1026
4497,240448958,53096084,10.186,1,25,1519,1027
4498,240448958,240448960,52.707,2,25,1519,1520
4499,240448960,53096120,10.127,3,25,1520,1036
4500,240448960,240448962,84.58,2,25,1520,1521
4501,240448962,53116974,9.649,1,25,1521,1173
4502,240448962,240448964,63.692,2,25,1521,1522
4503,240448964,53115332,13.51,2,25,1522,1159
4504,240448964,4305376805,104.397,2,25,1522,2049
4505,240448966,53116966,74.528,1,25,1523,1172
4506,240448968,53019122,11.156,1,25,1524,45
4507,240448968,53157611,31.2,1,25,1524,1327
4508,240448968,243673140,134.896,2,30,1524,1578
4509,240448980,240448983,9.047,1,25,1525,1526
4510,240448980,10593597339,14.59,1,25,1525,2100
4511,240448983,53107642,74.036,1,25,1526,1108
4512,240448983,1789060655,5.637,1,25,1526,1924
4513,240469490,53050612,14.287,1,25,1527,427
4514,240469490,53095457,82.914,1,25,1527,1016
4515,240469490,240469798,102.174,3,30,1527,1547
4516,240469495,53050615,15.427,1,25,1528,429
4517,240469495,53095459,84.604,1,25,1528,1018
4518,240469495,240469679,176.085,2,30,1528,1536
4519,240469512,53050623,13.276,1,25,1529,433
4520,240469512,53079139,185.85,1,25,1529,794
4521,240469512,240469619,99.017,2,30,1529,1532
4522,240469515,53050627,13.447,1,25,1530,435
4523,240469515,53129609,185.968,1,25,1530,1244
4524,240469515,240469696,101.152,3,30,1530,1538
4525,240469532,53050642,11.796,1,25,1531,444
4526,240469532,53126429,166.129,1,25,1531,1236
4527,240469532,240469707,104.241,2,30,1531,1544
4528,240469619,53050621,13.298,1,25,1532,432
4529,240469619,240469785,100.006,2,30,1532,1546
4530,240469619,283296762,180.667,1,25,1532,1734
4531,240469624,53037895,13.455,1,25,1533,272
4532,240469624,53037897,186.414,1,25,1533,273
4533,240469624,240469515,100.867,2,30,1533,1530
4534,240469627,53050629,12.133,1,25,1534,437
4535,240469627,240469698,126.145,3,30,1534,1539
4536,240469627,283296771,182.377,1,25,1534,1743
4537,240469629,53125113,181.323,1,25,1535,1230
4538,240469629,240469627,83.164,3,30,1535,1534
4539,240469679,53050613,15.575,1,25,1536,428
4540,240469679,53095458,85.769,1,25,1536,1017
4541,240469679,240469490,227.026,2,30,1536,1527
4542,240469682,53020955,13.694,1,25,1537,93
4543,240469682,53020957,84.09,1,25,1537,94
4544,240469682,240469773,202.256,2,30,1537,1545
4545,240469696,53050625,13.25,1,25,1538,434
4546,240469696,240469512,99.174,2,30,1538,1529
4547,240469696,283296781,180.821,1,25,1538,1746
4548,240469698,53050628,12.479,1,25,1539,436
4549,240469698,240469624,100.372,2,30,1539,1533
4550,240469698,283296775,181.544,1,25,1539,1744
4551,240469700,53050633,11.599,2,25,1540,438
4552,240469700,53117380,179.272,2,25,1540,1185
4553,240469700,240469629,100.392,2,30,1540,1535
4554,240469701,53039454,101.789,2,30,1541,294
4555,240469701,53050634,11.613,1,25,1541,439
4556,240469701,1762740523,170.072,1,25,1541,1849
4557,240469703,53050637,11.495,1,25,1542,441
4558,240469703,240469701,99.101,2,30,1542,1541
4559,240469703,1762740465,168.192,1,25,1542,1838
4560,240469705,53050641,11.875,1,25,1543,443
4561,240469705,283296748,80.818,3,30,1543,1727
4562,240469705,1762740407,165.227,1,25,1543,1826
4563,240469707,53024607,11.737,1,25,1544,133
4564,240469707,240469705,98.9,3,30,1544,1543
4565,240469707,1762740351,162.892,1,25,1544,1815
4566,240469773,53050617,15.507,1,25,1545,430
4567,240469773,53063533,85.142,1,25,1545,619
4568,240469773,240469495,202.828,2,30,1545,1528
4569,240469785,53050619,14.349,1,25,1546,431
4570,240469785,53082735,192.165,1,25,1546,872
4571,240469785,240469682,98.504,3,30,1546,1537
4572,240469798,240404682,11.991,1,30,1547,1472
4573,240469798,240448893,185.903,3,25,1547,1501
4574,243670952,53130832,125.341,2,30,1548,1256
4575,243670956,53085639,11.612,1,25,1549,918
4576,243670956,243673103,101.061,2,30,1549,1564
4577,243670956,2205390412,263.933,2,25,1549,1968
4578,243670962,53029038,250.775,1,25,1550,178
4579,243670962,53055171,11.949,1,25,1550,460
4580,243670962,243673133,145.978,3,30,1550,1575
4581,243673080,53104533,407.101,1,25,1551,1092
4582,243673080,53109969,11.211,1,25,1551,1113
4583,243673080,2644106915,50.89,3,30,1551,1988
4584,243673081,53119692,259.736,1,25,1552,1202
4585,243673081,243673082,91.45,3,30,1552,1553
4586,243673082,53117370,11.28,2,25,1553,1183
4587,243673082,53117372,262.776,2,25,1553,1184
4588,243673082,243673084,97.067,2,30,1553,1554
4589,243673084,53125563,11.533,1,25,1554,1233
4590,243673084,243673085,70.598,2,30,1554,1555
4591,243673084,4649468731,37.636,1,25,1554,2055
4592,243673085,53082546,69.833,1,25,1555,846
4593,243673085,243673087,89.997,3,30,1555,1556
4594,243673087,53108749,10.96,1,24.854848,1556,1112
4595,243673087,243673088,60.555,2,30,1556,1557
4596,243673088,53064691,11.682,1,25,1557,661
4597,243673088,53064692,81.218,1,25,1557,662
4598,243673088,243673089,148.928,3,30,1557,1558
4599,243673089,53093983,12.22,1,25,1558,1006
4600,243673089,243673091,72.735,2,30,1558,1559
4601,243673091,53112283,97.607,1,25,1559,1139
4602,243673091,53129594,12.208,1,25,1559,1240
4603,243673091,243673093,39.969,2,30,1559,1560
4604,243673093,53100804,12.152,1,25,1560,1077
4605,243673093,243673096,50.502,2,30,1560,1561
4606,243673096,53111881,11.768,1,25,1561,1128
4607,243673096,53111882,157.269,1,25,1561,1129
4608,243673096,243673098,48.407,3,30,1561,1562
4609,243673098,53079164,11.293,1,25,1562,805
4610,243673098,243673100,51.017,2,30,1562,1563
4611,243673100,53079132,11.047,1,25,1563,792
4612,243673100,243670956,98.455,3,30,1563,1549
4613,243673100,2205390399,161.548,1,25,1563,1966
4614,243673103,53082730,11.575,1,25,1564,870
4615,243673103,243673105,97.944,3,30,1564,1565
4616,243673103,2205390523,178.358,1,25,1564,1974
4617,243673105,53020933,11.455,1,25,1565,81
4618,243673105,53020935,66.012,1,25,1565,82
4619,243673105,243673107,202.143,2,30,1565,1566
4620,243673107,53063521,11.096,1,25,1566,614
4621,243673107,53063523,84.445,1,25,1566,615
4622,243673107,243673110,90.183,2,30,1566,1567
4623,243673110,53029047,169.457,1,25,1567,183
4624,243673110,53130822,11.086,1,25,1567,1253
4625,243673110,243673112,112.286,3,30,1567,1568
4626,243673112,53113658,87.459,1,25,1568,1147
4627,243673112,53130824,10.951,1,25,1568,1254
4628,243673112,243673115,201.745,3,30,1568,1569
4629,243673115,53113657,105.211,1,25,1569,1146
4630,243673115,53130826,10.65,1,25,1569,1255
4631,243673115,243673117,100.438,2,30,1569,1570
4632,243673117,53105539,11.655,1,25,1570,1094
4633,243673117,53105540,113.762,1,25,1570,1095
4634,243673117,243673120,65.39,3,30,1570,1571
4635,243673120,53121268,11.053,1,25,1571,1211
4636,243673120,243673123,36.593,2,30,1571,1572
4637,243673123,53113655,123.73,1,25,1572,1145
4638,243673123,243673125,104.514,3,30,1572,1573
4639,243673125,240448884,225.629,3,25,1573,1497
4640,243673125,243673129,10.211,2,30,1573,1574
4641,243673129,53116953,10.151,2,25,1574,1167
4642,243673129,243670962,145.314,3,30,1574,1550
4643,243673133,53029037,274.148,1,25,1575,177
4644,243673133,53093336,10.997,1,25,1575,994
4645,243673133,243673135,102.581,2,30,1575,1576
4646,243673135,53029036,290.382,1,25,1576,176
4647,243673135,53072267,11.253,1,25,1576,723
4648,243673135,243673137,99.811,2,30,1576,1577
4649,243673137,53091844,11.271,1,25,1577,976
4650,243673137,53091846,78.654,1,25,1577,977
4651,243673137,240448968,202.78,3,30,1577,1524
4652,243673140,53060272,11.338,1,25,1578,582
4653,243673140,53060274,78.124,1,25,1578,583
4654,243673140,243673142,134.01,2,30,1578,1579
4655,243673142,53107633,11.445,1,25,1579,1106
4656,243673142,53107634,78.263,1,25,1579,1107
4657,243673142,243673144,136.466,3,30,1579,1580
4658,243673144,53027130,10.807,1,25,1580,153
4659,243673144,53027131,77.988,1,25,1580,154
4660,243673144,243673147,200.067,3,30,1580,1581
4661,243673147,53064862,11.037,1,25,1581,669
4662,243673147,53064864,77.994,1,25,1581,670
4663,243673147,243673149,204.411,3,30,1581,1582
4664,243673149,53130832,11.685,1,25,1582,1256
4665,243673149,53141400,77.162,1,25,1582,1285
4666,243673149,243670952,126.149,3,30,1582,1548
4667,247367166,53090188,113.817,2,25,1583,950
4668,247367166,275782481,19.86,2,25,1583,1699
4669,249237231,53122843,177.705,1,25,1584,1216
4670,249237231,53122844,23.535,1,25,1584,1217
4671,258757158,239500951,51.879,1,25,1585,1430
4672,258757158,239501066,9.996,1,25,1585,1433
4673,258757158,408726584,96.735,1,25,1585,1786
4674,258758045,240448903,408.981,3,30,1586,1505
4675,258761338,240448893,98.299,1,25,1587,1501
4676,258761338,258761339,7.869,1,25,1587,1588
4677,258761339,53095457,98.035,1,25,1588,1016
4678,258761339,258761340,8.609,1,25,1588,1589
4679,258761340,258761341,8.877,1,25,1589,1590
4680,258761340,258761342,190.933,1,25,1589,1591
4681,258761341,53115965,102.555,1,25,1590,1163
4682,258761341,258761338,7.202,1,25,1590,1587
4683,258761342,258761340,190.933,1,25,1591,1589
4684,258761342,258761343,9.953,1,25,1591,1592
4685,258761343,53095458,99.772,1,25,1592,1017
4686,258761343,258761345,7.042,1,25,1592,1594
4687,258761344,53115969,96.154,1,25,1593,1164
4688,258761344,258761342,7.601,1,25,1593,1591
4689,258761345,53148832,194.683,1,25,1594,1306
4690,258761345,258761344,9.359,1,25,1594,1593
4691,258761353,53029037,130.024,1,25,1595,177
4692,258761353,53029038,16.537,1,25,1595,178
4693,258761353,258761361,125.268,1,25,1595,1597
4694,258761358,53093337,124.33,1,25,1596,995
4695,258761358,258761361,9.174,1,25,1596,1597
4696,258761361,258761353,125.268,1,25,1597,1595
4697,258761361,2045090205,8.534,1,25,1597,1946
4698,258766924,53068629,137.905,1,25,1598,691
4699,258766924,99278653,154.447,1,25,1598,1391
4700,258769192,53058576,83.167,1,25,1599,534
4701,258769192,53058577,13.852,1,25,1599,535
4702,258884723,283296760,61.29,1,25,1600,1732
4703,258884723,1762740812,136.464,1,25,1600,1906
4704,258895312,53083162,156.968,1,25,1601,887
4705,258895312,53133624,83.666,1,25,1601,1263
4706,258895312,258895327,158.352,1,25,1601,1602
4707,258895327,53055700,143.316,1,25,1602,500
4708,258895327,53094210,324.569,1,25,1602,1012
4709,258895327,258895312,158.352,1,25,1602,1601
4710,259581492,53096064,14.095,1,25,1603,1021
4711,259581492,53111888,206.125,1,25,1603,1132
4712,259581492,275780457,67.248,3,25,1603,1692
4713,259581493,53079144,216.716,1,25,1604,797
4714,259581493,53079145,11.466,1,25,1604,798
4715,259581493,259581492,102.252,3,25,1604,1603
4716,259581494,53085612,215.942,1,25,1605,907
4717,259581494,53085614,11.819,1,25,1605,908
4718,259581494,259581493,100.711,3,25,1605,1604
4719,259581495,53082741,215.793,1,25,1606,875
4720,259581495,53082742,11.537,1,25,1606,876
4721,259581495,259581494,101.541,3,25,1606,1605
4722,259581496,53020970,11.252,2,25,1607,103
4723,259581496,259581495,101.465,3,25,1607,1606
4724,259581497,53041083,213.864,2,25,1608,317
4725,259581497,259581496,101.439,3,25,1608,1607
4726,259581498,53063547,214.363,1,25,1609,625
4727,259581498,53063548,11.594,1,25,1609,626
4728,259581498,259581497,100.546,2,25,1609,1608
4729,259581499,53096071,11.534,1,25,1610,1022
4730,259581499,53103802,214.488,1,25,1610,1088
4731,259581499,259581498,101.09,3,25,1610,1609
4732,259581500,53122851,214.316,1,25,1611,1221
4733,259581500,259581499,101.293,3,25,1611,1610
4734,259581501,53096076,12.008,1,25,1612,1024
4735,259581501,53113776,105.267,1,25,1612,1149
4736,259581501,259581500,99.713,2,25,1612,1611
4737,259581502,53096078,12.887,1,25,1613,1025
4738,259581502,53113774,114.015,1,25,1613,1148
4739,259581502,259581501,100.741,3,25,1613,1612
4740,260541178,53050568,38.202,2,25,1614,415
4741,260541178,53050570,38.231,2,25,1614,416
4742,260577507,53020950,91.405,1,25,1615,90
4743,260577507,260577508,9.32,1,25,1615,1616
4744,260577508,53082733,194.168,1,25,1616,871
4745,260577508,260577509,8.615,1,25,1616,1617
4746,260577509,53047287,93.636,1,25,1617,363
4747,260577509,260577510,9.07,1,25,1617,1618
4748,260577510,53050619,189.234,1,25,1618,431
4749,260577510,260577507,9.209,1,25,1618,1615
4750,260577511,53020921,50.653,1,25,1619,76
4751,260577511,4218827204,29.615,1,25,1619,2040
4752,260577516,53063570,169.304,1,25,1620,637
4753,260577516,260577520,24.149,1,25,1620,1621
4754,260577520,53020923,20.844,2,25,1621,77
4755,260577520,4218827204,90.599,2,25,1621,2040
4756,260908806,237134303,69.69,1,24.854848,1622,1424
4757,260908806,4333613313,52.142,1,24.854848,1622,2053
4758,260908839,53021369,23.184,1,25,1623,124
4759,260908839,260908845,30.237,1,24.854848,1623,1624
4760,260908839,462762669,169.466,1,25,1623,1796
4761,260908845,53021369,26.371,2,25,1624,124
4762,260908845,53055203,74.686,1,25,1624,474
4763,261735845,53019153,78.641,1,25,1625,58
4764,261735845,53019155,26.176,1,25,1625,59
4765,261735845,261735848,31.262,1,25,1625,1626
4766,261735848,53019155,26.535,2,25,1626,59
4767,261735848,53050595,92.526,2,25,1626,418
4768,261735849,53070450,56.592,1,25,1627,714
4769,261735947,53072365,44.055,1,25,1628,726
4770,261735947,53072367,45.329,1,25,1628,727
4771,261736039,53056333,32.815,1,25,1629,504
4772,261736039,53058813,170.971,1,25,1629,550
4773,261736039,261736042,34.146,1,24.854848,1629,1630
4774,261736042,53056330,67.544,2,25,1630,503
4775,261736042,53056333,37.832,2,25,1630,504
4776,261736043,53056333,37.402,1,25,1631,504
4777,261736043,53058814,64.854,1,25,1631,551
4778,261736043,261736049,33.023,1,24.854848,1631,1632
4779,261736049,53056333,42.445,2,25,1632,504
4780,261736049,3687445765,40.418,2,25,1632,2027
4781,261736143,53019173,23.925,1,25,1633,69
4782,261736143,53062065,400.703,1,25,1633,607
4783,261736220,53019164,86.417,1,25,1634,65
4784,261736220,53089409,34.034,1,25,1634,941
4785,261736220,261736221,32.107,1,25,1634,1635
4786,261736221,239669469,38.878,1,25,1635,1463
4787,261736221,261736220,32.107,1,25,1635,1634
4788,261736226,53044129,21.523,1,25,1636,357
4789,261736226,53074450,90.228,1,25,1636,738
4790,261736226,261736228,22.025,1,25,1636,1637
4791,261736228,261736226,22.025,1,25,1637,1636
4792,262084243,53046247,60.939,1,25,1638,361
4793,262084302,53089307,32.655,1,15,1639,940
4794,262084302,262084310,113.86,1,15,1639,1640
4795,262084310,59942451,10.921,1,15,1640,1367
4796,262084310,262084302,129.989,1,15,1640,1639
4797,262084666,53119530,442.687,1,25,1641,1197
4798,262084666,53119535,154.147,1,25,1641,1198
4799,262084666,440602824,27.533,1,25,1641,1791
4800,262084705,53091823,47.206,1,25,1642,969
4801,262084705,9992040903,266.18,1,25,1642,2095
4802,262257140,53087210,33.933,1,25,1643,932
4803,262257164,53149300,96.691,1,25,1644,1308
4804,262257164,100548657,305.004,1,25,1644,1407
4805,263187472,53036288,84.683,1,25,1645,259
4806,263187569,53019130,23.278,1,25,1646,49
4807,263187569,53019134,45.043,1,25,1646,50
4808,263187569,53029032,54.125,1,25,1646,173
4809,266711489,53036288,66.196,1,25,1647,259
4810,266711629,53089076,21.834,1,25,1648,939
4811,266711629,239616902,163.722,1,25,1648,1439
4812,266711629,266711636,15.715,1,24.854848,1648,1649
4813,266711636,53020805,174.871,1,25,1649,71
4814,266711636,53036813,22.836,1,25,1649,265
4815,266712135,53065306,244.593,1,25,1650,679
4816,266712135,266712141,7.042,1,25,1650,1651
4817,266712141,53057594,72.916,1,25,1651,527
4818,266712141,2093084424,18.647,1,25,1651,1952
4819,266712192,53019172,274.201,1,25,1652,68
4820,266716296,53062062,83.034,1,25,1653,606
4821,266910766,53070162,263.477,1,25,1654,706
4822,266910766,53084372,37.317,1,25,1654,896
4823,266910766,266910796,29.607,1,25,1654,1655
4824,266910796,53084372,32.919,1,25,1655,896
4825,266910796,53102832,237.865,1,25,1655,1081
4826,266910796,266910766,29.607,1,25,1655,1654
4827,267631972,56819279,25.176,1,25,1656,1336
4828,267631972,267632012,94.317,1,25,1656,1661
4829,267631984,52980578,148.233,1,24.854848,1657,18
4830,267631984,267631998,193.531,1,25,1657,1659
4831,267631989,53055618,12.547,1,25,1658,493
4832,267631989,267632001,54.537,1,25,1658,1660
4833,267631998,267631989,47.229,1,25,1659,1658
4834,267631998,1993196224,204.349,1,25,1659,1939
4835,267632001,53055620,14.041,1,25,1660,494
4836,267632001,3652928278,91.095,1,25,1660,2022
4837,267632012,53020993,127.876,2,25,1661,115
4838,267632012,53041097,200.305,2,25,1661,325
4839,267632071,53027215,7.731,1,25,1662,157
4840,267632071,53040161,22.798,1,25,1662,301
4841,267632071,53090683,67.706,2,25,1662,957
4842,267632083,53147251,203.449,1,25,1663,1299
4843,267632084,53055629,100.234,1,25,1664,495
4844,267632090,53058938,25.617,1,25,1665,559
4845,267632090,53092735,93.745,1,25,1665,990
4846,267632090,267632093,34.701,1,25,1665,1666
4847,267632093,53058936,178.998,1,25,1666,558
4848,267632093,53058938,22.379,1,25,1666,559
4849,267632094,53082599,259.468,1,25,1667,867
4850,267632094,53082603,23.775,1,24.854848,1667,868
4851,267638300,53099164,230.633,1,25,1668,1059
4852,267638300,53100523,12.448,1,25,1668,1074
4853,267638330,267638335,25.471,1,25,1669,1670
4854,267638330,3245435930,27.831,1,25,1669,2016
4855,267638335,267638330,25.471,1,25,1670,1669
4856,269109131,53038916,27.066,1,25,1671,292
4857,269109131,100565801,166.697,1,25,1671,1409
4858,269109131,269109139,21.762,1,25,1671,1673
4859,269109138,53038912,187.83,1,25,1672,291
4860,269109138,53038916,16.763,1,25,1672,292
4861,269109138,269109139,27.653,1,25,1672,1673
4862,269109139,53038910,357.087,1,25,1673,290
4863,269109139,269109131,21.762,1,25,1673,1671
4864,269109139,269109138,27.653,1,25,1673,1672
4865,269109312,53040399,133.545,1,15,1674,307
4866,269109508,53101617,232.735,1,25,1675,1080
4867,269134785,53090468,147.078,1,25,1676,953
4868,269134806,53080916,63.618,1,24.854848,1677,814
4869,269301167,53080856,30.384,1,15,1678,811
4870,269301167,59942451,58.301,1,15,1678,1367
4871,269301221,53021348,37.457,1,25,1679,119
4872,269301221,53021355,379.649,1,25,1679,120
4873,269301221,269301243,16.43,1,25,1679,1680
4874,269301243,269301221,16.43,1,25,1680,1679
4875,269301417,53033497,34.131,1,25,1681,245
4876,275776613,53041131,35.124,2,25,1682,328
4877,275776613,275782462,42.359,3,25,1682,1695
4878,275776613,370473665,47.446,1,25,1682,1774
4879,275776856,53090185,60.041,2,25,1683,948
4880,275776856,53117302,90.746,2,25,1683,1174
4881,275776856,370473679,49.176,1,25,1683,1775
4882,275777596,53099145,39.035,1,25,1684,1052
4883,275777596,275782481,45.698,2,25,1684,1699
4884,275777736,56063320,15.193,1,25,1685,1333
4885,275777737,92951582,87.039,2,25,1686,1387
4886,275777737,275777736,9.163,3,30,1686,1685
4887,275777901,53068394,129.009,1,25,1687,689
4888,275778689,53122855,160.291,1,25,1688,1222
4889,275778689,275782472,100.844,2,25,1688,1698
4890,275779238,53037909,73.936,1,25,1689,279
4891,275779238,275779695,27.504,1,25,1689,1690
4892,275779695,53090184,29.753,1,25,1690,947
4893,275779695,1762740677,231.85,1,25,1690,1879
4894,275779890,53090184,20.795,2,25,1691,947
4895,275779890,275779238,40.088,1,25,1691,1689
4896,275780457,275778689,60.91,1,25,1692,1688
4897,275780457,275779890,22.004,1,25,1692,1691
4898,275782450,53024616,15.42,1,25,1693,134
4899,275782450,275782491,109.546,3,25,1693,1700
4900,275782450,1762740390,134.615,1,25,1693,1823
4901,275782456,53088364,64.519,1,25,1694,936
4902,275782456,53090189,15.827,1,25,1694,951
4903,275782456,275782450,115.159,3,25,1694,1693
4904,275782462,53090185,22.913,2,25,1695,948
4905,275782462,275776613,42.359,3,25,1695,1682
4906,275782462,370473734,44.937,2,25,1695,1776
4907,275782464,53064677,79.19,1,25,1696,654
4908,275782464,53064679,28.766,1,25,1696,655
4909,275782464,275782468,111.816,2,25,1696,1697
4910,275782468,53064677,137.015,1,25,1697,654
4911,275782468,53082573,28.84,1,25,1697,854
4912,275782468,275782462,214.305,3,25,1697,1695
4913,275782472,53037905,120.493,1,25,1698,277
4914,275782472,53037907,28.464,1,25,1698,278
4915,275782472,275782464,111.851,2,25,1698,1696
4916,275782481,53099145,39.34,2,25,1699,1052
4917,275782481,275782495,29.728,2,25,1699,1701
4918,275782491,53066183,97.561,2,25,1700,683
4919,275782491,53090190,16.822,1,25,1700,952
4920,275782491,275777737,173.402,3,25,1700,1686
4921,275782495,275782456,32.212,2,25,1701,1694
4922,275782504,53066460,13.05,1,25,1702,684
4923,275782504,275777596,227.2,3,25,1702,1684
4924,275786565,53082565,57.543,1,25,1703,851
4925,275786806,53070079,94.093,1,25,1704,696
4926,275786806,275787147,101.491,2,25,1704,1705
4927,275787147,53088363,69.392,1,25,1705,935
4928,275787147,275782495,69.46,2,25,1705,1701
4929,275788740,53082581,141.244,1,25,1706,858
4930,275788740,2820169758,18.738,1,25,1706,2001
4931,275788940,1762740588,140.707,1,25,1707,1862
4932,275792199,3125358060,168.198,1,25,1708,2010
4933,275792224,53070085,75.166,1,25,1709,697
4934,275792224,165562097,24.291,1,25,1709,1414
4935,275793316,53082581,19.321,1,25,1710,858
4936,275793316,1762740596,70.726,1,25,1710,1863
4937,275797257,53118707,60.702,1,25,1711,1189
4938,275797257,4264245657,85.567,1,25,1711,2046
4939,275803029,53082586,146.487,1,25,1712,859
4940,275803725,53084136,90.556,1,25,1713,893
4941,275803732,53082579,143.073,1,25,1714,857
4942,275803732,2820169738,17.56,1,25,1714,1994
4943,275804265,53020976,18.04,1,25,1715,106
4944,275804265,53082748,82.987,1,25,1715,878
4945,275808115,53082746,83.432,1,25,1716,877
4946,276103129,53100523,15.711,1,25,1717,1074
4947,276103129,283272947,69.297,1,25,1717,1721
4948,282874033,2438953242,118.497,1,24.854848,1718,1985
4949,283272945,53103284,106.943,1,25,1719,1084
4950,283272945,283272948,7.459,1,25,1719,1722
4951,283272946,53099159,238.13,1,25,1720,1057
4952,283272946,283272947,7.934,1,25,1720,1721
4953,283272947,276103129,69.297,1,25,1721,1717
4954,283272947,283272945,8.151,1,25,1721,1719
4955,283272948,283272946,7.469,1,25,1722,1720
4956,283272948,394216010,52.534,1,25,1722,1784
4957,283272952,53070094,63.851,1,25,1723,701
4958,283272952,283272953,8.233,1,25,1723,1724
4959,283272953,53045619,92.002,1,25,1724,360
4960,283272955,53099157,36.915,1,25,1725,1055
4961,283272955,283272952,8.513,1,25,1725,1723
4962,283272956,53072369,70.78,1,25,1726,728
4963,283272956,6949955870,36.663,1,25,1726,2069
4964,283296748,53050639,11.865,1,25,1727,442
4965,283296748,240469703,22.723,2,30,1727,1542
4966,283296753,240448897,97.907,1,25,1728,1503
4967,283296753,283296754,7.293,1,25,1728,1729
4968,283296754,53115965,88.731,1,25,1729,1163
4969,283296754,283296756,6.919,1,25,1729,1730
4970,283296756,53076868,195.596,1,25,1730,770
4971,283296756,283296757,8.372,1,25,1730,1731
4972,283296757,53121252,95.696,1,25,1731,1207
4973,283296757,283296753,7.009,1,25,1731,1728
4974,283296760,9569859259,13.639,1,25,1732,2082
4975,283296761,53082735,94.045,1,25,1733,872
4976,283296761,283296762,8.059,1,25,1733,1734
4977,283296762,240469619,180.667,1,25,1734,1532
4978,283296762,283296763,8.363,1,25,1734,1735
4979,283296763,53079139,94.121,1,25,1735,794
4980,283296763,283296764,8.179,1,25,1735,1736
4981,283296764,53076873,190.015,1,25,1736,773
4982,283296764,283296761,7.699,1,25,1736,1733
4983,283296765,283296767,111.923,1,25,1737,1739
4984,283296765,283296771,7.464,1,25,1737,1743
4985,283296766,53125113,83.789,1,25,1738,1230
4986,283296766,1798599557,7.824,1,25,1738,1926
4987,283296767,283296765,111.923,1,25,1739,1737
4988,283296767,283296778,7.695,1,25,1739,1745
4989,283296768,53037897,95.648,1,25,1740,273
4990,283296768,283296775,8.345,1,25,1740,1744
4991,283296769,53129609,94.994,1,25,1741,1244
4992,283296769,283296803,7.828,1,25,1741,1747
4993,283296770,53079139,94.468,1,25,1742,794
4994,283296770,283296781,7.705,1,25,1742,1746
4995,283296771,240469627,182.377,1,25,1743,1534
4996,283296771,283296766,6.448,1,25,1743,1738
4997,283296775,240469698,181.544,1,25,1744,1539
4998,283296775,283296767,8.325,1,25,1744,1739
4999,283296778,53064671,190.504,1,25,1745,652
5000,283296778,283296768,8.072,1,25,1745,1740
5001,283296781,240469696,180.821,1,25,1746,1538
5002,283296781,283296769,8.786,1,25,1746,1741
5003,283296803,53076875,190.308,1,25,1747,775
5004,283296803,283296770,8.396,1,25,1747,1742
5005,288988723,53079006,141.623,1,25,1748,791
5006,288991093,53121252,94.345,1,25,1749,1207
5007,288991093,288991096,8.737,1,25,1749,1752
5008,288991094,240448899,96.83,1,25,1750,1504
5009,288991094,288991093,9.109,1,25,1750,1749
5010,288991095,53105807,94.811,1,25,1751,1097
5011,288991095,288991094,8.122,1,25,1751,1750
5012,288991096,288991095,9.465,1,25,1752,1751
5013,288991096,288991098,189.794,1,25,1752,1754
5014,288991097,53151367,95.435,1,25,1753,1311
5015,288991097,288991100,7.5,1,25,1753,1756
5016,288991098,288991096,189.794,1,25,1754,1752
5017,288991098,288991097,7.591,1,25,1754,1753
5018,288991099,288991098,6.745,1,25,1755,1754
5019,288991099,288991101,90.316,1,25,1755,1757
5020,288991100,53152266,196.535,1,25,1756,1315
5021,288991100,288991099,8.408,1,25,1756,1755
5022,288991101,288991099,90.316,1,25,1757,1755
5023,288991101,288991104,7.957,1,25,1757,1760
5024,288991102,53105807,194.864,1,25,1758,1097
5025,288991102,288991101,8.654,1,25,1758,1757
5026,288991103,57066388,96.44,2,25,1759,1342
5027,288991103,288991102,8.164,1,25,1759,1758
5028,288991104,53105811,196.117,1,25,1760,1098
5029,288991104,288991103,9.112,1,25,1760,1759
5030,290106037,290106079,20.723,1,24.854848,1761,1762
5031,290106037,11006910222,346.738,2,35,1761,2107
5032,290106079,240448853,54.594,2,35,1762,1490
5033,290107275,52978880,64.067,1,24.854848,1763,17
5034,290107275,53011315,48.546,2,35,1763,42
5035,299078450,53037901,100.872,1,25,1764,275
5036,299078450,53064671,200.569,1,25,1764,652
5037,299078450,53064674,141.528,1,25,1764,653
5038,312430760,53020971,21.499,1,25,1765,104
5039,312430760,53082742,266.134,1,25,1765,876
5040,312432948,53028332,9.194,1,25,1766,168
5041,312432948,3125358054,62.594,2,25,1766,2007
5042,317110207,266716296,15.728,1,25,1767,1653
5043,317110207,3687445762,140.789,1,25,1767,2026
5044,343616089,53137848,86.999,1,25,1768,1273
5045,360532247,53049927,115.695,1,25,1769,411
5046,360532247,53086195,75.969,1,25,1769,926
5047,361210455,53091726,17.947,1,24.854848,1770,968
5048,361214298,53091722,29.401,1,24.854848,1771,967
5049,364880275,53085612,91.81,1,25,1772,907
5050,367287636,12012924387,7.84,2,24.854848,1773,2128
5051,370473665,275782504,74.688,3,25,1774,1702
5052,370473679,53082573,142.008,2,25,1775,854
5053,370473734,53090187,12.775,1,25,1776,949
5054,370473734,370473665,10.71,2,25,1776,1774
5055,394180798,53020998,430.848,1,25,1777,118
5056,394180798,53092735,153.186,1,25,1777,990
5057,394180798,1419661068,95.552,1,25,1777,1808
5058,394187862,53070390,98.256,1,25,1778,707
5059,394187862,53070391,64.573,1,25,1778,708
5060,394187862,394188440,62.3,1,25,1778,1779
5061,394188440,394187862,62.3,1,25,1779,1778
5062,394205843,53082548,97.908,1,25,1780,847
5063,394205843,53082550,21.635,1,25,1780,848
5064,394205843,165537287,143.837,1,25,1780,1412
5065,394215408,53041130,89.665,1,25,1781,327
5066,394215974,53099158,8.712,1,25,1782,1056
5067,394215975,53099159,6.339,1,25,1783,1057
5068,394216010,283272948,52.534,1,25,1784,1722
5069,407681222,53154694,66.479,1,25,1785,1322
5070,408726584,258757158,96.735,1,25,1786,1585
5071,408726646,53062891,159.937,1,25,1787,612
5072,414245762,53059192,65.812,1,25,1788,560
5073,417266879,53035181,90.263,1,25,1789,255
5074,427500254,53083162,223.233,1,25,1790,887
5075,440602824,262084666,27.533,1,25,1791,1641
5076,443611809,53081635,74.441,1,25,1792,817
5077,443611809,53123941,126.911,1,25,1792,1224
5078,443611809,53142076,13.01,1,25,1792,1287
5079,451895041,53133631,39.333,1,25,1793,1265
5080,454952282,53105549,16.081,1,25,1794,1096
5081,462760059,53082163,124.279,1,24.854848,1795,822
5082,462762669,260908839,169.466,1,25,1796,1623
5083,462762669,5966587501,33.342,1,25,1796,2061
5084,472623471,53055696,268.406,1,25,1797,498
5085,669572007,1895821106,413.875,1,24.854848,1798,1927
5086,670133157,53104533,117.19,1,24.854848,1799,1092
5087,670133157,2187426872,25.6,1,25,1799,1958
5088,670133157,9394151507,30.531,1,24.854848,1799,2076
5089,778894094,53042657,51.935,1,25,1800,340
5090,778894184,53116961,225.325,1,25,1801,1170
5091,812886768,53068394,190.072,1,25,1802,689
5092,812887985,1762740369,183.472,1,25,1803,1818
5093,1021374476,53082598,142.478,1,25,1804,866
5094,1288362453,86333115,578.932,2,24.854848,1805,1377
5095,1419660758,35719098,77.373,1,25,1806,2
5096,1419660758,53020995,26.442,1,25,1806,117
5097,1419660758,1419660774,99.434,1,25,1806,1807
5098,1419660774,1419660758,99.434,1,25,1807,1806
5099,1419661068,53092735,71.491,1,25,1808,990
5100,1419661068,53111879,77.001,1,25,1808,1127
5101,1541561262,35833153,650.71,5,65,1809,13
5102,1541561262,53007853,110.04,1,24.854848,1809,37
5103,1635557748,52995542,10.802,1,24.854848,1810,33
5104,1635557748,1635557749,63.979,2,35,1810,1811
5105,1635557749,258758045,161.68,2,35,1811,1586
5106,1659965185,9826671823,24.319,1,35,1812,2086
5107,1706578092,53082205,129.468,1,25,1813,837
5108,1706578092,53096093,53.638,2,25,1813,1031
5109,1762740345,1762740358,16.102,1,25,1814,1816
5110,1762740345,4237304235,83.052,1,25,1814,2045
5111,1762740351,240469707,162.892,1,25,1815,1544
5112,1762740351,1762740345,7.873,1,25,1815,1814
5113,1762740358,1762740351,8.274,1,25,1816,1815
5114,1762740358,1762740401,90.374,1,25,1816,1825
5115,1762740362,92951404,99.066,1,25,1817,1386
5116,1762740362,1762740370,7.593,1,25,1817,1819
5117,1762740369,812887985,183.472,1,25,1818,1803
5118,1762740369,1762740362,7.797,1,25,1818,1817
5119,1762740370,1762740377,7.051,1,25,1819,1820
5120,1762740370,1762740389,82.157,1,25,1819,1822
5121,1762740377,1762740369,7.752,1,25,1820,1818
5122,1762740377,1762740418,91.603,1,25,1820,1829
5123,1762740381,53066183,97.583,1,25,1821,683
5124,1762740381,1762740390,7.762,1,25,1821,1823
5125,1762740389,1762740370,82.157,1,25,1822,1819
5126,1762740389,1762740381,6.932,1,25,1822,1821
5127,1762740390,275782450,134.615,1,25,1823,1693
5128,1762740390,1762740398,7.34,1,25,1823,1824
5129,1762740398,1762740389,8.132,1,25,1824,1822
5130,1762740398,1762740437,91.428,1,25,1824,1833
5131,1762740401,1762740358,90.374,1,25,1825,1816
5132,1762740401,1762740408,7.711,1,25,1825,1827
5133,1762740407,240469705,165.227,1,25,1826,1543
5134,1762740407,1762740401,8.41,1,25,1826,1825
5135,1762740408,1762740415,8.208,1,25,1827,1828
5136,1762740408,1762740424,198.532,1,25,1827,1830
5137,1762740415,1762740407,8.684,1,25,1828,1826
5138,1762740415,1762740458,90.527,1,25,1828,1837
5139,1762740418,1762740377,91.603,1,25,1829,1820
5140,1762740418,1762740426,7.784,1,25,1829,1831
5141,1762740424,1762740408,198.532,1,25,1830,1827
5142,1762740424,1762740418,7.233,1,25,1830,1829
5143,1762740426,1762740433,7.039,1,25,1831,1832
5144,1762740426,1762740445,82.029,1,25,1831,1834
5145,1762740433,1762740424,8.043,1,25,1832,1830
5146,1762740433,1762740478,91.212,1,25,1832,1841
5147,1762740437,1762740398,91.428,1,25,1833,1824
5148,1762740437,1762740446,7.889,1,25,1833,1835
5149,1762740445,1762740426,82.029,1,25,1834,1831
5150,1762740445,1762740437,7.457,1,25,1834,1833
5151,1762740446,53088364,112.142,1,25,1835,936
5152,1762740446,1762740453,6.86,1,25,1835,1836
5153,1762740453,1762740445,7.919,1,25,1836,1834
5154,1762740453,1762740497,91.393,1,25,1836,1845
5155,1762740458,1762740415,90.527,1,25,1837,1828
5156,1762740458,1762740466,7.158,1,25,1837,1839
5157,1762740465,240469703,168.192,1,25,1838,1542
5158,1762740465,1762740458,7.332,1,25,1838,1837
5159,1762740466,1762740473,7.517,1,25,1839,1840
5160,1762740466,1762740485,206.498,1,25,1839,1842
5161,1762740473,1762740465,8.143,1,25,1840,1838
5162,1762740473,1762740517,91.299,1,25,1840,1848
5163,1762740478,1762740433,91.212,1,25,1841,1832
5164,1762740478,1762740486,7.652,1,25,1841,1843
5165,1762740485,1762740466,206.498,1,25,1842,1839
5166,1762740485,1762740478,7.157,1,25,1842,1841
5167,1762740486,1762740494,7.353,1,25,1843,1844
5168,1762740486,1762740505,82.111,1,25,1843,1846
5169,1762740494,1762740485,7.983,1,25,1844,1842
5170,1762740494,1762740534,91.524,1,25,1844,1852
5171,1762740497,1762740453,91.393,1,25,1845,1836
5172,1762740497,1762740506,7.893,1,25,1845,1847
5173,1762740505,1762740486,82.111,1,25,1846,1843
5174,1762740505,1762740497,7.309,1,25,1846,1845
5175,1762740506,53088361,87.17,1,25,1847,934
5176,1762740506,2808015850,7.021,1,25,1847,1990
5177,1762740517,1762740473,91.299,1,25,1848,1840
5178,1762740517,1762740524,7.787,1,25,1848,1850
5179,1762740523,240469701,170.072,1,25,1849,1541
5180,1762740523,1762740517,7.949,1,25,1849,1848
5181,1762740524,1762740531,7.899,1,25,1850,1851
5182,1762740524,1762740540,214.15,1,25,1850,1853
5183,1762740531,1762740523,7.855,1,25,1851,1849
5184,1762740531,1762740552,90.413,1,25,1851,1856
5185,1762740534,1762740494,91.524,1,25,1852,1844
5186,1762740534,1762740542,7.41,1,25,1852,1854
5187,1762740540,1762740524,214.15,1,25,1853,1850
5188,1762740540,1762740534,7.317,1,25,1853,1852
5189,1762740542,53066175,86.841,1,25,1854,682
5190,1762740542,1762740549,7.148,1,25,1854,1855
5191,1762740549,53039458,96.169,1,25,1855,295
5192,1762740549,1762740540,8.253,1,25,1855,1853
5193,1762740552,1762740531,90.413,1,25,1856,1851
5194,1762740552,1762740560,7.902,1,25,1856,1858
5195,1762740559,53039454,172.241,1,25,1857,294
5196,1762740559,1762740552,8.225,1,25,1857,1856
5197,1762740560,53039458,226.5,1,25,1858,295
5198,1762740560,1762740566,8.001,1,25,1858,1859
5199,1762740566,53117380,95.691,1,25,1859,1185
5200,1762740566,1762740559,8.156,1,25,1859,1857
5201,1762740578,53099165,29.752,1,25,1860,1060
5202,1762740578,4059290083,9.536,1,25,1860,2032
5203,1762740579,1762740578,12.202,1,25,1861,1860
5204,1762740579,1968181925,249.359,1,25,1861,1933
5205,1762740588,275788940,140.707,1,25,1862,1707
5206,1762740588,1762740597,8.051,1,25,1862,1864
5207,1762740596,275793316,70.726,1,25,1863,1710
5208,1762740596,1762740588,8.376,1,25,1863,1862
5209,1762740597,53082586,95.108,1,25,1864,859
5210,1762740597,1762740604,7.442,1,25,1864,1865
5211,1762740604,53064683,95.791,1,25,1865,657
5212,1762740604,1762740596,7.833,1,25,1865,1863
5213,1762740609,53084136,52.916,1,25,1866,893
5214,1762740609,1762740617,8.536,1,25,1866,1868
5215,1762740616,53082586,94.271,1,25,1867,859
5216,1762740616,1762740609,8.419,1,25,1867,1866
5217,1762740617,53082589,176.795,1,25,1868,860
5218,1762740617,1762740624,8.375,1,25,1868,1869
5219,1762740624,53064684,95.324,1,25,1869,658
5220,1762740624,1762740616,7.759,1,25,1869,1867
5221,1762740630,53064683,95.541,1,25,1870,657
5222,1762740630,1762740638,7.422,1,25,1870,1872
5223,1762740637,53037909,241.847,1,25,1871,279
5224,1762740637,1762740630,7.705,1,25,1871,1870
5225,1762740638,1762740645,7.198,1,25,1872,1873
5226,1762740638,1762740657,189.475,1,25,1872,1875
5227,1762740645,1762740637,7.784,1,25,1873,1871
5228,1762740645,1762740671,90.865,1,25,1873,1878
5229,1762740650,53064684,95.346,1,25,1874,658
5230,1762740650,1762740658,8.316,1,25,1874,1876
5231,1762740657,1762740638,189.475,1,25,1875,1872
5232,1762740657,1762740650,7.771,1,25,1875,1874
5233,1762740658,53037915,234.159,1,25,1876,280
5234,1762740658,1762740665,6.534,1,25,1876,1877
5235,1762740665,1762740657,7.494,1,25,1877,1875
5236,1762740665,1762740691,91.055,1,25,1877,1882
5237,1762740671,1762740645,90.865,1,25,1878,1873
5238,1762740671,1762740680,7.582,1,25,1878,1880
5239,1762740677,275779695,231.85,1,25,1879,1690
5240,1762740677,1762740671,7.433,1,25,1879,1878
5241,1762740680,1762740687,8.313,1,25,1880,1881
5242,1762740680,1762740698,188.847,1,25,1880,1883
5243,1762740687,53111889,95.333,1,25,1881,1133
5244,1762740687,1762740677,8.036,1,25,1881,1879
5245,1762740691,1762740665,91.055,1,25,1882,1877
5246,1762740691,1762740699,7.516,1,25,1882,1884
5247,1762740698,1762740680,188.847,1,25,1883,1880
5248,1762740698,1762740691,7.906,1,25,1883,1882
5249,1762740699,53129617,197.768,1,25,1884,1247
5250,1762740699,1762740705,7.467,1,25,1884,1885
5251,1762740705,53084131,95.116,1,25,1885,892
5252,1762740705,1762740698,7.994,1,25,1885,1883
5253,1762740710,53084131,95.423,1,25,1886,892
5254,1762740710,1762740718,8.742,1,25,1886,1888
5255,1762740717,53079147,195.1,1,25,1887,799
5256,1762740717,1762740710,7.28,1,25,1887,1886
5257,1762740718,53079150,196.293,1,25,1888,800
5258,1762740718,1762740726,8.068,1,25,1888,1889
5259,1762740726,1762740717,8.599,1,25,1889,1887
5260,1762740726,1762740732,90.998,1,25,1889,1890
5261,1762740732,1762740726,90.998,1,25,1890,1889
5262,1762740732,1762740740,7.191,1,25,1890,1892
5263,1762740739,53085616,195.071,1,25,1891,909
5264,1762740739,1762740732,7.894,1,25,1891,1890
5265,1762740740,53085618,197.575,1,25,1892,910
5266,1762740740,1762740747,7.082,1,25,1892,1893
5267,1762740747,53082746,95.647,1,25,1893,877
5268,1762740747,1762740739,7.75,1,25,1893,1891
5269,1762740752,53020946,196.794,1,25,1894,88
5270,1762740752,1762740760,7.49,1,25,1894,1896
5271,1762740759,53063527,103.487,1,25,1895,617
5272,1762740759,1762740752,7.508,1,25,1895,1894
5273,1762740760,53063531,68.806,1,25,1896,618
5274,1762740760,1762740767,7.635,1,25,1896,1897
5275,1762740767,53079257,197.164,1,25,1897,806
5276,1762740767,1762740759,7.523,1,25,1897,1895
5277,1762740772,53020953,197.553,1,25,1898,92
5278,1762740772,1762740780,7.873,1,25,1898,1900
5279,1762740779,53047348,79.937,1,25,1899,388
5280,1762740779,1762740772,7.032,1,25,1899,1898
5281,1762740780,53050617,75.432,1,25,1900,430
5282,1762740780,1762740787,7.318,1,25,1900,1901
5283,1762740787,53125023,197.356,1,25,1901,1229
5284,1762740787,1762740779,7.915,1,25,1901,1899
5285,1762740792,1762740803,9.605,1,25,1902,1904
5286,1762740792,11637411578,192.977,1,25,1902,2123
5287,1762740800,53098225,93.717,1,25,1903,1048
5288,1762740800,1762740792,9.565,1,25,1903,1902
5289,1762740803,1762740809,9.687,1,25,1904,1905
5290,1762740803,1762740837,89.54,1,25,1904,1910
5291,1762740809,1762740800,9.82,1,25,1905,1903
5292,1762740809,1762740881,190.199,1,25,1905,1917
5293,1762740812,258884723,136.464,1,25,1906,1600
5294,1762740812,1762740820,5.356,1,25,1906,1908
5295,1762740819,53063533,98.56,1,25,1907,619
5296,1762740819,1762740812,5.505,1,25,1907,1906
5297,1762740820,53063536,98.093,1,25,1908,620
5298,1762740820,4228031739,4.938,1,25,1908,2041
5299,1762740830,53030286,197.327,1,25,1909,202
5300,1762740830,1762740838,7.38,1,25,1909,1911
5301,1762740837,1762740803,89.54,1,25,1910,1904
5302,1762740837,1762740830,7.719,1,25,1910,1909
5303,1762740838,53130824,95.925,1,25,1911,1254
5304,1762740838,1762740845,7.288,1,25,1911,1912
5305,1762740845,53030282,197.45,1,25,1912,201
5306,1762740845,1762740837,7.702,1,25,1912,1910
5307,1762740855,53098225,293.583,1,25,1913,1048
5308,1762740855,1762740865,7.493,1,25,1913,1915
5309,1762740864,53029736,89.128,1,25,1914,195
5310,1762740864,1762740855,7.711,1,25,1914,1913
5311,1762740865,1762740872,7.438,1,25,1915,1916
5312,1762740865,1981316241,95.744,1,25,1915,1935
5313,1762740872,53121264,160.558,1,25,1916,1210
5314,1762740872,1762740864,7.42,1,25,1916,1914
5315,1762740881,1762740809,190.199,1,25,1917,1905
5316,1762740881,1762740888,9.107,1,25,1917,1918
5317,1762740888,53030282,94.324,1,25,1918,201
5318,1762740888,1762740895,9.753,1,25,1918,1919
5319,1762740895,1762740900,153.364,1,25,1919,1920
5320,1762740895,2421839397,9.657,1,25,1919,1979
5321,1762740900,1762740895,153.364,1,25,1920,1919
5322,1762740900,2908411319,9.368,1,25,1920,2004
5323,1762740909,53098222,94.032,1,25,1921,1047
5324,1762740909,1762740900,9.63,1,25,1921,1920
5325,1762740918,240448878,134.128,1,25,1922,1494
5326,1762740918,1762740909,10.088,1,25,1922,1921
5327,1778520650,53058047,40.41,1,25,1923,532
5328,1789060655,53019130,185.953,1,25,1924,49
5329,1789060655,1789060664,14.787,1,25,1924,1925
5330,1789060664,240448980,6.197,1,25,1925,1525
5331,1789060664,10593597341,13.667,1,25,1925,2101
5332,1798599557,53076879,192.441,1,25,1926,777
5333,1798599557,283296765,5.505,1,25,1926,1737
5334,1895821106,1895821107,134.335,1,24.854848,1927,1928
5335,1895821107,1541561262,1368.891,5,65,1928,1809
5336,1954677977,53148317,24.692,1,25,1929,1304
5337,1954677977,1954677978,25.416,1,25,1929,1930
5338,1954677978,53107081,54.897,1,25,1930,1101
5339,1954677978,1954677977,24.826,1,25,1930,1929
5340,1968181922,53050709,42.702,2,25,1931,446
5341,1968181922,221406324,437.752,1,25,1931,1416
5342,1968181922,1968181924,88.344,2,25,1931,1932
5343,1968181924,53077224,111.52,1,25,1932,779
5344,1968181924,1968181922,88.344,2,25,1932,1931
5345,1968181924,1968181925,66.259,2,25,1932,1933
5346,1968181925,53025955,75.189,2,25,1933,139
5347,1968181925,1762740579,249.359,1,25,1933,1861
5348,1968181925,1968181924,66.259,2,25,1933,1932
5349,1981316228,53029736,104.119,1,25,1934,195
5350,1981316228,53077793,165.182,1,25,1934,786
5351,1981316228,53077797,202.8,1,25,1934,787
5352,1981316228,53114437,94.717,1,25,1934,1154
5353,1981316241,53098222,165.326,1,25,1935,1047
5354,1981316241,1762740865,95.744,1,25,1935,1915
5355,1981316241,2421839397,94.3,1,25,1935,1979
5356,1981316288,53098225,128.372,1,25,1936,1048
5357,1982139851,1982139872,97.262,1,24.854848,1937,1938
5358,1982139872,53027401,99.53,1,25,1938,162
5359,1982139872,53093337,131.08,1,25,1938,995
5360,1982139872,1982139851,97.262,1,24.854848,1938,1937
5361,1993196224,53073462,205.232,2,25,1939,730
5362,1993196224,53090675,107.805,1,25,1939,954
5363,1997934951,53027121,93.398,1,25,1940,145
5364,1997934952,53027123,83.679,1,25,1941,146
5365,1998332204,53029730,102.913,1,25,1942,192
5366,1998332204,53055160,94.823,1,25,1942,458
5367,1998332204,2065927930,138.991,1,25,1942,1948
5368,1998332204,2065927988,345.09,1,25,1942,1950
5369,1998332273,53060264,85.406,1,25,1943,578
5370,2010214253,53107080,192.778,1,25,1944,1100
5371,2010214253,2327822491,225.186,1,25,1944,1978
5372,2010214253,8417814501,141.479,1,25,1944,2075
5373,2010214253,14074301567,15.921,1,25,1944,2143
5374,2045090201,53116955,11.734,1,25,1945,1168
5375,2045090201,240448886,52.218,2,25,1945,1498
5376,2045090205,53042645,74.493,1,25,1946,335
5377,2045090205,2045090220,8.971,1,25,1946,1947
5378,2045090220,53027402,225.607,1,25,1947,163
5379,2045090220,258761358,7.977,1,25,1947,1596
5380,2065927930,52993536,94.991,1,24.854848,1948,29
5381,2065927930,1998332204,138.991,1,25,1948,1942
5382,2065927938,53055160,346.113,1,25,1949,458
5383,2065927938,53091836,203.174,1,25,1949,973
5384,2065927938,53114428,202.781,1,25,1949,1152
5385,2065927938,2065927988,94.124,1,25,1949,1950
5386,2065927988,53029728,103.424,1,25,1950,190
5387,2065927988,53077786,202.836,1,25,1950,785
5388,2065927988,1998332204,345.09,1,25,1950,1942
5389,2065927988,2065927938,94.124,1,25,1950,1949
5390,2072413546,53036804,9.118,2,25,1951,260
5391,2072413546,53036805,128.81,1,25,1951,261
5392,2072413546,53056335,127.883,2,25,1951,506
5393,2093084424,53086186,74.809,1,25,1952,924
5394,2093084424,266712135,12.175,1,25,1952,1650
5395,2133315391,53062062,97.961,1,25,1953,606
5396,2133315391,53084384,184.82,1,25,1953,898
5397,2133315391,2425028270,35.856,2,25,1953,1980
5398,2133315391,2425028275,37.367,2,25,1953,1981
5399,2184578174,2184578204,7.766,1,25,1954,1956
5400,2184578198,2184578174,8.219,1,25,1955,1954
5401,2184578204,2184578232,8.035,1,25,1956,1957
5402,2184578204,10127786906,192.494,1,25,1956,2096
5403,2184578232,53106454,95.379,1,25,1957,1099
5404,2184578232,2184578198,8.595,1,25,1957,1955
5405,2187426872,670133157,25.6,1,25,1958,1799
5406,2195327626,53070094,40.981,1,25,1959,701
5407,2195339382,53070393,44.918,1,25,1960,709
5408,2205390280,53082548,137.843,1,25,1961,847
5409,2205390280,2205390314,8.295,1,25,1961,1963
5410,2205390309,53064692,73.975,1,25,1962,662
5411,2205390309,2205390280,8.763,1,25,1962,1961
5412,2205390314,165537287,73.831,1,25,1963,1412
5413,2205390314,2205390331,8.41,1,25,1963,1964
5414,2205390331,53129596,219.53,1,25,1964,1241
5415,2205390331,2205390309,9.032,1,25,1964,1962
5416,2205390391,53111882,93.708,1,25,1965,1129
5417,2205390391,2205390401,8.954,1,25,1965,1967
5418,2205390399,243673100,161.548,1,25,1966,1563
5419,2205390399,2205390391,7.63,1,25,1966,1965
5420,2205390401,53079135,158.437,1,25,1967,793
5421,2205390401,2205390412,8.606,1,25,1967,1968
5422,2205390412,243670956,263.933,2,25,1968,1549
5423,2205390412,2205390399,8.018,1,25,1968,1966
5424,2205390421,53047290,93.789,1,25,1969,364
5425,2205390421,2205390437,8.679,1,25,1969,1971
5426,2205390435,53079135,195.54,1,25,1970,793
5427,2205390435,2205390421,8.026,1,25,1970,1969
5428,2205390437,53050623,196.266,1,25,1971,433
5429,2205390437,2205390461,8.931,1,25,1971,1972
5430,2205390461,53047287,94.311,1,25,1972,363
5431,2205390461,2205390435,8.606,1,25,1972,1970
5432,2205390493,53085602,252.845,1,25,1973,904
5433,2205390493,2205390542,8.875,1,25,1973,1975
5434,2205390523,243673103,178.358,1,25,1974,1564
5435,2205390523,2205390493,9.316,1,25,1974,1973
5436,2205390542,53082733,158.555,1,25,1975,871
5437,2205390542,2205390579,9.16,1,25,1975,1976
5438,2205390579,53020939,91.739,1,25,1976,84
5439,2205390579,2205390523,8.907,1,25,1976,1974
5440,2252623174,53117332,9.642,1,25,1977,1179
5441,2252623174,53147023,111.44,1,25,1977,1296
5442,2327822491,237133573,271.61,1,25,1978,1423
5443,2327822491,2010214253,225.186,1,25,1978,1944
5444,2327822491,9992040903,16.147,2,25,1978,2095
5445,2421839397,1762740881,9.619,1,25,1979,1917
5446,2421839397,1981316241,94.3,1,25,1979,1935
5447,2425028270,53062065,115.196,1,25,1980,607
5448,2425028270,2133315391,35.856,2,25,1980,1953
5449,2425028275,53036804,116.051,2,25,1981,260
5450,2425028275,2133315391,37.367,2,25,1981,1953
5451,2425028275,2425028270,41.637,1,24.854848,1981,1980
5452,2438953053,53034140,189.843,1,24.854848,1982,248
5453,2438953053,2438953242,12.259,1,24.854848,1982,1985
5454,2438953144,53120081,114.632,1,24.854848,1983,1203
5455,2438953144,2438953155,13.586,1,24.854848,1983,1984
5456,2438953155,2438953053,71.969,1,24.854848,1984,1982
5457,2438953242,282874033,118.497,1,24.854848,1985,1718
5458,2438953242,2438953144,28.353,1,24.854848,1985,1983
5459,2443760109,53047341,185.891,1,25,1986,384
5460,2443760109,53093987,98.689,1,25,1986,1008
5461,2443760109,140423997,79.99,1,25,1986,1410
5462,2507403763,53038909,7.82,1,25,1987,289
5463,2507403763,53038912,218.238,1,25,1987,291
5464,2507403763,53061113,85.401,1,25,1987,591
5465,2644106915,2644106917,11.542,1,25,1988,1989
5466,2644106917,53042100,256.707,1,25,1989,331
5467,2644106917,53109969,50.7,3,30,1989,1113
5468,2644106917,2644106915,11.542,1,25,1989,1988
5469,2808015850,53066175,96.234,1,25,1990,682
5470,2808015850,1762740505,7.913,1,25,1990,1846
5471,2820169731,53108131,175.449,1,25,1991,1109
5472,2820169731,2820169751,81.019,1,25,1991,1997
5473,2820169731,2820169753,83.899,2,25,1991,1998
5474,2820169731,2820169759,180.767,1,25,1991,2002
5475,2820169732,53090188,181.11,1,25,1992,950
5476,2820169732,2820169735,78.464,1,25,1992,1993
5477,2820169732,2820169754,78.562,1,25,1992,1999
5478,2820169735,2820169732,78.464,1,25,1993,1992
5479,2820169735,2820169740,88.201,1,25,1993,1995
5480,2820169738,2820169753,90.657,2,25,1994,1998
5481,2820169738,2820169758,80.265,2,25,1994,2001
5482,2820169740,165562097,168.409,1,25,1995,1414
5483,2820169740,2820169735,88.201,1,25,1995,1993
5484,2820169740,2820169756,79.33,1,25,1995,2000
5485,2820169750,53066460,103.171,1,25,1996,684
5486,2820169750,2820169751,176.403,1,25,1996,1997
5487,2820169750,2820169754,81.338,1,25,1996,1999
5488,2820169750,2820169759,80.13,1,25,1996,2002
5489,2820169751,53066465,180.769,1,25,1997,685
5490,2820169751,2820169731,81.019,1,25,1997,1991
5491,2820169751,2820169750,176.403,1,25,1997,1996
5492,2820169751,2820169756,81.209,1,25,1997,2000
5493,2820169753,53082577,160.647,2,25,1998,856
5494,2820169753,53117302,78.61,2,25,1998,1174
5495,2820169753,2820169731,83.899,2,25,1998,1991
5496,2820169753,2820169738,90.657,2,25,1998,1994
5497,2820169754,2820169732,78.562,1,25,1999,1992
5498,2820169754,2820169750,81.338,1,25,1999,1996
5499,2820169754,2820169756,170.533,1,25,1999,2000
5500,2820169756,53070085,185.322,1,25,2000,697
5501,2820169756,2820169740,79.33,1,25,2000,1995
5502,2820169756,2820169751,81.209,1,25,2000,1997
5503,2820169756,2820169754,170.533,1,25,2000,1999
5504,2820169758,53108131,84.106,1,25,2001,1109
5505,2820169758,53117310,96.63,2,25,2001,1175
5506,2820169758,2820169738,80.265,2,25,2001,1994
5507,2820169759,53090187,65.308,1,25,2002,949
5508,2820169759,2820169731,180.767,1,25,2002,1991
5509,2820169759,2820169750,80.13,1,25,2002,1996
5510,2844488378,35719055,16.337,1,24.854848,2003,1
5511,2908411319,53030281,94.392,1,25,2004,200
5512,2908411319,1762740918,9.74,1,25,2004,1922
5513,3125358035,53099154,8.248,1,25,2005,1053
5514,3125358035,3125358060,147.706,1,25,2005,2010
5515,3125358039,53070091,8.549,1,25,2006,699
5516,3125358039,3125358035,86.632,2,25,2006,2005
5517,3125358054,165560129,8.593,1,25,2007,1413
5518,3125358054,3125358039,16.691,2,25,2007,2006
5519,3125358054,3125358059,65.358,1,25,2007,2009
5520,3125358057,53070088,94.254,1,25,2008,698
5521,3125358057,53118706,138.948,1,25,2008,1188
5522,3125358057,3125358060,100.483,1,25,2008,2010
5523,3125358059,275797257,80.111,1,25,2009,1711
5524,3125358059,3125358054,65.358,1,25,2009,2007
5525,3125358059,4264245657,19.587,1,25,2009,2046
5526,3125358060,275792199,168.198,1,25,2010,1708
5527,3125358060,3125358035,147.706,1,25,2010,2005
5528,3125358060,3125358057,100.483,1,25,2010,2008
5529,3137856585,99311604,36.167,1,25,2011,1395
5530,3137856585,3137856608,21.107,1,25,2011,2012
5531,3137856608,3137856585,19.909,1,25,2012,2011
5532,3137856608,3137856668,119.567,1,25,2012,2013
5533,3137856668,3137856608,119.567,1,25,2013,2012
5534,3177154975,53054999,64.826,1,24.854848,2014,454
5535,3245435929,53070069,99.28,1,25,2015,694
5536,3245435929,267638330,23.351,1,25,2015,1669
5537,3245435929,3245435930,11.489,1,25,2015,2016
5538,3245435930,53090686,25.064,1,25,2016,958
5539,3245435930,3245435929,11.489,1,25,2016,2015
5540,3348429130,53125564,224.193,1,25,2017,1234
5541,3572591893,53129312,51.205,1,25,2018,1239
5542,3647671482,267631984,20.03,1,25,2019,1657
5543,3647671482,3647671483,9.726,1,24.854848,2019,2020
5544,3647671483,53011953,40.093,1,25,2020,43
5545,3647671483,3647671482,9.726,1,24.854848,2020,2019
5546,3652928277,53063558,193.231,1,25,2021,633
5547,3652928277,267631972,15.507,1,25,2021,1656
5548,3652928278,3652928277,16.046,1,25,2022,2021
5549,3652928279,53055620,89.251,1,25,2023,494
5550,3652928279,3652928278,21.38,1,25,2023,2022
5551,3652943780,53036811,9.268,1,25,2024,264
5552,3687445761,53056334,31.758,2,25,2025,505
5553,3687445761,53056335,71.485,2,25,2025,506
5554,3687445762,53056334,35.395,1,25,2026,505
5555,3687445762,317110207,140.789,1,25,2026,1767
5556,3687445762,3687445765,40.224,1,24.854848,2026,2027
5557,3687445765,53056334,39.914,2,25,2027,505
5558,3687445765,261736049,40.418,2,25,2027,1632
5559,3687445767,53056334,32.704,1,25,2028,505
5560,3687445767,53072369,130.09,1,25,2028,728
5561,3687445767,3687445761,36.637,1,24.854848,2028,2025
5562,3694063472,53115969,136.528,1,5,2029,1164
5563,3810190424,53026148,14.06,1,25,2030,144
5564,3810190424,53060403,55.309,1,25,2030,586
5565,4030862072,53045592,149.101,1,24.854848,2031,359
5566,4059290083,53041412,218.12,1,25,2032,329
5567,4059290083,1762740579,8.42,1,25,2032,1861
5568,4070600865,53116963,87.318,2,25,2033,1171
5569,4070600865,10747552208,23.598,2,25,2033,2103
5570,4168148408,53050606,65.952,2,30,2034,423
5571,4168241886,53072371,49.433,2,25,2035,729
5572,4168241886,239715494,64.529,1,25,2035,1466
5573,4213510998,367287636,14.744,2,24.854848,2036,1773
5574,4213510999,12449832914,21.667,2,24.854848,2037,2134
5575,4213511009,53027129,14.019,1,25,2038,152
5576,4213511009,53030346,122.071,1,25,2038,210
5577,4213511046,53083136,6.377,1,25,2039,885
5578,4218827204,53029741,11.732,1,25,2040,198
5579,4218827204,260577520,90.599,2,25,2040,1621
5580,4228031739,53148832,199.144,1,25,2041,1306
5581,4228031739,1762740819,5.862,1,25,2041,1907
5582,4235206827,4235206829,9.817,1,24.854848,2042,2043
5583,4235206829,53077536,64.048,1,25,2043,780
5584,4235206829,4235206835,6.343,1,24.854848,2043,2044
5585,4235206835,53109978,102.81,1,25,2044,1114
5586,4235206835,4235206827,6.299,1,24.854848,2044,2042
5587,4237304235,53126429,16.193,2,25,2045,1236
5588,4237304235,1762740345,83.052,1,25,2045,1814
5589,4264245657,3125358059,19.587,1,25,2046,2009
5590,4264245657,5780858677,71.789,1,25,2046,2059
5591,4294455620,53021359,15.382,1,25,2047,122
5592,4294455620,53157267,79.897,1,25,2047,1324
5593,4294455624,53021357,64.732,1,25,2048,121
5594,4294455624,53021359,16.727,1,25,2048,122
5595,4294455624,4294455620,23.261,1,24.854848,2048,2047
5596,4305376805,52987686,11.57,1,25,2049,25
5597,4305376805,53096121,148.31,1,25,2049,1037
5598,4305376805,239669186,96.993,3,25,2049,1456
5599,4330828662,53060402,90.161,2,25,2050,585
5600,4330828662,53117335,37.003,2,25,2050,1180
5601,4330828662,4330828671,36.194,1,24.854848,2050,2051
5602,4330828671,53117335,33.791,3,25,2051,1180
5603,4330828671,53152991,19.301,3,25,2051,1318
5604,4333613310,6562055675,22.816,1,25,2052,2066
5605,4333613313,53090142,22.938,1,24.854848,2053,946
5606,4333613313,260908806,52.142,1,24.854848,2053,1622
5607,4333613313,4333613310,29.994,1,24.854848,2053,2052
5608,4349679534,53054244,17.651,1,25,2054,447
5609,4649468731,243673084,37.636,1,25,2055,1554
5610,5035371508,53094053,124.444,1,25,2056,1011
5611,5106682767,53086332,6.506,1,25,2057,927
5612,5106682767,5106682771,66.916,1,25,2057,2058
5613,5106682771,53031582,151.56,1,25,2058,239
5614,5106682771,53086332,67.648,2,25,2058,927
5615,5780858677,3125358057,18.389,1,25,2059,2008
5616,5780858677,4264245657,71.789,1,25,2059,2046
5617,5843267444,53062891,37.542,1,25,2060,612
5618,5966587501,53090142,7.839,1,25,2061,946
5619,5966587501,4333613313,23.37,1,24.854848,2061,2053
5620,5994754918,53058788,15.855,1,25,2062,543
5621,5994754918,53139647,196.054,1,25,2062,1281
5622,5994754920,53134702,128.559,1,25,2063,1271
5623,5994754920,5994754918,14.017,1,25,2063,2062
5624,6141356414,53118707,36.442,1,25,2064,1189
5625,6141356414,10938673898,5.065,1,25,2064,2105
5626,6562055668,462762669,36.516,1,25,2065,1796
5627,6562055668,5966587501,8.593,1,24.854848,2065,2061
5628,6562055675,53034977,163.323,1,25,2066,252
5629,6562055675,6562055668,41.483,2,25,2066,2065
5630,6612677233,53091888,25.254,1,25,2067,989
5631,6612732972,53107627,80.262,1,25,2068,1104
5632,6949955870,53072371,14.268,2,25,2069,729
5633,6949955870,53084389,112.166,2,25,2069,899
5634,6949955870,4168241886,58.988,1,25,2069,2035
5635,6952299129,53036804,128.282,1,25,2070,260
5636,6952299129,53036805,8.634,1,25,2070,261
5637,6952299129,53062065,57.134,1,25,2070,607
5638,7130122362,53044103,207.658,1,25,2071,355
5639,7130122362,53044106,209.838,1,25,2071,356
5640,7130122362,7130122364,75.375,1,25,2071,2072
5641,7130122364,53129639,106.558,1,25,2072,1249
5642,7130122364,53129643,135.793,1,25,2072,1250
5643,7130122364,53134702,115.75,1,25,2072,1271
5644,7130122364,7130122362,75.375,1,25,2072,2071
5645,7779828769,53055203,450.827,2,20,2073,474
5646,7916222522,53058582,219.821,1,25,2074,537
5647,8417814501,53059198,94.212,1,25,2075,564
5648,8417814501,53091823,139.319,1,25,2075,969
5649,8417814501,53091826,178.261,1,25,2075,970
5650,8417814501,2010214253,141.479,1,25,2075,1944
5651,9394151507,53104528,129.018,1,24.854848,2076,1091
5652,9394151507,2187426872,14.677,1,24.854848,2076,1958
5653,9441350540,74261455,7.339,1,25,2077,1374
5654,9441350544,9441350569,35.385,1,25,2078,2079
5655,9441350569,53055155,44.541,1,35,2079,456
5656,9441350569,53091834,303.153,1,35,2079,972
5657,9451650039,53026098,242.155,1,25,2080,140
5658,9451650039,53119366,109.812,1,25,2080,1193
5659,9451650039,9451650041,52.944,1,25,2080,2081
5660,9451650041,53026106,99.737,1,25,2081,142
5661,9451650041,53080870,167.839,1,25,2081,812
5662,9451650041,9451650039,52.944,1,25,2081,2080
5663,9569859259,53020957,87.129,1,25,2082,94
5664,9569859259,53020958,35.541,1,25,2082,95
5665,9569859260,53020959,53.379,1,25,2083,96
5666,9569859260,9569859262,29.838,1,25,2083,2084
5667,9569859262,258884723,60.869,1,25,2084,1600
5668,9569859262,283296760,21.722,1,25,2084,1732
5669,9826671818,240448827,8.429,2,35,2085,1487
5670,9826671823,9826671825,15.275,1,35,2086,2087
5671,9826671823,9826671826,17.551,1,25,2086,2088
5672,9826671825,240448833,30.93,1,35,2087,1489
5673,9826671826,87358434,460.82,1,25,2088,1379
5674,9826671826,9826671825,18.983,1,25,2088,2087
5675,9861927588,52978704,14.763,1,25,2089,14
5676,9861927588,52978706,190.847,1,25,2089,15
5677,9908972415,53060256,28.994,1,25,2090,577
5678,9908989502,53107625,43.56,1,25,2091,1103
5679,9935474578,53055559,130.526,1,25,2092,488
5680,9935474578,9935474582,25.486,1,25,2092,2094
5681,9935474581,53030348,75.558,1,25,2093,212
5682,9935474581,9935474578,25.131,1,25,2093,2092
5683,9935474582,53055561,25.479,1,25,2094,489
5684,9935474582,53098218,75.359,1,25,2094,1045
5685,9992040903,2327822491,16.147,2,25,2095,1978
5686,9992040903,14069790141,98.881,2,25,2095,2142
5687,10127786906,2184578204,192.494,1,25,2096,1956
5688,10127786906,10127786909,5.234,1,25,2096,2099
5689,10127786907,53068394,97.496,1,25,2097,689
5690,10127786907,10127786906,5.195,1,25,2097,2096
5691,10127786908,92951582,55.636,1,25,2098,1387
5692,10127786908,10127786907,5.03,1,25,2098,2097
5693,10127786909,10127786908,4.931,1,25,2099,2098
5694,10593597339,53027133,113.672,1,25,2100,156
5695,10593597339,240448980,14.59,1,25,2100,1525
5696,10593597341,53021954,135.391,1,25,2101,127
5697,10593597341,1789060664,13.667,1,25,2101,1925
5698,10593597341,10593597339,18.226,1,25,2101,2100
5699,10747552205,53121255,21.766,2,25,2102,1208
5700,10747552205,57066394,79.494,2,25,2102,1343
5701,10747552208,53105807,96.108,1,25,2103,1097
5702,10747552208,10747552205,20.296,2,25,2103,2102
5703,10930747855,53093988,52.126,1,25,2104,1009
5704,10938673898,53099285,71.358,1,25,2105,1066
5705,10979748950,53082575,143.729,1,25,2106,855
5706,10979748950,53117302,17.186,1,25,2106,1174
5707,11006910222,9826671818,86.975,2,35,2107,2085
5708,11006910222,11006910225,14.316,1,24.854848,2107,2108
5709,11006910225,290106079,351.601,2,35,2108,1762
5710,11322981442,4168148408,99.657,2,30,2109,2034
5711,11374954920,35719112,180.582,1,15,2110,6
5712,11374955207,35719182,330.699,1,25,2111,10
5713,11374955207,11374955209,26.035,1,24.854848,2111,2112
5714,11374955209,11374955207,26.035,1,24.854848,2112,2111
5715,11374955260,53147743,19.473,1,25,2113,1301
5716,11374955290,35719172,236.915,1,25,2114,8
5717,11504374372,53020977,58.794,2,25,2115,107
5718,11504374372,53082750,48.691,2,25,2115,880
5719,11515571161,53020968,24.018,3,25,2116,101
5720,11515571161,11515578376,52.335,2,25,2116,2120
5721,11515571162,53041081,78.99,2,25,2117,316
5722,11515571162,11515571167,24.856,3,25,2117,2118
5723,11515571167,53020967,100.774,1,25,2118,100
5724,11515571167,53020968,7.435,1,25,2118,101
5725,11515571167,11515571161,24.009,2,25,2118,2116
5726,11515578375,53085610,78.143,2,25,2119,906
5727,11515578375,11515578390,25.39,2,25,2119,2121
5728,11515578376,53082738,26.036,2,25,2120,874
5729,11515578376,11515571161,52.335,2,25,2120,2116
5730,11515578390,53082738,6.88,1,25,2121,874
5731,11515578390,53082741,197.294,1,25,2121,875
5732,11515578390,11515578376,25.574,2,25,2121,2120
5733,11637411577,53063572,95.793,1,25,2122,638
5734,11637411577,11637411580,5.795,1,24.854848,2122,2125
5735,11637411578,1762740792,192.977,1,25,2123,1902
5736,11637411578,11637411577,5.823,1,24.854848,2123,2122
5737,11637411579,53030286,95.947,1,25,2124,202
5738,11637411579,11637411578,5.83,1,24.854848,2124,2123
5739,11637411580,53020929,199.848,1,25,2125,79
5740,11637411580,11637411579,5.757,1,24.854848,2125,2124
5741,11655174110,53138586,112.858,1,25,2126,1276
5742,11687209953,53114439,437.491,1,25,2127,1155
5743,12012924387,12012924388,21.471,2,24.854848,2128,2129
5744,12012924387,12796976963,65.617,2,25,2128,2139
5745,12012924388,240448794,16.276,2,24.854848,2129,1484
5746,12012924389,12012924392,19.171,1,25,2130,2131
5747,12012924389,12449832910,72.185,2,24.854848,2130,2133
5748,12012924392,4213510998,15.824,1,25,2131,2036
5749,12249087218,52982361,10.327,1,24.854848,2132,20
5750,12249087218,52982363,510.592,2,24.854848,2132,21
5751,12449832910,4213510999,29.431,2,24.854848,2133,2037
5752,12449832914,53064847,18.899,2,24.854848,2134,663
5753,12449832914,86333115,24.014,1,24.854848,2134,1377
5754,12449832925,12249087218,3.687,1,24.854848,2135,2132
5755,12449832933,53091888,764.738,1,35,2136,989
5756,12449832933,12449832925,22.075,1,35,2136,2135
5757,12682520908,53058576,100.606,1,25,2137,534
5758,12682520908,53080916,64.084,1,25,2137,814
5759,12682520908,12682520909,43.113,1,24.854848,2137,2138
5760,12682520909,12682520908,43.113,1,24.854848,2138,2137
5761,12796976963,53027121,200.707,2,25,2139,145
5762,12796976963,53064850,4.495,2,25,2139,664
5763,14015688857,53091828,46.401,1,25,2140,971
5764,14069790140,53055195,71.3,2,25,2141,470
5765,14069790140,14069790141,39.121,1,25,2141,2142
5766,14069790141,53055198,27.734,1,25,2142,471
5767,14069790141,9992040903,98.881,2,25,2142,2095
5768,14074301567,53055200,147.013,1,25,2143,472
5769,14074301567,53148316,186.634,1,25,2143,1303
5770,14074301567,2010214253,15.921,1,25,2143,1944
5771,14091213717,53086186,9.907,1,25,2144,924
5772,14091213717,99333110,81.465,1,25,2144,1401
5773,14180285581,12449832925,20.283,1,24.854848,2145,2135
5774,14180285581,12449832933,29.613,1,35,2145,2136
