dep_time,origin,destination
18001.3,102,1126
18001.6,571,419
18003.1,356,1728
18003.1,383,895
18003.4,108,814
18005.0,1718,902
18005.8,1139,26
18007.6,653,1731
18008.1,636,881
18012.1,1378,418
18012.2,396,1470
18014.6,1083,177
18016.2,511,1550
18016.3,1200,1481
18017.4,284,187
18018.8,1185,326
18021.2,413,1556
18021.6,1494,666
18022.2,858,1093
18023.7,292,700
18024.7,1002,669
18025.5,1105,899
18026.9,229,938
18029.1,1292,1643
18029.5,864,1288
18029.8,2044,1620
18032.5,1879,585
18032.9,1010,1076
18034.6,1754,1635
18035.2,566,2087
18036.0,192,449
18036.2,655,1729
18037.4,1576,1563
18038.5,1917,1029
18043.0,47,469
18044.4,1092,1393
18044.6,1780,647
18045.3,1078,2050
18047.2,2079,435
18049.7,1222,2079
18050.9,626,1531
18052.7,2,1327
18053.6,458,1486
18056.2,1259,980
18056.3,322,350
18058.0,283,515
18058.1,1946,676
18058.5,1733,867
18061.9,823,1276
18062.5,1529,1794
18065.4,1849,495
18065.8,262,1384
18065.8,942,902
18065.8,241,937
18065.9,128,1353
18066.0,974,1140
18067.4,877,541
18069.0,1936,995
18070.9,1667,779
18071.0,1765,1451
18071.7,1912,221
18073.1,403,248
18073.8,1389,447
18074.2,779,1837
18074.3,751,1140
18075.1,308,1815
18077.2,401,207
18078.5,60,382
18081.8,968,681
18082.5,1971,875
18085.0,240,674
18085.6,1599,1086
18088.9,1863,1168
18089.6,1993,634
18089.9,891,239
18090.9,249,1284
18091.0,1952,2059
18094.2,644,232
18098.3,328,761
18098.4,278,963
18099.0,1008,162
18100.2,1717,2141
18100.7,1068,836
18102.1,1286,977
18102.5,536,1228
18103.3,297,38
18104.0,409,300
18105.0,2072,1086
18105.2,1429,281
18107.8,1513,1167
18108.1,1239,32
18109.5,1226,424
18113.0,550,1083
18113.1,438,636
18113.5,862,1404
18113.8,1081,2070
18114.7,208,378
18115.9,1133,180
18115.9,535,1072
18116.2,1809,1751
18117.2,458,308
18120.8,610,147
18123.1,606,1760
18123.3,1262,1493
18126.2,163,1465
18126.5,1022,421
18127.0,1664,633
18130.3,969,665
18135.0,725,1688
18135.0,1360,1686
18137.1,1016,1092
18137.3,442,1566
18139.9,1927,911
18140.2,1885,1432
18140.6,932,913
18140.7,791,1632
18141.2,284,1143
18141.7,2086,1637
18143.1,1356,113
18143.3,1069,731
18144.4,1087,156
18144.5,1779,1415
18146.2,1284,1787
18147.4,2094,473
18148.0,778,1043
18148.0,1786,6
18148.9,807,1491
18149.7,1352,1285
18151.0,510,1230
18151.9,1672,1336
18152.6,1211,521
18152.8,1552,712
18154.0,1232,1663
18155.0,1,1244
18155.5,1760,1319
18156.3,1811,875
18157.2,695,347
18157.6,1372,382
18159.7,962,1271
18160.1,815,603
18160.1,1002,1946
18161.3,298,1865
18161.9,796,1572
18162.8,999,604
18164.2,22,436
18166.1,896,720
18168.1,2121,1902
18168.2,1020,497
18168.9,1903,1299
18172.7,1812,2067
18173.4,1826,651
18175.1,1944,1843
18175.5,1012,1135
18177.3,2135,1984
18178.6,1124,1801
18178.7,1170,960
18179.1,1309,330
18179.3,947,1568
18180.8,876,263
18181.4,1355,1908
18182.1,847,1720
18182.7,80,1558
18183.6,1440,1223
18185.3,1716,903
18186.2,1117,1785
18187.0,1592,1376
18188.4,1656,676
18190.7,522,110
18193.7,111,343
18195.0,555,1891
18195.2,1065,1552
18195.7,1862,1338
18196.3,1552,1139
18198.0,1726,1033
18200.3,1926,79
18202.0,213,1433
18202.4,281,164
18204.1,1012,816
18206.4,624,977
18206.6,468,892
18207.4,1049,1510
18207.6,469,670
18211.8,442,105
18215.2,1537,1624
18218.7,812,311
18219.9,994,417
18221.4,1235,495
18223.4,168,1422
18224.3,1517,282
18225.2,1397,51
18227.6,2007,432
18228.3,1483,1883
18229.9,1783,721
18231.5,1106,1980
18232.3,1099,1320
18234.7,354,1142
18237.4,998,1903
18238.5,1552,1377
18238.5,1331,744
18239.4,1453,1058
18239.9,1131,41
18240.8,782,350
18241.1,1664,2001
18242.2,984,1950
18243.5,2010,1835
18245.5,381,1205
18245.8,996,1254
18247.2,1511,1938
18248.2,1408,1742
18255.3,1354,1441
18256.9,1109,1255
18257.2,494,788
18257.7,758,784
18258.0,1983,1132
18259.6,1159,411
18261.9,1213,931
18262.5,1238,57
18264.0,518,1123
18264.1,223,1196
18265.6,517,2010
18265.7,50,1164
18266.5,1804,1395
18266.8,210,1034
18270.3,1956,467
18272.5,1641,2014
18272.6,219,621
18272.8,1244,348
18279.2,485,1704
18280.4,924,2140
18281.0,1813,1217
18283.5,1756,1250
18284.6,246,406
18288.3,851,864
18288.7,332,643
18289.0,307,641
18289.0,1845,1924
18289.4,948,1180
18291.0,1859,291
18292.5,1083,810
18293.2,920,610
18296.2,582,292
18296.2,1259,1182
18297.0,1919,1245
18298.5,1115,2049
18299.5,1793,329
18300.6,1769,1320
18301.8,105,374
18302.1,84,1103
18303.2,717,1927
18304.1,1811,1139
18304.4,1785,2014
18308.7,1925,1425
18309.4,1315,428
18311.9,1350,1686
18313.4,1180,1640
18315.5,150,1862
18315.6,1033,1324
18315.7,1655,2107
18317.9,4,1892
18318.6,768,2123
18319.2,2041,1810
18321.0,833,1093
18322.0,1179,1794
18324.7,1985,497
18324.7,980,648
18325.2,56,1671
18325.3,464,1890
18329.0,630,2041
18332.4,1195,2084
18333.9,1701,1976
18338.9,998,1870
18339.9,1571,780
18343.1,2081,559
18345.6,1131,1699
18346.1,2079,1094
18348.3,1158,1222
18350.6,2005,608
18351.3,1983,1413
18351.8,1545,1865
18355.2,772,978
18356.3,956,1682
18356.4,1937,1561
18357.0,623,2028
18361.2,517,2057
18365.4,1359,411
18368.0,1803,408
18369.0,1871,62
18370.6,1679,632
18370.7,1085,1386
18371.9,1628,328
18374.3,1556,1297
18375.6,1998,147
18376.8,961,1177
18384.3,370,1777
18389.1,411,1817
18389.4,1226,118
18389.4,229,1201
18390.0,1764,596
18390.3,1687,737
18390.6,323,1566
18391.8,986,2038
18394.9,586,951
18395.6,1040,1882
18396.0,38,1905
18398.9,647,302
18399.7,1415,1225
18400.9,1737,1024
18401.7,1237,815
18411.0,1979,436
18411.3,1470,1211
18417.5,1209,89
18422.3,1621,1124
18422.4,200,2034
18424.6,1172,942
18425.8,1443,897
18427.1,1026,560
18428.3,161,1265
18430.3,136,1494
18431.9,369,1208
18432.4,1701,719
18432.7,1498,2055
18435.8,673,1052
18438.9,1973,1208
18440.6,1387,471
18441.4,308,576
18443.2,924,1627
18447.5,1498,369
18449.5,57,1083
18450.4,1862,1509
18451.8,1073,1560
18454.0,1521,443
18455.4,1931,102
18456.6,1343,906
18458.0,1901,1237
18459.3,477,572
18459.3,152,1246
18466.3,475,398
18466.6,555,1591
18467.4,1716,632
18470.1,405,2004
18471.3,1145,134
18472.8,889,1816
18473.5,967,1485
18473.7,1504,1469
18473.7,1130,777
18478.1,1862,375
18479.5,87,207
18481.4,997,515
18483.3,840,281
18485.6,848,884
18487.7,954,1345
18489.6,11,1135
18492.0,592,532
18493.0,714,450
18494.4,105,539
18494.4,974,1326
18494.4,1086,214
18494.6,1724,465
18496.3,1950,1836
18498.2,2102,446
18499.0,907,177
18500.6,2135,1235
18501.4,127,249
18509.6,1645,1746
18511.1,2008,1816
18511.2,330,1319
18512.4,269,516
18512.8,1331,1560
18519.4,1207,1858
18520.3,1762,406
18522.2,468,880
18522.9,935,1694
18523.5,1857,1633
18524.1,389,1280
18524.8,1044,1533
18528.7,1942,274
18528.8,349,381
18529.6,1526,532
18530.6,1350,500
18531.2,1732,210
18535.6,1279,1440
18535.7,2078,871
18535.9,1975,918
18538.3,1434,1505
18538.5,1141,926
18540.5,107,1095
18540.6,1119,1265
18543.8,1437,25
18544.0,586,1641
18544.1,125,375
18545.9,881,1540
18546.5,1396,644
18547.1,1328,347
18549.8,637,644
18551.6,203,334
18552.0,1736,1989
18553.2,1696,1118
18553.5,2098,466
18554.0,454,1160
18555.4,1993,1263
18555.5,1618,224
18555.5,1234,865
18557.3,1046,1185
18557.9,31,2037
18559.6,719,529
18560.2,942,2049
18561.2,1450,295
18561.9,173,1786
18561.9,318,1282
18563.0,1656,1710
18563.4,1659,85
18567.7,703,1884
18569.9,1482,360
18570.6,433,996
18571.3,1640,322
18572.0,1270,1390
18572.3,688,312
18573.2,467,2088
18573.5,1431,1438
18575.1,604,967
18575.2,1048,808
18575.5,626,308
18575.7,2023,1900
18577.5,1838,1323
18580.0,1294,618
18580.7,1920,1811
18582.0,1125,230
18582.5,303,1271
18583.3,154,233
18583.9,1175,314
18585.2,369,2076
18585.8,168,1842
18588.8,771,1316
18590.0,2053,617
18594.0,1845,423
18596.1,1406,345
18597.0,706,160
18597.3,1793,1799
18598.3,650,1490
18598.9,1158,1586
18599.5,1385,214
18601.5,1370,269
18602.0,1583,1163
18602.4,615,1365
18602.5,579,1432
18602.9,1605,528
18604.1,347,1268
18605.1,1345,523
18606.5,382,1734
18607.4,74,1485
18607.9,877,1399
18611.6,1991,786
18611.9,563,634
18612.0,414,2079
18613.9,154,1379
18616.5,536,1543
18616.7,740,678
18618.3,178,1682
18618.9,972,1819
18620.1,1838,958
18621.0,1267,1921
18624.0,794,1506
18625.4,1804,1891
18627.3,1564,2059
18628.2,663,817
18630.2,566,1024
18630.3,1968,1520
18631.3,420,2113
18633.7,1167,343
18635.6,1117,1840
18638.5,603,1791
18638.6,909,1847
18641.4,109,1699
18641.4,2056,1531
18641.8,334,1535
18642.1,1305,405
18644.4,1373,598
18644.6,1175,1935
18646.1,568,1921
18646.8,21,324
18646.9,883,612
18647.9,1733,455
18649.7,973,1233
18649.9,976,1719
18651.2,1872,257
18651.3,2047,67
18652.6,990,588
18653.0,6,1445
18653.4,1706,767
18654.8,350,2144
18659.4,277,2078
18661.3,2079,83
18662.0,1925,178
18663.2,1529,1038
18665.0,1462,276
18665.5,424,1361
18665.7,1443,1386
18667.8,717,1903
18672.8,1960,746
18674.9,258,1874
18674.9,825,179
18676.9,171,1292
18680.3,2111,1631
18686.0,1939,1037
18686.1,782,1171
18686.6,195,1359
18687.0,1507,1789
18689.8,1801,1583
18690.3,765,2032
18691.8,1504,2126
18692.2,338,1738
18692.3,739,1203
18692.8,327,1343
18694.1,1255,1826
18695.3,1745,682
18696.8,1439,1831
18696.8,1444,1781
18697.2,234,307
18698.6,1663,1488
18699.5,655,127
18699.7,1794,142
18699.9,966,1500
18700.5,132,628
18701.9,1519,1523
18702.6,314,563
18703.6,1630,1287
18704.9,1022,464
18704.9,762,2044
18705.9,482,1072
18707.7,1827,878
18714.8,1169,2011
18715.1,555,303
18715.9,1823,359
18718.0,1309,1423
18719.5,1189,1228
18721.9,713,1480
18722.8,497,823
18724.8,969,2023
18724.8,1511,1914
18726.9,531,353
18727.0,1630,1960
18727.9,1677,302
18728.1,1298,303
18728.8,2119,1411
18729.0,745,528
18729.7,226,508
18730.6,1245,674
18730.9,923,1417
18734.6,2125,1163
18736.9,1026,804
18738.2,1124,512
18739.4,382,2058
18740.7,631,701
18742.1,1382,168
18744.3,116,332
18744.3,1084,863
18746.2,1706,124
18747.0,1186,1237
18747.9,1663,1218
18748.6,245,647
18749.4,1983,1902
18749.6,588,1280
18752.1,1307,1414
18756.8,535,1517
18757.7,434,1307
18758.1,501,1095
18758.8,577,396
18758.9,1573,1712
18759.2,654,1341
18762.7,1280,777
18764.5,2040,2108
18765.3,1263,2037
18765.3,1610,2070
18766.1,986,881
18767.2,199,207
18767.6,1927,1170
18768.6,440,1765
18768.7,1083,1498
18770.6,1498,185
18771.2,797,1484
18772.2,301,1582
18773.1,1145,486
18773.3,396,1613
18773.9,1388,1497
18775.6,815,2085
18776.3,164,185
18776.3,1364,1940
18777.3,610,2111
18777.4,1304,665
18778.1,1225,1377
18779.0,2087,2006
18780.5,1227,1945
18782.6,1508,1356
18784.1,1706,1260
18786.1,109,1943
18786.5,932,210
18787.6,698,1557
18787.8,992,129
18788.8,450,781
18788.9,1284,1715
18789.1,835,1680
18789.9,1931,255
18791.5,2124,849
18792.5,1959,1543
18793.0,709,1882
18796.1,1402,1451
18797.5,1082,1983
18797.7,1009,1142
18798.8,921,1219
18800.6,849,2002
18801.1,1428,1120
18801.5,1555,1616
18803.7,599,1189
18803.7,323,1418
18807.0,1050,1962
18807.3,1110,1112
18807.5,980,993
18807.5,924,953
18807.6,1692,1352
18809.2,411,563
18809.2,646,1666
18810.5,1948,1955
18811.9,1176,1315
18812.3,242,366
18813.6,951,152
18816.7,717,1711
18819.4,720,148
18826.8,1626,2029
18827.1,1185,153
18827.1,439,1372
18827.5,2023,549
18829.9,1917,1117
18830.2,461,1354
18830.4,1879,1053
18832.0,57,1380
18834.0,791,718
18835.1,1660,1751
18836.1,355,1641
18837.4,756,575
18838.3,1016,27
18838.6,964,1829
18840.4,1350,1236
18841.5,46,1071
18842.8,967,254
18844.2,1906,1256
18844.5,2058,1273
18845.9,1208,1505
18847.1,897,547
18848.0,1863,1530
18848.6,1928,894
18850.4,335,1829
18851.4,1481,319
18854.5,459,252
18856.7,2070,828
18857.8,613,673
18858.3,2131,1809
18858.5,841,2002
18858.6,2090,1824
18860.7,1857,540
18861.6,1871,236
18862.6,1262,89
18863.3,12,892
18864.3,185,1735
18864.9,261,246
18868.3,282,1933
18868.4,1674,737
18870.2,1721,1533
18876.4,1566,1837
18879.0,1546,1538
18879.1,544,1424
18879.3,1609,521
18880.9,912,14
18882.7,1222,1896
18884.1,1737,1553
18886.3,1013,1886
18886.8,1129,772
18890.3,462,131
18892.4,1717,64
18892.7,275,413
18893.9,1828,199
18894.2,181,1647
18894.9,889,231
18895.1,1184,959
18897.3,1306,1313
18897.6,586,2135
18897.9,1230,1127
18898.0,717,1749
18899.0,192,1410
18902.6,1561,1305
18904.1,1672,611
18904.6,753,1939
18904.9,923,1231
18907.4,591,1896
18910.5,1690,1706
18911.5,549,1590
18911.8,832,1352
18913.2,1842,1519
18913.3,780,211
18913.7,161,298
18913.9,888,1963
18914.2,1363,1241
18918.2,62,867
18921.7,480,1961
18924.8,837,1624
18927.9,1317,1159
18928.5,1471,1263
18928.9,2100,2036
18929.7,1923,1311
18932.8,1518,1281
18933.4,906,597
18933.4,1710,1209
18933.7,1351,942
18934.3,1006,2045
18935.3,1382,1054
18937.1,2001,2009
18937.9,1442,693
18938.1,2000,753
18941.2,240,138
18943.5,304,198
18945.3,1689,563
18947.6,947,278
18949.2,37,895
18950.1,1528,247
18951.3,1979,1998
18951.3,1684,48
18951.3,1125,1174
18951.3,1763,734
18951.5,394,609
18951.8,1033,1451
18952.2,1625,323
18952.8,1663,1880
18953.9,925,1228
18955.3,330,129
18955.4,1553,1544
18956.5,229,38
18958.0,338,2047
18960.3,1356,390
18963.2,174,941
18963.5,1947,1110
18963.5,304,1148
18966.4,134,734
18969.8,1288,64
18973.9,590,1631
18977.2,1225,665
18978.2,1593,1358
18978.8,573,321
18979.7,1416,219
18979.8,950,311
18980.4,1624,1336
18980.4,1119,1845
18981.3,1457,1537
18982.0,1556,351
18983.8,1209,1009
18985.4,336,1097
18985.6,631,1595
18986.1,436,374
18986.1,1262,1821
18986.7,1104,418
18986.8,767,1765
18987.6,2098,1671
18987.7,367,1449
18988.8,1328,1577
18988.8,1694,1588
18990.7,994,2134
18990.9,1559,694
18991.1,1233,1099
18992.0,259,684
18992.7,1724,1227
18993.5,315,1479
18993.9,1010,2030
18995.0,800,1875
18995.1,1247,27
18998.9,1360,1556
19000.9,1349,1803
19001.5,557,1230
19001.9,822,1962
19002.4,1631,1307
19002.9,2011,992
19003.4,1148,1609
19003.9,818,736
19005.4,110,1890
19009.0,858,1795
19011.0,283,1675
19012.4,570,1240
19012.7,631,1733
19014.7,302,1839
19020.6,1962,1641
19021.6,1713,150
19023.5,1472,348
19023.7,1016,1454
19023.9,181,1636
19028.2,1358,1763
19028.3,403,1059
19028.7,2124,905
19029.4,1602,1896
19031.3,2049,617
19031.8,100,1977
19031.9,1703,351
19032.1,580,1426
19032.6,1865,847
19033.5,1426,1950
19033.6,1853,1306
19033.7,183,471
19033.7,1405,447
19035.2,673,999
19036.1,655,1355
19037.1,1892,949
19039.1,755,763
19040.4,1770,1620
19040.5,808,1841
19041.6,1592,18
19043.1,842,1140
19044.9,256,416
19046.9,765,1498
19047.4,1874,466
19047.8,2004,1283
19048.9,1607,467
19049.5,1875,706
19051.6,1218,347
19053.0,1282,482
19053.3,479,749
19053.9,579,2092
19054.5,564,1571
19055.2,1993,709
19056.3,2005,1183
19056.4,1288,1847
19057.7,1470,39
19058.5,799,1572
19062.7,2070,2027
19063.3,2014,1702
19064.9,1818,2001
19065.1,126,903
19065.6,1125,920
19066.5,688,1873
19067.6,2028,2092
19067.7,467,1097
19069.6,1502,170
19071.4,1807,895
19077.2,419,1013
19077.6,132,1842
19078.0,356,1798
19080.6,480,970
19080.9,1436,1753
19081.1,570,846
19083.2,243,1436
19084.2,689,1325
19089.0,1198,1185
19090.1,2107,390
19090.3,1685,242
19096.4,519,543
19096.8,1319,1013
19098.6,1608,2004
19098.8,1100,1696
19099.4,309,381
19100.0,1139,1511
19100.8,1999,1340
19101.9,381,1877
19103.2,1467,259
19105.2,1629,892
19109.5,867,2026
19109.9,1161,1383
19110.9,534,1987
19112.9,198,188
19113.0,1882,66
19113.2,647,1807
19113.9,1752,828
19120.8,540,1236
19121.0,1122,382
19122.4,1025,337
19122.9,677,212
19123.6,1251,959
19124.3,373,389
19124.3,1953,319
19124.5,926,2127
19125.9,38,33
19127.4,493,1729
19128.9,1956,290
19129.2,365,419
19129.4,1505,1225
19129.5,545,585
19129.6,34,672
19130.4,872,620
19133.5,1812,889
19133.7,411,573
19135.4,1572,1439
19139.6,1288,572
19139.9,345,1016
19141.0,1167,109
19143.3,1235,841
19144.2,2087,772
19146.0,1210,223
19147.9,980,2027
19148.5,987,2046
19149.8,290,49
19155.3,1296,540
19155.9,1723,1496
19156.9,707,1929
19160.8,298,68
19161.9,56,1073
19162.2,247,1630
19163.1,2052,1701
19163.8,1647,337
19165.1,625,1136
19165.2,323,2094
19168.4,636,1338
19169.0,270,1270
19170.5,977,237
19170.9,1779,475
19171.6,225,1266
19173.0,719,489
19173.0,562,46
19173.2,1420,2142
19174.2,1061,683
19174.7,1100,483
19176.6,120,1372
19178.7,1114,2145
19178.8,315,2032
19179.5,1475,227
19180.4,683,1506
19180.6,421,472
19180.9,2084,10
19181.0,50,1001
19181.1,1490,1568
19184.2,733,144
19185.3,1717,919
19185.8,1704,1310
19186.2,319,1527
19186.3,215,734
19186.6,2112,188
19190.5,282,1905
19193.0,1272,1340
19193.2,1870,32
19193.7,1194,1244
19195.4,993,1900
19196.0,2020,800
19197.7,1004,616
19197.7,1679,97
19198.0,1418,39
19201.8,5,1541
19204.2,1259,425
19204.5,975,1719
19205.3,245,583
19206.9,381,179
19210.1,2128,1691
19211.6,1525,1877
19216.3,347,391
19217.1,1615,306
19218.3,255,1781
19219.6,535,969
19220.1,1290,1609
19221.6,1336,1302
19222.4,956,305
19226.0,557,446
19226.2,673,1841
19227.0,1665,494
19227.9,850,1851
19228.4,1085,491
19228.5,1246,165
19228.8,1342,607
19229.0,1016,1457
19229.6,200,1224
19230.0,712,127
19233.8,1852,1023
19233.9,417,572
19234.1,252,910
19234.3,1640,1524
19235.7,344,1060
19238.9,307,89
19246.3,809,1816
19248.3,376,1358
19248.5,1888,207
19248.7,1774,1617
19249.6,1567,1747
19249.8,879,766
19250.2,1826,608
19250.3,1006,1208
19251.2,1962,249
19251.3,1568,562
19252.0,1020,79
19257.7,1470,1964
19258.7,1985,1409
19261.8,2057,1317
19262.4,736,106
19262.9,897,120
19265.7,1150,239
19267.8,1932,1464
19269.6,953,653
19269.8,987,1091
19270.7,229,898
19271.8,1590,1453
19275.3,711,721
19275.6,1302,1469
19278.7,115,1440
19282.4,582,771
19284.7,2016,1265
19284.9,155,369
19285.0,896,81
19285.9,2,1358
19289.1,825,534
19289.6,726,1325
19289.7,605,580
19291.6,1494,297
19292.2,1620,413
19292.7,1321,558
19297.4,1789,1995
19298.7,713,1461
19299.0,718,1549
19299.5,1206,521
19299.7,7,1603
19302.1,132,745
19303.3,904,426
19306.7,576,1356
19308.5,974,1420
19313.6,687,363
19315.7,1375,1829
19315.7,858,1022
19317.2,1435,1051
19319.2,5,197
19319.8,1718,681
19322.5,2019,1551
19323.1,1537,415
19325.3,923,666
19326.0,136,1207
19326.1,1069,428
19326.2,696,1537
19326.4,307,381
19326.9,1977,126
19327.6,675,1778
19327.8,414,1356
19328.1,778,1676
19329.6,1086,1153
19330.1,392,203
19330.7,2010,629
19330.8,15,1751
19330.9,1967,817
19331.0,847,699
19332.3,335,1939
19334.6,1263,1628
19335.4,1085,373
19336.7,1587,757
19337.3,1562,1513
19337.6,182,1078
19338.3,1078,926
19340.6,252,619
19342.4,396,351
19343.7,1695,931
19344.8,1585,2140
19345.4,1944,965
19346.3,323,1617
19349.2,142,2056
19350.3,2116,603
19350.4,1839,708
19354.2,684,867
19356.3,516,174
19356.9,1783,827
19364.4,605,1056
19364.9,274,356
19365.5,1627,1335
19367.9,2128,1876
19371.1,50,2140
19373.0,460,1697
19373.2,410,432
19374.2,413,1171
19376.8,1408,1683
19377.2,1988,1937
19377.2,1128,1650
19377.4,1645,158
19378.1,1357,973
19378.1,1946,1100
19381.0,82,1383
19383.1,1241,1273
19383.5,2013,402
19388.1,933,550
19388.5,1814,1314
19388.9,1707,365
19389.2,865,1667
19390.9,2115,1531
19393.0,2110,651
19393.1,2075,1652
19393.3,118,711
19393.6,822,236
19393.9,1869,207
19397.1,815,1122
19397.7,1901,2068
19398.3,507,125
19398.7,2002,1827
19398.9,1943,1432
19399.4,1059,370
19399.9,1583,203
19400.1,877,906
19401.4,846,1102
19402.7,2102,82
19405.2,36,1941
19408.3,709,34
19408.6,1251,1127
19409.3,1542,1428
19410.1,893,1911
19410.5,2132,1626
19411.6,30,2095
19421.1,1532,1157
19421.5,442,1973
19421.6,1132,1331
19424.1,1069,1223
19424.3,2118,984
19427.2,1655,1309
19428.7,104,2037
19436.2,1062,1714
19436.9,144,777
19437.4,910,1948
19440.4,1468,2077
19440.8,696,741
19441.3,1928,524
19443.0,749,1374
19444.3,910,1455
19444.6,1257,1722
19446.6,1357,1522
19447.0,1204,1899
19449.4,1927,219
19451.9,291,1934
19454.7,2049,490
19457.2,1563,1222
19457.9,617,562
19464.0,1403,1676
19469.5,1874,586
19470.0,738,331
19470.8,724,1283
19472.1,19,1851
19472.5,690,648
19473.4,360,530
19474.6,1758,1652
19475.3,1955,1570
19475.3,816,1528
19479.1,1319,780
19479.1,16,1019
19479.4,1410,1278
19479.6,1571,2061
19480.7,684,267
19482.9,1221,1191
19483.6,2131,1383
19484.4,548,1403
19491.4,2007,1471
19493.1,675,1652
19493.1,918,537
19493.4,89,2066
19493.7,1501,153
19494.3,1047,199
19495.4,196,442
19496.7,80,197
19498.2,1707,1819
19498.8,1035,1943
19500.3,841,38
19500.8,413,2131
19501.2,561,1715
19503.4,429,2095
19505.0,482,1157
19505.2,435,2038
19505.5,818,1077
19507.7,826,1466
19509.2,1209,656
19509.3,2033,850
19510.7,1968,1354
19511.1,52,364
19514.1,2023,610
19517.8,2095,307
19519.5,414,1048
19520.8,1870,1212
19521.1,205,408
19523.3,161,1190
19523.8,1280,1744
19525.5,389,187
19525.5,566,698
19526.0,1792,1098
19528.7,380,1526
19530.8,749,466
19531.5,1869,1113
19533.7,1958,1727
19535.0,683,463
19535.2,240,652
19535.4,1977,1794
19535.6,1555,1468
19536.8,535,1978
19540.0,462,1684
19540.7,259,1071
19542.1,50,917
19546.9,1385,2126
19547.8,390,1772
19549.2,1018,1973
19549.7,1576,608
19552.0,223,47
19553.3,642,2070
19555.7,2030,677
19555.8,2013,1313
19556.1,1139,206
19557.0,1550,1651
19559.2,322,1880
19559.9,1835,360
19562.3,1831,1294
19562.5,2037,72
19562.6,1688,146
19563.7,0,372
19565.6,1247,2082
19566.7,1868,1396
19567.3,222,913
19569.6,1359,1937
19571.2,1488,1853
19571.3,908,8
19571.9,1195,2138
19572.5,435,187
19575.3,2016,575
19577.5,1676,438
19577.9,802,768
19578.0,1609,883
19578.8,780,1384
19578.9,1697,190
19582.2,504,1845
19583.0,2065,551
19587.2,17,198
19588.2,1772,1978
19591.5,725,711
19593.1,525,424
19593.7,1318,2064
19596.4,1714,1016
19596.8,1404,1204
19597.6,546,565
19598.2,2098,1224
19600.6,1285,890
19600.9,1190,1414
19604.1,543,728
19604.9,1320,472
19606.7,1967,1709
19608.2,1171,1730
19610.2,2141,436
19610.3,595,217
19611.7,818,1093
19613.4,659,1173
19614.9,599,254
19616.3,1208,835
19618.1,132,1469
19620.2,419,918
19621.9,1592,973
19622.8,1178,192
19626.1,1587,1706
19630.1,1280,220
19630.1,1029,831
19631.3,1814,923
19634.4,1506,804
19636.3,792,1204
19637.0,305,765
19641.1,2104,488
19641.7,1755,1143
19642.8,532,659
19643.9,1044,23
19644.4,634,163
19644.6,1321,208
19646.5,1233,2009
19648.4,1466,298
19650.4,1301,900
19654.3,2132,279
19656.3,652,1703
19657.3,1652,376
19657.8,873,1359
19658.3,1202,894
19662.1,1945,36
19662.2,1417,1825
19662.6,998,163
19664.0,1314,1562
19667.2,464,1580
19667.5,1158,101
19670.6,1535,2106
19672.6,1825,1993
19672.7,788,1312
19673.6,393,685
19678.1,30,268
19678.4,873,1737
19680.7,842,1782
19682.0,295,629
19682.0,1358,155
19682.1,222,729
19684.1,288,932
19687.1,1669,1589
19687.9,1656,1773
19688.4,1595,484
19689.3,259,186
19690.9,297,1465
19694.2,434,1187
19696.1,1234,354
19696.5,1792,1562
19697.2,126,1941
19697.4,900,558
19699.1,1208,590
19699.6,1528,45
19700.6,579,504
19700.6,1614,348
19701.1,1408,867
19701.8,2099,583
19702.0,904,1035
19702.3,742,222
19704.7,1889,299
19705.1,275,1026
19705.2,1995,1355
19705.8,960,409
19706.2,285,792
19706.7,1845,1344
19707.9,1252,624
19708.9,1492,1295
19713.0,690,19
19713.4,907,1786
19713.8,1472,550
19715.3,1358,1965
19716.1,1469,1251
19716.9,445,719
19718.2,335,1149
19720.7,573,804
19721.1,313,308
19723.9,2077,127
19726.0,1659,871
19729.0,1067,1933
19730.3,608,1498
19730.9,1191,548
19731.7,2090,370
19732.3,2056,43
19733.7,679,2105
19733.9,652,733
19735.0,598,1980
19738.5,165,896
19740.3,949,257
19740.7,958,175
19742.1,2121,1479
19742.7,1862,190
19742.7,1327,422
19744.3,2135,1120
19746.5,1078,712
19747.1,1550,1496
19748.3,318,2116
19748.6,912,2115
19749.3,1413,1994
19751.3,27,2055
19754.0,1801,678
19754.3,2107,1150
19754.6,765,644
19755.1,484,943
19755.8,1352,464
19756.7,1961,1962
19756.9,660,1683
19757.0,176,523
19758.1,659,551
19759.3,160,601
19759.4,1057,737
19760.3,1660,76
19762.9,1161,351
19763.3,1930,1972
19763.5,1682,584
19765.5,744,2092
19765.9,1403,1857
19767.0,281,941
19767.6,541,444
19767.6,2141,2065
19769.1,612,394
19769.3,159,2061
19771.1,381,1975
19772.5,4,1767
19773.4,1517,177
19774.9,1757,939
19778.4,1974,1561
19778.9,400,1742
19779.1,1954,952
19782.2,343,1160
19783.3,1673,1055
19783.6,29,2140
19783.7,29,1536
19785.1,1293,1674
19785.6,633,1745
19787.0,1038,1070
19789.4,1734,1497
19790.6,1627,834
19791.3,1976,732
19791.8,1981,1039
19797.5,1410,1630
19799.2,487,941
19799.9,662,410
19800.2,1640,1386
19802.2,213,658
19802.9,21,373
19805.0,1931,1783
19805.2,1077,908
19805.7,154,1574
19809.1,1641,2134
19809.5,235,717
19810.8,1798,43
19811.1,2122,1171
19811.4,2091,2112
19812.9,694,147
19813.4,1,644
19813.6,1130,1636
19814.1,1618,1660
19815.2,2120,62
19816.9,281,369
19817.9,1425,1423
19822.1,1132,926
19823.2,796,1862
19826.6,19,1069
19826.8,2073,436
19827.9,2060,1205
19828.4,479,2102
19832.3,1024,1813
19836.6,1980,996
19838.4,1879,1887
19841.2,112,1974
19841.4,276,1567
19842.7,902,941
19844.7,1689,1446
19845.6,39,1078
19846.0,380,1634
19847.4,1400,311
19848.4,731,1951
19848.9,895,1102
19849.1,778,2043
19850.8,961,991
19853.4,846,938
19853.7,1022,1458
19853.9,436,491
19857.1,2017,27
19858.9,173,1975
19859.5,1291,2016
19862.4,1125,2010
19862.6,2093,1147
19863.3,525,221
19864.2,1733,1959
19867.8,133,2058
19868.3,715,1872
19873.0,2122,1884
19873.5,34,48
19874.9,1554,412
19875.4,1063,766
19876.4,971,1103
19877.2,1405,1498
19877.5,1736,862
19878.1,1524,1495
19880.6,1145,1846
19880.8,537,936
19882.9,1105,965
19884.0,1560,803
19884.2,612,1937
19886.2,723,1726
19887.1,2117,1293
19889.0,1228,1027
19890.1,195,1631
19890.2,669,245
19890.5,1041,1951
19892.8,394,1842
19894.5,1064,1478
19895.1,1055,1409
19895.1,496,1438
19897.7,814,714
19902.6,1165,1454
19903.1,2090,1996
19904.9,1830,321
19905.5,1173,1899
19906.8,593,686
19908.1,1381,1727
19909.3,1657,292
19909.5,1407,934
19909.9,1193,1095
19911.1,1619,1111
19913.9,1487,2133
19918.1,1695,685
19918.3,94,512
19920.0,1030,327
19920.3,1626,421
19920.4,1938,220
19920.4,1626,340
19920.6,636,345
19921.9,1596,1267
19922.3,1163,1815
19923.5,537,698
19923.5,1461,1332
19926.0,1913,1115
19927.0,553,725
19928.2,1870,1781
19929.1,1268,1422
19929.9,930,366
19930.7,1498,1688
19931.1,1243,43
19931.1,558,1408
19931.5,34,2014
19935.2,1954,1227
19935.2,1763,1199
19936.3,29,1530
19936.6,1790,1616
19937.0,1596,1549
19937.3,324,1729
19938.5,2116,1113
19938.9,1101,1691
19939.2,280,747
19939.4,452,1865
19940.6,1114,2015
19940.9,79,623
19940.9,90,761
19945.4,1155,1102
19945.6,1795,33
19945.9,617,60
19946.8,1400,1721
19947.3,2041,1521
19948.1,129,1352
19948.2,598,229
19948.5,1607,292
19949.5,743,787
19952.4,1024,1562
19954.6,499,1019
19955.2,1814,1012
19956.9,137,815
19957.7,384,2134
19959.1,853,1936
19959.7,1278,1323
19959.9,172,2133
19960.1,1971,1223
19960.3,213,892
19964.9,966,1778
19965.4,685,1130
19966.5,1621,995
19966.5,172,1946
19968.0,634,1521
19969.8,1018,645
19970.7,1386,245
19970.8,630,439
19971.0,953,1297
19976.0,1422,1796
19977.7,87,1547
19978.2,551,1026
19981.1,1987,1792
19982.1,2007,777
19983.2,1424,1325
19984.9,1127,656
19985.0,634,1840
19985.4,1078,1503
19986.2,2072,1552
19987.8,76,1491
19989.7,978,1313
19991.3,1587,777
19992.3,2037,631
19993.4,1321,1678
19994.7,452,394
19995.7,273,179
19997.9,531,731
20000.5,827,438
20001.4,404,130
20002.5,1591,2006
20003.4,1048,201
20004.0,290,53
20007.3,854,2012
20010.6,327,1917
20012.7,248,1478
20013.7,1703,1511
20015.7,238,1088
20016.6,288,1244
20016.7,884,2127
20016.9,946,1578
20017.1,1018,732
20018.2,1700,432
20020.0,1466,1878
20021.5,1749,426
20021.8,738,1644
20022.6,647,1814
20026.1,1290,1329
20028.4,1688,1763
20030.6,1324,985
20031.7,876,1536
20033.5,1040,1474
20037.6,1832,1626
20037.6,141,1165
20038.7,2120,553
20045.1,1236,26
20045.5,908,879
20048.0,88,1130
20051.1,2094,633
20051.2,1885,1456
20051.5,1085,1503
20054.2,1023,954
20054.6,1230,376
20055.7,890,316
20057.3,1976,708
20058.1,390,1230
20058.2,1562,321
20060.1,1369,1425
20062.8,1778,1706
20066.1,493,928
20067.9,46,1566
20067.9,168,1307
20068.9,612,1338
20069.8,904,627
20069.9,1609,1825
20071.6,2067,368
20071.9,1186,1615
20072.1,1376,338
20072.9,201,1635
20073.3,1632,2055
20074.0,534,552
20074.9,811,1998
20075.5,803,1008
20075.9,1090,1761
20076.3,366,460
20077.8,1734,1496
20078.3,1313,1411
20079.4,99,1248
20079.7,1432,1811
20080.9,1804,183
20084.1,956,817
20085.6,638,351
20085.7,223,995
20089.5,604,1178
20089.5,455,1249
20090.3,93,1359
20090.6,867,834
20091.6,1059,1978
20092.8,578,75
20093.4,178,1046
20093.6,1163,822
20095.6,1111,217
20096.4,34,272
20097.0,1111,1475
20099.5,78,1198
20102.0,1583,946
20107.0,2082,407
20109.9,1985,360
20110.2,2050,1875
20111.2,88,162
20111.6,1248,1366
20112.4,643,75
20113.0,1441,1455
20114.2,967,2053
20114.6,253,1055
20117.3,120,1147
20117.6,1399,1609
20118.9,359,1565
20119.9,931,1709
20120.2,625,1746
20124.6,1348,1839
20125.6,846,567
20126.7,828,565
20127.2,2145,553
20127.9,594,647
20128.4,484,754
20128.9,596,120
20130.7,1695,1684
20131.1,1121,622
20133.0,437,538
20133.3,1093,945
20134.4,945,106
20135.0,1952,549
20135.9,1920,1531
20136.1,1587,2012
20137.0,670,791
20137.3,1673,61
20140.5,1691,911
20142.3,830,837
20142.3,1799,2006
20143.8,1874,1010
20144.5,171,1558
20146.1,1614,157
20147.0,1849,1871
20149.3,173,1006
20150.2,1620,160
20151.2,2114,201
20151.5,1800,1630
20154.2,1171,1889
20154.4,1205,223
20155.9,582,1898
20158.1,1850,370
20159.7,463,736
20161.6,554,1610
20162.3,1846,102
20162.6,827,1862
20162.7,1327,671
20164.3,506,373
20164.4,1840,1486
20164.5,1573,2095
20165.7,654,1551
20166.7,179,699
20169.8,614,664
20172.4,732,210
20173.1,1267,1827
20173.5,740,481
20176.4,830,14
20177.6,1036,50
20178.4,2042,23
20179.5,2021,974
20179.9,1948,1858
20180.5,325,26
20180.9,1139,850
20180.9,607,225
20182.3,150,595
20184.7,1222,1356
20187.9,200,446
20188.6,730,660
20190.0,726,1865
20191.7,1475,146
20191.8,1225,1322
20192.4,1552,277
20194.2,265,1199
20195.0,499,1124
20195.5,1694,859
20197.0,238,447
20198.1,359,1981
20199.7,1176,1749
20200.9,1296,1063
20201.8,1449,531
20203.0,2033,2128
20204.7,2038,2017
20206.7,953,1189
20211.6,6,484
20211.7,483,849
20213.7,1698,1695
20213.7,1432,869
20213.8,824,1153
20214.1,277,1260
20214.6,1326,25
20214.7,1365,1398
20215.4,119,719
20215.6,1384,1962
20218.8,145,556
20219.6,1886,1372
20220.4,1695,229
20222.6,1226,1292
20223.7,76,853
20224.7,1358,1448
20224.8,611,1148
20227.1,1389,1536
20228.4,679,1595
20228.6,478,1262
20230.2,1288,129
20230.6,355,2035
20233.2,1522,1851
20235.5,1239,885
20236.4,716,459
20237.0,153,827
20240.1,1817,2072
20240.1,1976,2048
20240.3,1393,1980
20242.0,2144,1271
20243.9,586,402
20246.0,2114,543
20246.3,149,1881
20246.9,2139,474
20246.9,180,356
20247.5,188,422
20248.4,1279,92
20249.5,1278,859
20250.0,788,1173
20250.4,1307,1806
20251.8,1116,611
20252.0,468,62
20256.0,2105,419
20256.3,1434,1304
20256.7,1160,1002
20256.9,1275,1387
20257.9,207,532
20257.9,206,433
20258.5,352,1746
20259.2,1826,1456
20259.6,811,321
20264.2,1907,539
20264.3,1918,398
20265.1,1906,1927
20265.4,916,588
20267.9,1056,1488
20268.5,1353,1330
20269.3,123,267
20270.1,1439,1960
20270.9,699,1156
20272.7,521,2080
20272.9,438,1334
20273.9,290,1237
20274.9,1641,1693
20275.2,998,651
20279.8,1572,270
20280.3,1765,1783
20281.4,1401,967
20281.6,319,1993
20281.8,1896,1332
20282.8,1823,721
20283.3,1662,285
20284.4,1552,1341
20285.3,251,370
20285.6,569,0
20287.4,611,1855
20288.3,1597,1831
20288.6,1296,1227
20289.6,1247,1780
20291.2,1410,365
20292.3,2090,1655
20294.7,1204,255
20295.3,217,3
20296.8,1471,449
20299.3,127,963
20300.0,1614,1303
20301.6,1663,1562
20302.3,865,710
20303.1,770,1575
20305.5,1475,1708
20305.7,514,550
20305.7,64,589
20307.3,1993,1788
20311.9,556,346
20312.1,1703,1867
20315.0,1743,736
20315.7,1737,1843
20316.3,924,761
20317.0,30,2040
20319.4,969,2055
20319.8,1503,137
20324.6,1979,1509
20324.8,1972,327
20325.0,1144,1904
20325.9,2143,362
20326.2,319,1279
20327.4,1407,44
20328.2,2099,1921
20329.3,1357,1724
20329.8,1206,1184
20330.1,1245,1066
20330.2,1938,692
20331.2,1195,111
20331.6,337,519
20332.5,1138,1032
20332.7,1150,1127
20335.2,58,456
20336.3,619,1829
20336.9,718,1070
20338.8,967,1986
20339.1,135,1404
20344.3,594,631
20346.6,1691,1569
20346.9,1802,685
20347.2,1413,222
20348.5,475,215
20348.8,1633,1950
20349.2,957,1555
20350.7,1597,1943
20351.1,1780,48
20351.5,1838,1564
20352.9,168,398
20356.1,1449,1768
20357.2,1116,1372
20357.6,402,1045
20359.0,1602,1888
20360.9,990,798
20361.8,736,1283
20362.8,34,278
20362.8,400,425
20364.3,1439,898
20365.9,1031,790
20365.9,376,232
20369.4,888,498
20371.0,491,353
20373.4,532,1539
20374.8,756,454
20376.3,1037,1206
20377.1,310,1857
20380.3,1132,1748
20381.8,1324,1054
20382.0,303,1135
20383.9,1567,1591
20384.4,246,1057
20388.3,1084,728
20389.1,2014,821
20390.2,730,2015
20390.4,1766,894
20391.6,435,1808
20393.2,423,142
20393.3,1026,1826
20393.3,2038,609
20394.6,3,154
20396.0,1091,620
20397.5,1602,15
20398.4,2009,1958
20399.2,287,925
20399.2,1974,496
20400.2,1470,1365
20401.7,1640,226
20402.9,371,1496
20403.9,1392,329
20406.2,1187,831
20406.4,161,1573
20407.8,1224,1597
20410.7,1471,1992
20410.8,1793,776
20411.0,790,103
20412.6,976,2003
20413.2,1260,2046
20414.2,1840,67
20414.2,229,1383
20416.2,175,1660
20416.3,2142,1877
20419.9,610,954
20423.1,151,579
20424.0,78,1930
20427.0,187,994
20428.5,534,58
20428.7,204,1258
20430.9,398,1868
20432.1,261,435
20432.2,903,258
20434.3,1745,1381
20436.4,1646,1328
20436.6,562,1317
20438.8,873,186
20440.0,1374,258
20440.1,578,1700
20440.4,1515,675
20441.1,166,546
20441.2,1540,646
20441.2,1994,330
20441.2,734,365
20442.8,1162,1704
20444.3,1949,519
20444.6,1109,2142
20445.3,979,714
20446.5,154,737
20448.1,360,1233
20448.6,18,965
20448.9,391,1482
20451.4,2078,898
20452.2,852,1132
20452.3,461,611
20453.7,1943,2037
20454.0,176,221
20455.3,1167,858
20456.0,1369,1856
20456.1,214,720
20456.3,119,1986
20457.2,290,963
20458.8,1335,1716
20459.1,1334,942
20461.0,1335,932
20461.1,1689,819
20461.7,903,301
20462.5,1984,222
20465.3,593,885
20468.6,1863,729
20469.2,558,1874
20470.8,1468,1104
20471.1,521,131
20472.6,244,1149
20472.8,1906,1878
20473.5,1407,900
20476.2,642,696
20477.3,940,354
20477.9,2137,2003
20480.4,886,1939
20482.7,1143,59
20484.4,1010,1015
20484.9,910,610
20488.0,20,1711
20492.9,164,1927
20494.6,2065,137
20495.3,1615,1963
20497.4,401,1853
20498.2,340,50
20499.7,1665,892
20499.9,1211,979
20501.2,371,65
20502.0,1248,662
20503.6,99,1863
20504.3,567,1660
20504.6,1517,1901
20506.1,5,289
20506.8,1363,133
20507.2,1105,848
20509.1,331,1375
20510.8,224,2108
20514.5,1490,211
20514.6,1497,1906
20515.9,1497,1500
20516.1,274,838
20516.3,1371,977
20517.3,1959,859
20519.0,923,1312
20519.6,1095,2062
20521.0,1135,223
20521.1,1414,1853
20521.9,502,1925
20523.5,1197,1851
20524.7,268,771
20527.5,1875,357
20527.6,732,1181
20531.6,315,447
20531.8,458,606
20532.7,836,2132
20536.5,92,1200
20537.2,540,1941
20537.8,1818,87
20538.2,257,90
20540.8,951,2128
20542.1,1686,1404
20543.4,1336,1991
20544.6,1823,1875
20545.0,540,1255
20545.3,1064,928
20546.1,1180,193
20546.3,1164,1867
20550.2,658,1168
20550.5,718,628
20550.7,478,168
20557.1,518,1805
20557.5,755,840
20558.5,142,1298
20563.3,605,1527
20564.1,665,1235
20564.3,102,1657
20567.6,595,1876
20570.9,639,17
20575.4,2078,1356
20576.7,1210,1941
20579.5,602,1810
20580.0,460,1961
20582.9,571,478
20583.4,1645,902
20584.2,378,1336
20584.2,799,909
20586.1,1138,801
20586.2,1824,357
20590.9,1615,796
20591.7,2095,229
20594.7,1478,1628
20594.9,1751,1514
20595.5,49,1165
20596.1,1261,1825
20598.7,358,883
20600.3,1819,1702
20602.4,1182,670
20604.4,1736,1696
20604.6,352,588
20604.9,1944,1373
20605.0,1539,362
20605.0,1119,1697
20605.3,1892,560
20605.5,1563,1185
20606.6,172,1236
20608.8,1244,2023
20609.9,1898,919
20609.9,10,630
20610.3,1935,508
20611.6,1178,1708
20611.9,1002,116
20612.0,1135,2019
20618.5,273,1481
20619.6,1786,1056
20620.9,1949,489
20621.5,71,1063
20621.7,239,598
20622.2,554,1463
20622.4,1116,1479
20623.1,1458,199
20623.5,314,2104
20623.8,750,387
20624.9,684,1321
20627.5,1233,1111
20629.0,1484,392
20630.0,1440,588
20630.0,2122,1152
20630.6,1986,1687
20631.1,667,419
20631.4,2061,905
20633.6,466,1709
20634.4,312,477
20636.6,71,1964
20637.1,1485,569
20639.3,2142,1401
20639.5,1247,117
20641.2,485,910
20641.4,583,928
20641.8,859,533
20646.8,1740,457
20646.9,1983,1766
20647.0,441,134
20649.0,2103,242
20649.8,1036,177
20649.9,42,395
20651.8,841,819
20652.0,1439,119
20652.2,1136,1424
20652.7,2050,990
20653.6,279,405
20655.8,57,888
20657.3,1154,703
20660.3,17,404
20663.5,2065,1944
20664.1,758,1800
20665.5,439,740
20667.8,1554,1737
20668.1,932,1669
20668.2,1287,506
20669.0,2128,556
20669.9,1479,1180
20670.9,166,336
20671.4,473,1576
20671.8,1277,1818
20672.2,1668,1190
20677.4,1752,773
20679.9,1948,1505
20680.1,2013,430
20680.8,2140,348
20680.9,1617,1640
20682.4,416,691
20682.5,815,1387
20682.8,1655,502
20683.1,1739,2044
20683.5,1118,1639
20684.1,1656,1984
20685.0,603,1862
20685.1,1026,2004
20686.0,551,121
20686.1,216,279
20687.0,109,733
20687.6,1339,625
20688.1,394,313
20689.4,2129,2016
20691.4,827,1202
20692.8,2008,2067
20693.2,1407,72
20697.0,129,1762
20699.7,487,1571
20700.4,1541,1812
20701.2,134,724
20702.2,1241,672
20703.1,550,1279
20704.7,1996,448
20705.7,2009,1924
20706.5,640,2075
20706.6,1078,2026
20707.7,1547,1444
20709.6,1165,1312
20709.7,184,525
20711.9,1428,110
20713.8,1397,1558
20713.9,1413,1463
20714.6,231,1000
20714.9,1278,347
20718.0,268,1248
20718.1,695,80
20719.1,153,1887
20720.4,1730,2108
20723.4,1092,83
20724.9,91,1296
20725.5,1598,1320
20726.5,2000,409
20728.0,843,1376
20728.9,1390,682
20730.1,1488,1785
20730.4,308,876
20730.8,194,1217
20737.8,1646,925
20739.1,376,388
20740.2,1119,275
20741.2,1946,1749
20741.5,314,1236
20742.4,1228,1773
20743.8,1283,819
20744.5,1029,2110
20745.2,739,76
20746.5,2114,764
20747.6,872,1914
20747.9,1776,245
20748.9,1492,1894
20749.1,616,1229
20751.4,1680,1305
20753.9,263,833
20756.3,1093,1175
20757.6,1050,967
20758.2,465,614
20758.5,1005,1271
20759.3,1786,1728
20760.6,151,827
20760.8,558,119
20761.2,1137,720
20762.5,172,1990
20764.4,226,343
20764.9,1220,260
20767.8,1667,1488
20769.2,369,1625
20772.8,575,966
20773.0,2049,494
20773.9,1031,2033
20776.6,975,500
20778.5,1283,1348
20780.7,1597,966
20784.2,892,590
20784.3,876,1124
20785.0,1041,229
20785.9,1534,462
20786.4,1735,1945
20787.8,1137,593
20788.4,1506,1262
20788.4,142,223
20789.9,981,1036
20790.9,1266,1486
20793.9,499,968
20796.3,1591,32
20799.3,1609,1046
20799.8,964,1218
20800.1,656,1797
20801.3,1664,138
20801.8,328,2013
20802.6,1691,1362
20804.1,411,656
20805.7,2073,271
20806.2,1338,1856
20807.7,213,752
20809.0,557,12
20809.6,1251,1285
20810.7,453,646
20811.0,532,1680
20813.0,1308,1849
20813.8,546,1067
20814.1,1341,1154
20814.4,1697,1505
20814.6,1545,919
20814.6,94,936
20817.6,1894,812
20818.0,691,203
20818.7,1756,1065
20818.9,1507,696
20822.6,480,57
20824.2,1782,1858
20826.4,2024,485
20826.7,832,780
20830.4,1090,1179
20832.1,1564,533
20832.8,846,882
20839.5,1159,775
20840.2,1673,597
20840.3,1072,964
20841.5,1017,1514
20842.6,1876,351
20842.6,545,1324
20847.2,1628,869
20848.8,1733,1049
20848.9,240,213
20849.4,961,1928
20852.4,186,21
20852.8,1560,1239
20857.6,1519,541
20861.9,168,734
20862.3,2063,2018
20865.6,1917,540
20865.7,1773,580
20866.1,1283,180
20871.0,2044,1150
20872.7,1761,1158
20875.6,1078,1080
20876.6,1784,675
20877.0,2012,619
20878.1,1802,217
20878.3,223,941
20878.6,1926,1065
20878.8,1913,1787
20879.0,2027,167
20879.7,1987,1874
20880.5,606,506
20881.1,834,1163
20881.3,689,2083
20883.5,869,16
20884.5,739,1705
20887.6,1008,2040
20889.1,1346,106
20889.5,499,1614
20890.1,434,1325
20890.3,332,1885
20892.5,1965,1859
20893.8,1103,23
20894.3,179,1855
20894.8,529,865
20897.3,1158,1323
20899.3,289,1562
20899.4,1045,729
20899.8,1633,365
20899.8,852,667
20900.4,1648,1167
20901.7,631,493
20902.2,1770,1270
20905.1,537,1470
20906.5,1505,2099
20906.8,1824,1589
20907.6,1732,369
20909.4,1508,763
20910.1,1744,380
20910.1,1399,1898
20911.6,635,2028
20912.5,343,1190
20913.3,324,1956
20913.8,523,1230
20916.1,2142,1751
20916.5,195,313
20919.7,2102,440
20920.6,1691,387
20921.3,1037,1455
20921.7,334,2062
20921.7,1895,735
20923.7,1609,185
20923.8,1219,1285
20924.9,1863,1842
20926.1,1085,1398
20930.4,766,864
20930.7,1062,435
20931.4,73,23
20932.0,54,703
20933.4,1884,1659
20935.9,1993,1240
20937.2,1477,1617
20939.2,358,512
20939.4,781,458
20941.5,770,109
20941.8,594,990
20942.5,781,352
20943.0,1898,606
20943.8,89,477
20944.0,624,1823
20948.2,1931,80
20950.7,993,824
20951.1,1604,208
20951.6,420,1768
20956.5,2030,1191
20956.6,1637,1991
20957.5,1998,949
20959.1,77,1728
20960.2,260,1097
20963.0,1708,1938
20963.1,1420,1836
20964.6,85,660
20965.1,787,1922
20965.6,950,2079
20965.9,1389,1918
20966.1,1201,1598
20970.1,1475,1934
20972.2,663,848
20972.6,353,1977
20972.8,817,640
20973.9,413,1703
20977.5,2022,1243
20977.9,192,74
20978.4,1068,1462
20979.9,715,2062
20979.9,260,1383
20980.6,928,494
20981.6,1992,1056
20988.0,1455,191
20989.9,1095,619
20992.3,2111,426
20993.8,1793,1872
20998.0,454,433
20999.9,417,171
21000.8,684,483
21003.4,1481,643
21005.0,1808,2072
21005.9,406,631
21007.2,1370,564
21007.4,826,1798
21011.8,26,1004
21014.0,1940,1398
21014.5,701,349
21014.8,1699,1477
21016.1,1005,620
21017.9,1727,934
21018.0,1756,1693
21021.2,1879,2114
21023.2,1481,121
21023.9,40,2119
21027.6,347,1385
21028.0,673,1777
21028.1,151,618
21031.0,236,2129
21035.6,1717,1646
21038.3,1246,1284
21041.3,32,1145
21044.2,601,1654
21045.0,840,1811
21046.5,1656,808
21049.2,345,151
21050.1,1597,516
21051.1,1162,875
21051.2,1278,2135
21051.7,655,95
21051.8,1059,988
21054.0,1244,1731
21059.5,452,245
21061.8,1063,2078
21062.3,195,510
21063.1,21,1856
21063.6,967,957
21064.2,1165,573
21065.7,2128,1014
21065.9,2115,788
21068.1,1479,1860
21068.2,1743,1687
21068.3,254,1740
21071.1,1950,879
21071.8,1512,1649
21072.9,2125,1617
21075.5,2043,1734
21082.6,2005,1707
21084.8,591,2071
21085.0,1874,529
21089.3,2102,483
21090.8,1865,1938
21090.9,642,1512
21094.1,486,1673
21094.2,1513,1186
21094.3,627,482
21094.9,1533,1242
21095.3,114,585
21095.5,1727,199
21099.0,1249,1161
21099.3,2002,8
21099.5,1428,276
21102.0,1710,1970
21103.1,1852,1383
21105.0,1946,543
21106.8,2067,1887
21108.6,1839,610
21111.2,1332,365
21113.2,1677,1586
21113.5,1619,1388
21114.5,1814,1136
21115.8,678,101
21116.9,1265,507
21118.2,348,788
21122.1,216,2137
21122.4,1949,2058
21125.2,492,736
21129.4,1126,842
21129.7,1819,346
21131.8,1312,1645
21132.9,2013,95
21133.4,739,1699
21133.5,1299,1564
21133.8,469,406
21134.8,1168,589
21135.1,367,631
21135.5,1668,693
21135.6,1332,743
21135.6,239,1220
21136.3,1310,583
21136.9,1327,1056
21137.5,495,212
21137.8,968,2019
21138.7,2066,1577
21142.5,1103,248
21143.0,1667,268
21143.8,1669,957
21146.9,76,1102
21147.9,415,1008
21149.7,514,1247
21150.8,1826,343
21153.1,2049,833
21155.0,583,1529
21156.0,688,1004
21157.0,1735,1850
21157.1,1903,1184
21158.4,685,2
21158.5,1975,1119
21159.6,1557,1439
21161.9,871,2090
21162.4,661,286
21162.8,1619,503
21165.0,1144,1769
21165.3,2067,1303
21168.1,1403,1070
21173.0,1854,1118
21173.3,1317,1399
21173.6,1345,65
21176.7,547,8
21177.9,17,39
21179.3,1692,2002
21181.1,332,317
21182.1,1823,505
21182.6,1541,1466
21183.2,34,511
21184.0,790,1820
21184.0,81,1151
21185.5,1465,784
21185.6,1241,905
21185.9,2022,1486
21186.0,2018,856
21186.0,1622,454
21188.6,2049,2023
21188.8,793,718
21188.9,525,266
21189.1,933,2142
21190.7,1123,785
21193.1,94,1035
21194.5,1859,8
21198.0,212,1323
21198.7,1666,1122
21198.9,2122,1911
21199.7,2118,178
21202.5,919,192
21202.9,1720,1838
21203.3,1605,797
21203.9,103,924
21208.7,1735,304
21211.8,806,673
21212.3,257,396
21212.4,1769,98
21213.5,1369,1025
21213.8,1939,976
21217.9,222,1366
21218.8,969,298
21220.7,1796,391
21221.9,511,350
21226.5,136,1545
21227.0,266,522
21227.1,1810,224
21227.5,1768,269
21227.7,228,213
21228.1,1562,1645
21228.2,1683,954
21230.8,43,1857
21231.4,1753,414
21231.9,106,1859
21232.8,788,442
21232.9,276,793
21235.9,516,2084
21236.3,1724,1971
21237.9,1821,761
21238.3,180,247
21238.4,1785,2101
21242.5,1465,1274
21243.6,596,603
21244.4,1404,1192
21245.0,33,2120
21246.1,592,234
21246.4,223,1728
21246.9,820,824
21248.9,1398,775
21250.3,1914,1356
21252.7,1374,1227
21253.4,664,429
21254.1,172,2031
21254.4,15,913
21255.9,1910,873
21256.3,1357,1539
21256.6,754,27
21257.1,302,1465
21257.2,471,583
21257.6,796,1474
21257.6,121,815
21257.9,713,896
21260.7,713,1391
21263.0,1007,731
21263.3,721,1072
21266.3,85,562
21266.9,454,1386
21270.4,1249,1868
21270.8,1525,701
21274.3,1776,267
21274.5,535,776
21274.8,1549,1532
21275.2,1759,1001
21278.4,774,1204
21280.4,1342,1012
21280.5,1147,517
21282.9,2002,857
21284.5,1927,265
21284.7,1589,2085
21285.3,2125,1901
21285.6,1531,1979
21287.2,2026,1940
21287.6,1642,149
21287.8,831,1851
21290.4,1621,895
21290.8,1544,643
21294.3,1532,1042
21295.3,550,344
21295.7,2125,1440
21296.0,168,1905
21296.9,1377,1745
21297.7,1771,1675
21298.3,2037,1298
21298.7,101,735
21299.4,1087,310
21300.0,337,1206
21302.3,2100,320
21304.3,932,403
21304.4,1475,156
21305.4,1367,805
21306.8,1024,1239
21308.5,1124,780
21310.1,564,1069
21310.1,1226,1154
21312.3,1654,1661
21314.4,48,1933
21315.8,611,1628
21316.1,859,1943
21316.4,1919,1889
21317.0,351,1282
21319.3,1756,1710
21319.6,1843,123
21320.2,525,1251
21323.8,39,2047
21325.9,1452,1391
21326.2,1743,1652
21328.1,1227,1335
21329.2,131,569
21329.4,1352,1601
21334.3,836,1600
21334.4,1582,771
21335.2,1346,1849
21336.5,1247,381
21336.7,727,131
21338.9,2001,109
21339.2,284,1580
21339.6,954,1192
21341.0,286,1862
21341.1,2123,45
21341.3,1682,1601
21341.5,453,528
21342.5,1958,281
21343.1,845,532
21345.7,1268,1770
21347.8,1944,650
21349.0,1271,831
21349.9,1879,1128
21350.2,584,1825
21350.2,1635,1011
21351.2,2010,1884
21352.0,160,373
21352.4,1869,1420
21353.9,1218,1601
21355.1,717,1700
21355.5,1769,1875
21356.1,751,391
21356.7,178,981
21359.4,646,1121
21362.1,1195,273
21363.6,889,2021
21364.3,496,1510
21364.4,430,2066
21366.2,1335,1679
21367.0,1035,849
21367.9,1893,109
21368.0,1891,1561
21368.5,1635,796
21369.2,43,1026
21369.3,559,1339
21370.7,1901,1985
21371.5,338,992
21373.1,1792,574
21373.9,1143,660
21374.1,73,411
21374.3,508,1600
21374.6,45,1119
21374.8,1466,728
21375.1,141,885
21375.8,195,2141
21377.1,421,1599
21378.6,1818,214
21379.7,199,1545
21381.6,1022,1534
21384.6,819,374
21384.6,114,59
21385.1,787,258
21385.4,395,687
21387.1,180,1702
21388.0,1339,1321
21389.0,776,848
21392.4,1618,1752
21392.6,875,433
21393.2,711,61
21393.8,1295,49
21394.4,1879,901
21394.5,1140,1511
21394.6,895,1683
21395.0,2046,417
21396.6,702,1031
21400.6,1328,1591
21402.1,544,1360
21402.3,1302,1974
21402.4,72,1838
21403.0,952,2062
21404.1,54,952
21404.1,508,1265
21404.5,1755,997
21405.7,245,563
21406.3,1214,827
21406.5,837,155
21406.8,1817,1346
21407.0,1300,162
21407.9,1699,1181
21409.7,938,1356
21410.2,843,221
21413.2,1017,911
21414.4,1562,2135
21414.9,1811,24
21415.0,2013,286
21418.8,213,579
21422.3,514,375
21422.6,837,967
21423.5,1745,1913
21423.9,809,1003
21424.6,1019,1241
21425.1,1836,824
21425.5,1970,327
21429.3,1472,1631
21429.9,1928,1807
21430.6,1775,638
21432.7,1974,81
21434.5,1750,340
21436.3,1229,625
21437.3,719,1053
21437.9,1252,1857
21438.3,1969,294
21438.9,1922,801
21439.1,776,17
21439.1,2050,1532
21439.9,1703,1616
21444.4,1528,1573
21445.2,291,1674
21448.0,509,1576
21451.3,665,795
21453.2,1045,1427
21454.1,2001,1508
21455.6,1578,1736
21457.2,992,1956
21457.3,1480,115
21458.8,605,1070
21460.0,603,1041
21460.3,661,50
21460.5,378,1574
21461.1,329,2123
21464.1,1732,679
21466.4,1035,1237
21467.2,1567,1261
21468.9,364,447
21470.2,1410,584
21470.6,858,1630
21472.1,26,689
21474.2,6,396
21474.3,1711,1707
21475.7,1765,698
21475.9,763,550
21476.2,745,2058
21479.9,1845,870
21480.2,241,748
21482.3,785,1062
21487.4,1674,1805
21488.6,447,680
21488.7,351,1547
21488.9,263,1401
21488.9,961,1957
21489.8,412,38
21489.9,29,171
21490.0,2139,29
21490.6,2130,1088
21494.0,1938,1380
21495.1,1378,1518
21496.6,1405,1291
21498.7,1479,1632
21499.3,234,1458
21501.9,410,12
21502.7,1645,568
21502.7,503,1144
21506.5,1018,1509
21507.3,1946,2109
21508.0,769,12
21513.4,1319,68
21514.6,187,1333
21516.0,956,1984
21516.7,333,1426
21517.4,1950,411
21519.1,1203,799
21520.6,2130,2066
21520.7,2039,356
21521.1,1912,688
21524.0,473,1974
21525.4,986,996
21525.7,366,432
21526.4,119,656
21529.7,1337,1570
21531.5,902,1055
21532.9,504,556
21536.1,2015,370
21538.1,1363,916
21541.5,264,1405
21542.1,1563,1789
21544.2,915,1061
21544.4,359,456
21544.5,770,475
21545.5,521,1283
21549.4,6,1273
21549.5,777,1589
21554.4,1309,1495
21556.4,517,2128
21557.8,909,436
21558.5,1886,1294
21558.6,1215,896
21559.5,1866,603
21560.7,597,140
21561.8,1265,2057
21567.7,505,1120
21574.9,1959,883
21575.8,1542,240
21580.8,1364,625
21583.0,862,921
21584.5,215,733
21587.0,1604,1225
21592.2,652,88
21593.2,1382,1730
21594.7,1426,1603
21595.3,1159,1156
21596.8,799,1612
21596.9,1324,221
21599.3,1245,1874
21600.6,563,1809
21602.1,1192,593
21602.4,801,37
21603.0,417,604
21603.6,1749,689
21606.9,393,1456
21611.5,735,214
21611.6,2111,1386
21612.8,608,1654
21613.1,486,986
21613.8,1239,706
21615.1,1537,367
21617.0,1565,1127
21618.3,1823,1504
21618.3,477,338
21618.4,2087,921
21618.5,1964,1121
21620.0,387,741
21620.6,1776,1222
21621.6,407,1332
21621.7,757,1660
21623.8,80,1612
21624.8,2001,261
21625.8,508,849
21630.0,480,740
21632.5,737,21
21633.5,1287,503
21633.6,844,660
21633.7,1051,143
21633.8,510,2073
21634.3,702,1732
21639.0,0,1017
21639.5,2127,1201
21640.8,1822,572
21641.9,1281,2140
21645.0,1442,2091
21645.2,405,183
21645.6,770,580
21646.0,881,549
21647.2,884,1470
21647.6,1728,304
21648.6,1067,1563
21649.9,668,1638
21650.7,1041,1742
21654.3,586,834
21654.3,1103,789
21655.9,2094,671
21656.6,628,1295
21662.8,1776,1552
21662.8,1013,317
21663.2,450,1666
21663.3,364,1486
21666.3,1119,599
21668.9,924,1120
21668.9,1544,910
21669.5,430,505
21669.7,1255,2005
21669.8,1429,1155
21670.9,405,196
21671.1,1595,740
21671.6,1649,1953
21672.8,1061,38
21674.2,636,517
21674.4,1095,216
21677.6,1516,1020
21679.0,1713,1875
21679.3,1449,1919
21680.1,1129,1752
21681.1,937,1250
21682.3,356,1251
21683.0,1280,369
21684.3,314,983
21687.9,676,235
21688.0,1170,2018
21690.1,43,1736
21691.5,558,1964
21692.4,510,1660
21692.4,778,29
21694.0,1413,1000
21700.5,173,1837
21704.7,2144,921
21704.9,1503,546
21705.8,208,1731
21706.7,698,1528
21711.1,1384,1023
21713.4,482,1188
21713.8,1202,1084
21714.1,1612,890
21717.3,2111,145
21720.8,1999,235
21721.3,1885,1345
21721.8,438,21
21722.3,762,1646
21722.9,415,1764
21723.7,347,2106
21726.6,1682,507
21729.7,28,637
21731.6,1024,926
21732.4,1533,1225
21732.9,746,1103
21733.1,1796,1799
21733.3,1448,1777
21733.3,812,453
21733.6,164,547
21734.2,1356,129
21734.4,815,1963
21738.5,1088,486
21739.2,2029,521
21739.6,1637,2055
21741.3,1592,538
21741.4,441,86
21741.6,1409,2048
21741.6,968,213
21743.0,1401,1759
21747.8,32,1779
21748.6,1155,1990
21748.7,1756,1014
21749.9,2094,765
21750.3,471,1079
21756.8,1013,1757
21757.0,422,2057
21758.2,772,609
21758.6,541,1643
21758.6,787,598
21759.3,817,372
21761.8,1557,1668
21762.8,947,908
21763.3,1962,251
21764.2,211,1246
21764.3,1489,1149
21767.9,1712,1011
21768.4,194,744
21768.5,213,1317
21768.8,1933,1147
21771.8,412,1764
21772.1,2012,1489
21772.6,456,396
21774.0,533,1356
21774.5,1480,1522
21774.9,1130,860
21776.0,357,435
21776.1,492,168
21777.3,780,790
21778.8,404,306
21782.4,1404,1234
21784.0,827,629
21784.1,785,1712
21785.1,1034,1422
21787.9,1836,480
21791.0,277,1977
21791.6,2063,89
21791.9,1122,528
21792.3,249,779
21794.0,1628,2027
21795.5,2103,307
21795.7,2086,1573
21796.7,1598,1641
21797.9,847,753
21797.9,892,36
21800.6,2100,1865
21801.5,1060,1242
21803.9,1213,1099
21804.9,700,917
21804.9,975,1195
21805.0,606,1137
21808.3,1107,211
21809.6,1019,860
21810.5,5,1423
21811.8,1511,1329
21811.9,1081,547
21812.6,1207,1329
21817.9,42,1456
21818.2,1145,723
21818.6,64,435
21820.2,1564,1054
21822.8,844,1811
21823.1,1100,835
21824.2,1619,637
21824.9,1777,1509
21825.1,1962,383
21826.0,1881,757
21828.1,721,773
21829.2,738,1155
21829.2,667,727
21831.3,769,284
21831.5,1746,1004
21832.3,1648,410
21833.9,562,48
21835.1,1547,1572
21835.1,55,179
21835.3,342,1096
21835.5,55,38
21839.5,435,1386
21841.9,348,828
21842.1,1819,668
21842.5,1961,632
21842.9,1095,504
21842.9,182,421
21843.9,420,2095
21846.7,1701,580
21846.7,918,98
21847.0,1578,603
21847.5,1174,925
21850.7,1575,460
21851.6,451,919
21851.7,1154,1463
21851.8,1366,484
21852.4,347,177
21853.6,729,1755
21854.5,742,1741
21854.7,1235,1175
21855.3,425,1110
21858.4,1511,1087
21860.5,312,8
21863.0,608,600
21863.5,1599,1829
21865.1,1959,275
21865.2,1750,1140
21865.4,1323,522
21865.7,1577,1444
21866.2,1736,1971
21867.6,1695,1365
21867.8,1007,1569
21868.5,2036,2017
21869.5,942,1575
21869.6,1727,898
21871.1,963,1481
21871.1,70,1484
21872.1,547,451
21872.2,1430,1478
21874.6,570,1207
21875.4,1724,993
21875.7,919,228
21877.4,480,586
21878.0,107,1739
21878.6,434,302
21879.4,647,123
21879.6,578,323
21880.0,51,1705
21880.2,747,1924
21881.9,1226,1925
21882.6,1381,1818
21884.5,54,1174
21884.6,245,131
21885.8,710,2061
21886.0,1623,1735
21887.4,1860,1056
21890.6,2055,1253
21892.2,1735,642
21892.6,376,2136
21893.2,512,867
21893.8,229,896
21894.4,316,1918
21895.3,1659,1558
21895.5,1521,1737
21895.8,444,427
21895.9,1374,114
21896.2,666,436
21896.3,44,1266
21896.5,826,132
21896.9,348,183
21897.9,1981,187
21898.0,381,1264
21898.0,1460,1156
21902.0,2048,798
21902.5,1600,1457
21907.1,398,1357
21907.8,2062,413
21908.6,615,97
21909.7,1565,1953
21910.9,153,1188
21911.1,1896,322
21913.8,382,948
21916.5,576,659
21922.9,2054,2114
21929.0,2143,1398
21929.7,537,1388
21930.2,1764,163
21933.0,1587,979
21933.2,307,624
21934.3,2037,398
21936.4,584,1267
21937.4,357,2043
21937.5,1284,695
21940.9,661,279
21941.3,1488,1447
21941.4,733,1887
21941.8,1938,1048
21943.6,1810,575
21947.2,1999,162
21947.7,1174,1642
21948.4,528,1805
21949.0,1284,1530
21949.1,1692,2072
21949.8,174,233
21951.5,1002,32
21951.8,431,1190
21952.4,1635,298
21952.7,1893,382
21953.2,1918,1904
21953.4,738,443
21956.5,1625,1774
21956.8,1346,264
21957.3,1991,870
21958.8,1950,468
21959.2,156,637
21962.9,596,874
21963.4,128,1557
21963.5,1480,1761
21968.3,874,221
21968.6,93,1732
21969.0,721,342
21969.2,1121,1659
21969.3,1849,1719
21970.3,1062,753
21972.5,378,1755
21973.0,1216,673
21973.3,1716,1972
21974.1,658,1789
21974.7,1593,40
21975.7,813,318
21977.3,592,1326
21978.7,1296,58
21978.9,1878,604
21979.8,1296,465
21981.8,1664,1076
21982.7,15,1845
21986.3,514,1840
21987.6,399,149
21987.9,768,1721
21989.4,680,1546
21989.7,859,782
21994.2,58,1516
21996.3,66,1236
21999.2,2056,510
22000.7,1867,1695
22001.4,1442,1744
22002.3,1375,464
22005.6,1879,1754
22006.2,666,1785
22006.8,1791,1160
22008.3,406,358
22010.4,425,367
22011.7,1684,424
22012.6,408,1819
22013.4,133,1187
22015.8,867,912
22017.7,1560,468
22018.0,1923,509
22018.6,1900,1691
22021.6,1621,31
22025.1,917,2078
22025.5,1083,1259
22027.8,1698,989
22027.8,1698,133
22027.8,628,1533
22030.2,2125,1300
22030.7,1761,990
22031.7,1603,789
22032.9,1611,211
22034.9,1757,527
22038.5,1599,711
22039.1,1303,2118
22039.3,946,407
22040.9,517,2065
22041.1,1605,1065
22043.3,651,1320
22043.6,382,105
22044.4,626,113
22045.6,322,1566
22045.6,534,1858
22046.9,1466,764
22047.2,908,1216
22047.5,1004,1548
22049.3,211,1126
22049.4,588,94
22050.7,423,454
22051.5,502,438
22051.7,1073,739
22051.8,2024,1480
22054.9,851,1600
22055.0,89,1694
22055.1,312,861
22056.6,1537,1284
22057.9,1846,659
22058.1,41,731
22059.5,128,480
22064.2,1420,1982
22070.8,20,648
22071.7,1042,498
22072.0,121,94
22072.9,624,885
22075.5,470,888
22075.5,567,900
22075.6,518,1096
22076.0,816,376
22076.6,1205,1913
22078.3,2030,1786
22079.2,1638,790
22079.5,810,1151
22083.7,421,1276
22083.9,843,1998
22084.6,1827,1735
22085.8,1112,1305
22087.0,1568,1758
22087.3,1445,1531
22090.1,263,1840
22090.4,138,2094
22090.7,1678,1202
22091.9,1442,1631
22091.9,736,1321
22092.6,761,1465
22093.0,881,1522
22093.6,1287,500
22093.6,44,1347
22093.9,1317,952
22094.9,1579,1161
22096.1,890,421
22097.1,306,1727
22098.6,1782,1301
22100.7,811,807
22100.8,2023,2042
22100.8,1124,1725
22101.0,1854,700
22102.1,1568,968
22103.2,1167,73
22104.5,19,1891
22104.9,1649,151
22107.8,160,1381
22109.1,284,1924
22109.2,1700,1232
22109.6,1416,1639
22109.7,1282,2022
22110.9,1611,1222
22112.4,1861,2020
22114.8,497,1531
22118.3,420,119
22118.6,42,568
22118.8,1322,1784
22119.1,360,782
22120.7,1510,20
22124.1,215,1063
22126.8,176,453
22126.9,1246,307
22127.3,1554,1105
22128.8,564,1887
22129.0,1307,606
22130.7,1692,1830
22132.1,2137,985
22133.2,2007,1149
22133.7,1977,925
22133.8,1213,339
22134.4,992,843
22135.9,307,2025
22135.9,53,885
22136.7,1577,769
22137.6,1394,854
22139.7,2105,1283
22141.5,1277,1859
22142.8,2066,432
22145.9,896,1489
22146.5,1853,2103
22146.8,1639,769
22146.9,1732,672
22148.4,418,603
22149.2,438,451
22149.5,1887,766
22149.9,1950,1854
22150.4,484,344
22151.0,868,616
22151.6,1764,2080
22152.1,1807,1116
22152.7,201,1566
22154.4,1730,794
22154.8,1649,723
22156.0,2021,2124
22156.7,204,1019
22160.7,899,471
22160.8,146,1090
22161.1,413,1128
22161.4,1657,1605
22162.1,900,1098
22162.9,700,833
22163.5,1179,12
22163.6,2061,1952
22165.3,977,697
22165.8,284,682
22166.0,1864,580
22170.2,1943,1752
22170.7,727,1080
22173.3,699,39
22174.5,1940,4
22175.3,1013,1935
22175.5,71,1190
22177.7,2060,685
22179.5,384,409
22180.0,1374,1853
22180.8,1436,1054
22182.2,1038,1492
22183.0,1444,1233
22184.5,2121,1983
22184.7,2127,84
22184.9,1680,902
22186.2,580,1463
22187.1,1000,1764
22187.7,365,793
22190.9,1547,442
22195.1,1840,716
22195.5,1428,1356
22196.1,1709,1131
22196.6,168,2130
22198.1,503,1775
22200.1,1421,1181
22200.3,34,2043
22203.6,602,1910
22205.0,2142,1186
22206.2,666,1243
22207.1,264,1207
22207.1,167,890
22207.5,505,217
22208.4,20,1762
22208.9,2,204
22209.3,1434,1160
22211.2,2056,635
22215.1,1108,584
22222.0,805,1769
22223.1,330,1191
22223.4,1938,1452
22223.8,1582,1730
22224.4,401,1070
22227.6,1272,709
22228.7,1320,570
22230.1,817,1024
22230.3,817,1233
22230.7,1217,1888
22231.7,1539,1789
22231.9,1810,1283
22232.8,1464,1918
22233.3,1910,1722
22237.4,1889,113
22240.5,108,1724
22240.6,575,1238
22242.5,2097,1528
22242.7,1201,219
22244.5,1608,515
22245.1,24,1895
22247.2,2121,1885
22249.5,346,224
22249.9,438,1365
22251.0,1190,1972
22252.5,249,497
22254.2,2092,217
22255.7,2114,590
22256.8,2028,558
22257.1,633,1232
22258.4,26,1986
22259.6,822,469
22259.7,626,495
22260.6,1012,836
22260.7,100,2071
22261.5,227,498
22261.9,1981,753
22264.1,1066,1798
22266.6,504,1770
22266.8,88,756
22267.0,985,699
22267.9,820,1950
22268.7,1185,409
22272.7,2019,1504
22274.1,1602,1580
22275.6,439,1900
22276.3,1740,606
22276.3,1872,492
22277.4,45,1240
22277.4,1820,174
22280.4,1452,570
22281.2,1877,1134
22281.2,648,1465
22282.1,2061,863
22282.6,1599,2101
22282.7,620,1441
22284.1,1389,1882
22285.6,573,1140
22287.6,1240,1613
22287.7,1981,1542
22291.8,738,2076
22293.7,1061,530
22295.2,1425,1653
22295.3,120,651
22295.6,435,2045
22299.0,1951,1325
22300.8,969,431
22303.7,712,1573
22305.5,1720,263
22305.6,1025,468
22305.6,298,1808
22307.5,120,712
22308.0,1841,1546
22308.1,818,801
22308.5,1792,1171
22308.8,663,1777
22310.9,787,352
22312.0,394,833
22312.1,575,21
22312.6,1671,294
22313.2,2032,778
22315.4,1940,2051
22316.0,564,275
22316.7,1540,290
22317.8,520,2118
22318.2,483,2042
22318.5,1355,92
22318.9,1187,1029
22319.5,1465,278
22322.1,646,1179
22322.2,988,2120
22325.6,2048,1278
22326.2,232,454
22327.3,1077,122
22327.3,1726,1068
22327.6,243,570
22327.9,1350,255
22328.2,298,144
22328.8,289,1704
22329.9,330,1961
22333.6,1108,170
22333.8,2034,2079
22334.1,1434,1767
22334.9,932,87
22338.3,107,803
22339.2,1553,74
22340.2,213,1585
22342.1,512,1760
22343.6,564,473
22344.3,1506,1440
22344.6,1788,237
22344.9,376,41
22345.3,187,61
22347.9,1023,232
22348.0,519,1796
22348.2,179,1286
22348.8,1000,1197
22348.9,1629,1960
22350.3,314,312
22350.6,843,2027
22352.2,1462,902
22352.9,1239,1502
22354.8,1198,1000
22355.8,1095,1306
22357.3,2062,427
22357.4,1682,1991
22357.8,833,561
22360.1,2133,944
22360.5,863,502
22361.1,581,146
22365.9,1803,1858
22369.8,87,2043
22372.1,1107,1138
22373.2,1230,346
22373.3,1572,2028
22373.3,1567,1575
22374.0,919,842
22374.6,1765,214
22376.0,128,1424
22379.5,1377,1075
22381.6,886,112
22382.1,1777,1751
22384.0,233,447
22385.0,1177,1898
22385.7,2125,1065
22386.0,1561,1914
22387.7,975,540
22390.7,1149,1123
22390.8,1023,1211
22391.3,1616,158
22392.5,1481,1100
22393.9,50,509
22394.3,1314,1083
22396.7,1817,1895
22396.7,36,1910
22396.8,1469,1966
22398.1,892,1673
22398.1,325,1132
22401.0,1286,262
22401.7,1056,1131
22402.1,2027,521
22402.4,714,601
22405.0,203,953
22405.2,157,754
22406.6,1803,1299
22406.7,933,249
22410.5,1061,1054
22410.5,1447,183
22411.7,1432,447
22411.8,1817,463
22412.7,970,835
22413.2,1521,1703
22413.3,1746,1159
22413.5,1337,1475
22414.0,1671,1534
22414.8,1204,127
22415.0,182,1191
22418.4,104,435
22419.5,1282,2092
22421.1,2081,1409
22424.7,1551,133
22426.0,614,1560
22427.8,321,316
22431.8,919,2062
22439.6,1712,496
22441.9,210,1934
22443.3,2131,1806
22443.8,798,1200
22446.8,1346,995
22448.8,1482,945
22449.6,472,987
22450.3,1679,1482
22450.4,2071,313
22453.5,1983,943
22454.3,1715,941
22455.4,513,1003
22457.2,1669,565
22458.4,1175,1399
22458.9,333,1673
22459.6,607,2024
22460.8,811,736
22463.5,63,683
22463.6,1078,1924
22465.4,517,139
22467.6,98,683
22473.4,542,2109
22475.9,1589,1729
22476.5,1647,988
22478.1,487,1379
22480.9,1378,441
22487.4,185,302
22489.1,1453,1838
22492.1,1842,1784
22492.6,1954,551
22494.2,2086,343
22494.4,31,1515
22495.9,1857,1553
22496.3,723,2083
22498.0,1144,396
22498.3,2020,1397
22498.4,2120,2081
22500.7,1747,1168
22501.2,1304,730
22505.1,171,862
22505.8,1139,1287
22505.9,1166,678
22506.1,1121,1993
22506.8,693,1181
22510.3,1062,434
22513.6,1141,577
22513.7,2083,691
22513.7,162,799
22513.7,105,1513
22514.0,1746,1822
22515.0,1858,1208
22518.1,491,1820
22520.9,2020,1077
22521.0,560,1140
22522.6,477,1448
22524.7,911,304
22525.2,2076,1373
22525.6,2100,303
22527.1,1289,157
22527.9,2135,1300
22528.1,145,32
22528.5,1540,901
22529.9,1086,1925
22530.1,766,2034
22530.5,813,363
22534.3,877,13
22535.0,2009,854
22536.6,158,1712
22538.1,1557,961
22539.3,1983,737
22542.0,949,1196
22543.4,2007,1606
22544.5,1970,1210
22544.7,460,1176
22545.3,1831,1332
22545.7,1740,474
22545.9,1306,465
22546.5,1630,524
22548.4,1981,2003
22549.5,961,118
22549.9,2078,881
22552.7,1675,249
22553.8,1323,1071
22555.2,1684,1603
22557.3,1741,1632
22557.6,223,1099
22558.5,896,1391
22559.8,186,1263
22560.5,906,682
22561.5,451,1350
22561.6,81,86
22563.7,369,1365
22566.8,259,201
22567.7,1483,812
22573.0,1620,939
22573.4,661,1531
22573.9,883,1018
22577.5,147,82
22579.2,419,2054
22579.9,1986,173
22580.1,1234,99
22580.4,1012,138
22580.8,506,1547
22582.2,537,1105
22584.7,313,302
22585.6,1701,82
22585.6,621,391
22587.2,1602,795
22589.5,1278,1325
22590.2,95,1237
22590.6,830,408
22591.0,1930,1542
22591.4,381,910
22595.7,1140,1979
22596.1,2075,1001
22596.7,2035,1612
22600.5,443,1852
22600.9,101,1627
22602.7,1831,1514
22603.5,446,1272
22604.1,342,390
22605.1,850,2006
22606.2,343,578
22606.9,1939,2143
22608.5,952,241
22610.3,1032,1686
22610.8,1383,616
22610.8,1665,22
22611.2,856,2001
22612.2,1282,965
22612.7,1978,2107
22613.7,333,430
22614.4,317,1538
22614.6,55,663
22615.5,497,680
22615.8,465,159
22618.5,2028,699
22619.8,1995,572
22621.5,1712,1635
22621.5,481,1783
22628.4,1110,2140
22628.9,1522,679
22629.1,2143,837
22631.1,1520,2127
22632.3,1933,1895
22632.6,1352,554
22632.8,1940,40
22633.3,734,615
22634.1,22,1277
22635.6,816,384
22636.6,1355,387
22636.7,1919,640
22636.8,925,1412
22638.0,789,1124
22638.5,1745,1252
22639.0,1651,1043
22640.1,829,317
22641.2,421,886
22641.6,1076,419
22641.8,2139,1568
22642.3,1135,1939
22642.6,10,949
22648.3,374,600
22648.5,1947,1
22649.0,213,561
22649.9,1800,1742
22651.2,1339,1239
22652.1,480,986
22653.2,1545,1579
22654.7,1454,1276
22657.0,1298,320
22659.7,876,680
22663.4,1137,585
22665.7,1808,2007
22667.2,1026,492
22668.2,1783,1426
22668.4,1497,1909
22670.3,1417,1737
22670.6,782,1566
22671.2,43,802
22671.9,798,22
22673.0,1345,385
22676.1,1039,2059
22679.3,1118,137
22680.6,1960,1631
22680.7,1036,1123
22681.9,124,1928
22689.3,1861,2008
22689.6,425,156
22690.1,627,724
22692.7,539,339
22693.4,489,229
22694.2,255,1287
22694.3,1136,795
22695.6,68,1362
22697.9,1296,693
22700.9,1500,2114
22700.9,1651,1705
22703.2,251,266
22703.5,2054,604
22705.1,343,706
22705.8,1128,813
22707.3,1676,708
22708.6,13,1274
22709.0,1436,482
22709.5,352,1896
22709.6,370,747
22711.3,760,1300
22712.4,82,693
22714.4,890,1534
22715.1,1010,1260
22717.4,782,543
22717.9,1553,1175
22718.2,575,1292
22718.8,771,1117
22721.5,725,1208
22721.9,1800,1083
22722.0,1454,1489
22722.6,2142,1841
22724.8,698,150
22728.6,1579,637
22729.5,862,1777
22730.1,1182,849
22730.6,2063,1101
22730.7,863,1057
22731.0,1068,128
22734.2,2117,763
22735.1,1913,1322
22735.6,1547,138
22736.1,428,1469
22738.7,32,650
22739.4,1370,1379
22740.7,410,766
22743.8,1254,666
22744.6,762,89
22745.3,1869,1781
22747.0,1939,997
22747.3,1528,1383
22748.2,1643,1229
22748.2,959,2076
22748.4,1744,1103
22752.2,1641,116
22752.5,681,1231
22755.2,812,571
22755.4,1364,220
22759.8,1266,579
22761.8,1878,1621
22762.1,3,604
22762.4,704,1234
22762.8,756,967
22765.3,1788,369
22766.9,631,1532
22766.9,652,1411
22767.0,1614,870
22770.1,1541,1898
22771.7,392,1587
22771.8,546,1637
22773.7,1159,1739
22774.8,293,1420
22775.7,110,908
22778.4,729,963
22779.0,1392,2053
22781.2,1630,316
22782.5,565,2047
22782.8,865,1236
22783.5,1390,1573
22784.8,1743,617
22785.2,1584,1968
22785.3,1727,735
22785.5,2119,435
22786.3,338,1418
22787.8,415,1656
22789.8,50,658
22790.3,2076,1572
22791.7,47,1991
22793.1,1645,1730
22794.9,1240,1740
22795.3,474,1844
22796.2,1939,1372
22798.5,1494,457
22800.5,1736,1570
22803.1,327,615
22803.1,1056,809
22804.0,1863,1781
22804.0,1153,163
22804.2,2005,1885
22804.8,1512,1033
22805.5,1213,96
22806.5,732,1201
22807.0,71,1829
22807.5,145,457
22808.1,149,1622
22808.4,344,387
22808.6,592,2021
22809.3,1125,1414
22813.8,999,2144
22814.9,166,313
22815.4,156,601
22816.6,414,1564
22817.5,322,1383
22820.8,1236,1730
22821.4,753,1052
22823.0,324,1775
22827.2,784,1068
22833.9,2105,998
22835.4,200,1532
22836.5,881,1789
22836.9,760,1133
22837.8,187,1632
22840.8,1167,1116
22840.8,848,76
22842.7,531,1125
22843.1,1303,397
22843.4,74,1329
22843.7,1178,1886
22844.8,1346,1593
22845.7,51,1404
22846.2,1418,1820
22846.4,2043,862
22847.3,696,1597
22847.7,132,321
22849.0,1414,340
22849.3,1512,1245
22849.7,1291,1849
22851.1,121,638
22852.4,682,1440
22853.4,1701,95
22855.2,1162,2010
22860.9,1537,539
22861.5,505,397
22862.2,865,453
22863.2,731,651
22865.1,1642,1673
22865.6,891,1712
22868.5,1142,1308
22870.4,432,1301
22871.2,1606,922
22873.7,2026,1900
22874.1,1840,642
22877.4,727,1638
22877.8,1368,1900
22879.2,402,1570
22880.3,1712,1713
22880.9,118,918
22881.1,2061,329
22882.3,1674,93
22882.8,1023,681
22883.8,1932,372
22887.6,93,1594
22888.6,790,661
22889.4,980,717
22890.2,818,1321
22890.4,265,126
22890.7,1888,1880
22891.0,1817,990
22893.1,1889,2048
22894.3,1356,652
22894.7,286,28
22896.4,1664,2128
22903.3,1578,288
22905.2,1065,495
22906.8,97,1796
22907.6,244,1199
22909.7,163,1488
22910.3,2095,1802
22911.0,508,424
22911.2,1075,457
22912.9,1501,1691
22914.2,581,995
22916.2,860,1083
22916.3,303,1876
22919.2,2013,1002
22921.0,1402,1209
22922.5,1354,1844
22924.0,1127,146
22925.8,606,2137
22926.2,905,1519
22927.3,1192,1256
22930.9,648,1248
22931.7,1801,1207
22931.9,526,600
22933.1,1573,1053
22934.4,114,866
22935.5,607,49
22935.9,2083,2116
22936.5,697,1409
22937.8,2052,1287
22938.8,1548,1987
22940.1,1974,718
22940.9,1555,58
22942.3,265,1402
22942.6,845,918
22942.8,489,806
22943.4,1881,49
22945.7,935,829
22946.3,134,1632
22947.5,1349,2078
22947.6,325,229
22948.4,2141,1015
22948.7,748,1003
22949.0,1868,726
22949.1,1088,1136
22949.2,778,260
22952.2,542,2140
22952.6,850,932
22953.0,1954,1901
22953.1,209,1306
22955.1,299,804
22955.9,1810,341
22956.7,409,880
22957.9,1228,39
22959.0,456,1813
22960.9,797,1868
22967.0,1031,1667
22968.1,2017,723
22968.6,1979,2106
22969.1,1227,1082
22971.6,1019,1397
22972.0,2060,1264
22973.3,456,746
22974.1,1307,2087
22974.9,668,732
22975.0,1769,1247
22975.1,1815,1402
22976.4,748,792
22978.3,949,873
22978.8,1250,1310
22980.6,1932,421
22982.0,861,633
22982.5,786,1622
22984.5,646,643
22985.0,2115,1940
22986.3,1707,1103
22986.6,1076,1933
22990.1,1243,1518
22990.3,1366,1449
22992.5,1291,1842
22993.0,1611,1708
22993.0,1655,226
22997.3,1448,573
23002.0,1123,79
23004.1,828,854
23005.5,1048,1207
23007.7,96,1318
23008.4,1566,1334
23009.5,816,880
23010.7,1802,1122
23010.8,995,657
23011.3,1964,1924
23015.1,188,1597
23016.6,1994,1023
23017.0,1536,242
23017.2,1403,1130
23018.1,1794,1164
23018.3,550,303
23018.8,1694,621
23021.4,1224,819
23022.4,1795,1004
23022.9,1067,1193
23024.4,575,278
23027.0,1285,1479
23029.9,1826,879
23030.2,1918,932
23031.0,1364,815
23032.4,1060,1045
23033.6,94,574
23033.7,1682,1750
23034.4,1992,196
23036.6,246,2098
23037.2,1790,131
23041.3,1339,2015
23041.7,1367,274
23043.3,377,460
23044.3,2103,359
23045.4,1918,781
23047.1,1765,1134
23047.9,623,1353
23048.0,1391,1859
23049.0,1771,87
23049.6,1203,26
23050.8,1597,77
23050.9,1320,1749
23051.1,912,1337
23052.0,820,1452
23054.8,625,773
23056.7,844,1263
23057.0,107,161
23058.9,1427,283
23059.4,1291,942
23060.7,826,1240
23060.9,1110,954
23064.4,889,1455
23064.4,1800,504
23066.7,1536,104
23067.4,854,1558
23067.5,1796,1635
23067.8,1558,510
23067.9,717,2075
23071.0,2115,498
23071.2,858,492
23074.8,1467,1297
23075.4,861,371
23077.5,1473,1957
23077.8,458,1871
23077.9,1556,1720
23078.5,409,1452
23079.1,1269,267
23079.8,1231,939
23090.0,345,1596
23092.7,64,1125
23094.3,1324,185
23094.5,1019,726
23095.6,524,2124
23095.8,1924,159
23095.9,859,1200
23096.4,1699,645
23097.1,715,2124
23101.4,743,1495
23104.0,448,665
23104.1,835,1253
23104.7,1528,1086
23105.9,116,105
23106.4,1927,140
23108.1,591,1669
23108.2,1544,695
23108.4,61,1428
23111.3,377,1719
23116.8,460,1948
23117.6,1700,1803
23117.8,2,1275
23118.6,1052,525
23119.1,1497,394
23119.9,803,515
23120.3,531,584
23120.6,336,388
23122.2,1156,431
23122.5,1026,756
23124.2,1233,1346
23125.7,1892,2129
23126.7,1092,539
23127.2,1535,594
23128.3,140,1577
23129.5,810,746
23129.5,139,974
23129.8,1321,47
23130.8,1981,1408
23131.1,1661,1851
23137.3,1856,1076
23138.3,482,1144
23139.6,2107,1381
23140.1,763,1045
23140.7,1996,1869
23142.0,1402,2126
23142.4,1496,1747
23143.7,517,387
23144.0,1873,455
23144.2,1211,517
23146.8,1257,1853
23147.5,339,2067
23147.8,2092,798
23148.0,908,68
23148.3,1449,621
23149.3,192,1485
23150.3,683,1533
23150.5,678,926
23152.8,622,1736
23155.3,1140,200
23159.3,1641,1214
23159.9,2137,1725
23162.8,1916,1318
23162.9,1228,1
23163.0,1276,855
23166.3,273,242
23168.0,574,588
23168.9,656,993
23169.5,653,1716
23170.1,792,1018
23172.4,288,926
23176.6,1131,575
23179.4,505,621
23179.7,583,1128
23181.5,44,480
23182.4,420,1929
23182.7,1795,1223
23184.9,1861,629
23185.0,1398,1114
23188.7,167,1562
23191.0,1046,462
23192.3,1744,689
23194.9,1995,1192
23195.2,422,362
23202.8,1485,988
23205.4,2025,1771
23206.1,430,1147
23208.4,1129,1030
23209.7,1346,1718
23211.1,1029,1460
23211.2,414,1988
23211.6,2027,906
23212.7,1088,425
23220.1,1998,1539
23221.3,1567,172
23222.5,403,388
23222.6,977,1477
23223.7,1727,1612
23225.3,163,1422
23226.6,1803,1887
23227.7,2141,152
23231.3,1768,105
23231.6,740,98
23232.8,1347,404
23233.2,1688,116
23234.9,1038,1468
23237.0,1409,1443
23241.6,1018,1133
23242.4,195,1329
23243.1,1077,657
23243.4,1318,1643
23245.2,704,2047
23247.6,1367,1440
23248.9,932,1296
23251.1,414,370
23252.4,1281,2036
23253.6,1567,828
23254.0,1988,1436
23254.5,1793,1480
23256.3,690,1322
23256.3,777,1271
23259.4,1213,728
23260.0,311,813
23260.1,1657,1078
23260.3,1393,1449
23261.0,1577,424
23263.3,1203,336
23263.8,920,1812
23266.0,1007,634
23267.4,1121,107
23268.3,896,1004
23270.9,1803,884
23271.1,1215,998
23275.3,1979,1797
23276.0,787,1688
23276.2,2124,1636
23277.5,1585,1071
23279.0,1490,1079
23279.7,1493,961
23280.2,1462,315
23284.2,550,1317
23286.7,1011,527
23286.8,2078,1948
23287.8,429,933
23289.4,917,1905
23289.8,217,1885
23291.0,2036,1786
23291.1,701,90
23292.1,235,1423
23292.9,605,261
23294.4,267,1130
23295.4,112,2010
23296.1,546,1623
23296.4,1851,1269
23297.4,1247,1353
23297.7,2080,1667
23297.9,1288,27
23302.4,216,1467
23303.5,290,260
23304.5,660,797
23304.8,734,742
23304.9,2027,489
23305.4,385,1652
23306.4,1586,1669
23307.1,1943,567
23309.4,749,392
23309.9,726,1762
23312.5,2046,371
23312.8,1644,821
23313.1,334,1391
23313.9,385,2145
23314.3,249,242
23315.7,391,690
23315.7,51,19
23316.2,1254,113
23318.2,1535,284
23322.2,772,2040
23322.4,894,1414
23322.5,633,1532
23323.6,1805,727
23324.5,1823,124
23325.7,492,1276
23329.2,441,1429
23330.6,2123,685
23333.5,2038,791
23334.7,1381,1862
23338.0,1592,1834
23341.7,268,1385
23342.0,579,980
23346.1,2010,771
23348.1,170,1467
23348.2,1967,404
23350.5,372,1312
23353.6,2136,1614
23355.4,823,1157
23355.9,1834,811
23356.3,1746,1655
23357.0,337,2008
23357.0,427,1316
23358.1,1592,1252
23358.9,1176,225
23359.9,170,770
23363.6,1257,710
23364.9,196,114
23364.9,1240,1576
23365.2,214,1776
23366.9,730,2083
23367.5,183,878
23367.6,760,907
23369.2,298,833
23370.0,63,185
23373.3,843,476
23376.5,19,984
23377.9,1354,725
23383.3,935,1522
23386.5,1646,183
23386.7,1008,1057
23389.4,1731,1268
23389.7,1116,1676
23391.2,1703,1694
23391.8,776,1999
23392.1,42,1619
23392.2,1839,527
23393.5,913,288
23394.8,472,650
23397.8,2001,272
23398.0,1340,685
23401.6,1050,1631
23402.1,1173,1166
23404.5,1071,444
23406.3,1617,827
23410.1,2039,822
23410.2,146,1920
23411.1,456,936
23411.1,1589,755
23411.2,276,990
23411.9,1519,1794
23413.6,1810,168
23415.0,2062,774
23416.9,1302,179
23417.9,625,1398
23420.4,1027,718
23420.9,821,231
23421.6,627,1195
23422.4,922,753
23423.7,1375,1797
23423.7,1804,284
23426.1,1178,659
23426.2,1300,232
23426.4,266,1679
23427.3,71,695
23428.9,1317,1517
23429.0,425,957
23429.0,14,239
23431.1,490,919
23432.9,144,302
23432.9,1951,1581
23433.4,1584,1841
23436.4,973,2009
23437.6,1413,1863
23438.4,627,1860
23439.4,1475,916
23439.6,714,1591
23448.5,656,1507
23450.2,1768,1228
23450.4,1883,1680
23451.9,929,1647
23452.1,1445,852
23455.7,1724,1711
23456.5,1852,1818
23460.3,1898,1489
23460.8,1633,545
23462.4,843,1007
23462.7,782,797
23466.5,1488,1897
23467.5,1672,1535
23468.8,874,1609
23469.0,445,1852
23469.4,1688,208
23469.7,1383,641
23471.1,2119,1768
23471.3,1814,97
23472.8,1580,705
23473.2,638,1646
23474.3,810,617
23474.9,1919,1006
23477.5,534,1993
23478.0,144,397
23479.9,351,87
23479.9,216,1357
23482.3,1283,1461
23482.6,616,872
23483.1,270,1486
23484.3,1292,1829
23485.1,717,1186
23485.6,654,622
23485.8,485,1678
23486.0,1923,1151
23487.5,1021,464
23488.9,600,1822
23489.0,161,555
23491.7,1936,1553
23492.5,81,1484
23495.9,744,1832
23498.7,2014,1408
23501.4,348,1515
23501.5,552,1229
23502.9,612,454
23509.2,807,1313
23509.6,340,1452
23510.8,2026,65
23512.0,1711,692
23512.6,1035,786
23513.5,2131,96
23514.3,683,213
23515.7,1255,1077
23516.4,1773,1382
23516.5,1876,328
23517.0,128,535
23519.6,43,78
23520.0,817,1925
23520.6,147,1107
23522.1,1374,1502
23524.2,1738,1667
23525.7,542,1418
23527.3,790,2002
23527.7,341,1842
23530.9,347,1305
23533.4,464,94
23535.5,438,995
23535.6,1529,266
23535.8,970,357
23538.3,39,55
23540.0,1397,288
23540.2,1887,1355
23542.1,433,499
23542.2,568,817
23545.4,332,760
23545.5,375,15
23546.2,954,861
23546.3,325,1584
23546.8,789,1949
23548.9,2028,762
23549.7,250,1812
23550.0,25,325
23550.2,809,1078
23550.4,775,507
23551.9,310,770
23552.2,1316,932
23552.4,1215,1688
23553.3,1169,893
23554.0,1412,986
23554.9,1030,1152
23556.7,264,252
23556.8,1409,247
23558.0,1761,327
23559.4,1826,49
23564.2,361,1304
23565.3,1480,269
23566.4,1306,1846
23566.9,1967,1517
23567.8,2003,1283
23568.8,779,934
23569.9,174,1445
23570.6,1890,1328
23573.8,1651,1899
23576.4,1902,1852
23576.6,1579,1718
23580.3,571,1297
23581.0,611,1636
23581.5,1779,707
23581.7,753,888
23581.9,1602,1934
23582.1,1381,810
23582.1,1606,648
23582.5,1137,932
23582.8,2044,1772
23583.5,654,1996
23587.9,244,1447
23592.0,274,1324
23593.6,1185,579
23593.9,2024,886
23594.6,53,1261
23595.8,1386,1272
23597.3,1757,499
23598.4,1154,1397
23600.1,524,1513
23601.1,1939,258
23601.1,1515,1708
23601.5,1336,956
23604.5,1280,1950
23606.5,1395,1356
23608.0,520,1318
23609.9,937,970
23612.0,1020,2001
23613.1,79,1283
23614.0,391,1573
23615.7,1317,333
23616.7,1895,1089
23616.7,1595,791
23618.7,1131,586
23619.3,241,1940
23619.6,12,1340
23620.2,1976,598
23622.1,1310,1985
23627.4,819,770
23631.4,493,1210
23633.1,798,2144
23635.1,1156,1016
23637.1,1732,44
23637.5,836,590
23638.0,118,1726
23638.1,1904,604
23638.8,1564,642
23640.0,1286,441
23643.4,1867,1130
23643.7,1856,1166
23643.9,526,1322
23647.9,507,214
23650.4,1954,1510
23650.6,1536,104
23651.9,1326,1620
23652.1,141,1158
23652.6,161,2095
23652.7,540,2034
23652.8,278,573
23653.0,2141,669
23656.5,962,376
23658.3,1462,1385
23658.4,1407,284
23659.3,254,1705
23660.5,1621,634
23661.5,366,848
23662.3,472,1068
23662.6,231,99
23662.7,923,1960
23662.7,897,952
23666.5,563,2050
23667.0,1587,1621
23667.0,1186,2016
23667.1,1699,278
23667.1,147,855
23667.4,2013,29
23668.0,330,1507
23668.9,672,1626
23669.2,30,1152
23669.6,1533,2092
23670.2,825,1049
23670.7,1339,1066
23671.3,1168,1849
23671.4,2096,1661
23671.7,461,170
23672.3,437,842
23672.6,1223,877
23675.3,1242,1478
23676.1,941,1033
23676.4,97,1269
23676.4,741,1367
23676.7,1591,1340
23677.5,1600,676
23680.7,1966,1168
23682.7,1017,318
23683.9,1,127
23685.1,45,1123
23688.4,1242,1822
23689.0,653,398
23689.1,881,781
23693.6,1527,311
23694.0,91,1218
23695.8,491,1237
23696.0,1871,838
23696.2,124,1951
23696.4,461,352
23698.1,1864,1118
23698.5,1964,259
23700.1,627,882
23700.2,1545,122
23700.2,1771,1907
23700.9,54,180
23702.3,1150,1153
23703.9,830,1094
23703.9,1113,770
23704.2,1834,7
23711.1,180,1783
23712.2,2001,948
23713.8,193,1173
23714.3,1504,1868
23716.5,671,1528
23717.8,1520,596
23718.3,1420,1667
23718.6,1645,1524
23719.4,1423,1197
23719.6,2025,1670
23720.1,1768,354
23721.3,563,1363
23724.5,1911,1846
23726.3,672,175
23726.8,594,1399
23727.8,653,571
23732.6,843,1623
23732.7,1716,458
23738.6,171,2128
23738.7,16,1043
23742.1,674,928
23743.6,1371,2003
23743.7,1529,1617
23744.7,1608,897
23745.8,1671,435
23746.1,1858,637
23748.3,771,2
23751.2,2066,441
23752.0,295,1255
23752.4,1663,1240
23754.6,395,782
23754.6,127,1211
23754.8,760,292
23754.9,1853,487
23755.5,1464,1650
23755.6,1229,1405
23756.2,853,1244
23756.9,1959,171
23758.3,129,2047
23758.8,127,1047
23760.3,1571,401
23761.0,1437,2008
23767.6,1556,158
23771.7,355,1945
23772.1,377,339
23772.5,385,1862
23773.1,1381,988
23774.2,1922,140
23774.7,1848,887
23775.9,388,42
23777.4,115,2073
23778.1,2056,742
23778.9,1589,199
23779.3,481,2116
23780.1,1850,1201
23782.5,163,1189
23783.7,1747,449
23785.2,314,815
23786.0,1020,23
23786.6,723,1543
23786.7,748,915
23787.2,2020,936
23788.8,475,415
23789.0,540,96
23789.7,1501,1761
23789.7,1508,435
23790.4,137,1142
23791.1,1729,274
23791.2,1076,1464
23792.0,2077,996
23795.0,563,495
23795.1,353,765
23796.4,1827,1529
23797.5,1957,273
23801.9,759,1692
23802.1,162,951
23802.4,1230,545
23804.1,1600,45
23804.7,2089,49
23804.8,1089,36
23805.3,561,1308
23808.5,1967,874
23808.7,1944,1959
23809.6,405,706
23810.2,290,598
23811.6,2088,595
23814.1,278,1956
23815.0,297,674
23815.3,1693,1481
23818.8,1075,1664
23818.9,1768,175
23821.5,1616,113
23821.7,1530,1600
23822.5,920,521
23823.3,2087,1665
23824.6,644,988
23825.8,1178,2036
23827.6,1772,126
23828.3,347,596
23830.2,163,1513
23830.6,1150,1902
23831.9,1398,1243
23834.2,1339,1262
23836.6,1924,2094
23837.5,562,1922
23838.0,2005,1402
23839.0,257,1030
23840.2,1111,1183
23841.3,933,1282
23844.6,1327,980
23845.7,1427,1254
23846.0,1372,2120
23847.4,1140,1080
23848.5,771,570
23850.6,1208,778
23852.0,1480,1315
23852.3,1895,2130
23852.6,1193,1011
23852.9,1381,749
23855.6,2035,1535
23856.0,1983,1108
23859.4,1880,1398
23859.6,295,1034
23859.7,1542,1610
23859.7,773,1043
23863.0,1862,1134
23863.9,1722,815
23864.3,1751,2005
23865.5,1951,1790
23866.1,489,572
23866.3,1480,223
23866.4,287,1136
23866.5,1099,521
23868.5,1733,839
23868.5,245,40
23868.7,1135,1164
23869.4,944,902
23870.6,1092,1448
23872.9,621,94
23873.9,1297,900
23874.2,1569,832
23875.1,71,656
23875.3,1104,1991
23875.4,1008,1664
23875.7,1882,678
23878.5,902,1144
23878.7,978,1263
23879.4,1583,1827
23879.7,411,335
23880.4,1819,1812
23880.6,1574,1557
23880.6,1112,840
23883.3,2013,1788
23885.3,1402,1319
23885.3,2078,1588
23887.6,841,1527
23887.8,316,1546
23888.0,1654,848
23888.3,1446,1659
23888.7,1190,945
23889.3,1923,99
23890.8,999,264
23891.5,89,1592
23892.6,1472,1560
23892.6,1787,1824
23895.7,366,1791
23896.0,936,1102
23896.6,1064,1960
23896.8,897,2118
23898.0,801,148
23902.9,1493,196
23904.7,368,650
23904.8,205,1025
23904.9,1045,1855
23905.1,580,1785
23905.5,761,938
23906.2,682,2132
23906.2,377,213
23907.3,720,1180
23908.3,1733,687
23908.7,800,315
23908.7,415,1102
23910.9,732,508
23912.8,1511,732
23913.0,765,1006
23914.9,1333,703
23916.8,2102,84
23917.7,232,1613
23917.8,198,1921
23918.0,541,990
23920.5,1504,1143
23921.3,1863,717
23922.9,1016,663
23924.2,173,274
23929.3,556,2
23929.7,2006,1617
23930.7,1654,1911
23934.9,2128,1449
23936.8,1659,1029
23937.7,1669,683
23938.6,2046,517
23940.7,847,300
23941.8,1505,1222
23942.0,1689,1567
23942.6,1530,97
23943.1,813,65
23943.4,602,1842
23945.9,572,1236
23946.5,582,67
23949.4,1798,1035
23950.3,1910,1905
23950.9,838,1897
23951.0,210,1005
23954.7,414,1210
23955.3,1435,1905
23958.4,1775,319
23959.5,1453,2099
23960.5,165,1963
23960.6,1357,792
23961.1,2075,679
23961.1,414,597
23962.8,1104,245
23962.8,895,2134
23963.4,1836,1652
23963.9,1885,1421
23965.2,1167,1507
23965.2,2117,505
23967.9,1996,1775
23969.8,148,2072
23969.8,628,1547
23970.3,1801,1094
23970.5,804,381
23971.8,1129,1615
23972.1,180,1240
23972.1,544,796
23972.8,793,1710
23974.8,621,1748
23975.8,1045,862
23975.8,271,669
23978.3,1087,1976
23980.2,897,1918
23983.3,678,2021
23983.5,1882,1403
23984.7,1524,1920
23988.6,1057,1354
23989.9,1337,637
23991.2,2130,1142
23993.3,1004,926
23995.4,1777,1979
23995.8,2084,1231
23996.7,1657,210
24000.5,1230,1055
24000.7,606,915
24003.0,896,1018
24003.8,627,403
24005.3,2071,1486
24006.0,1637,1717
24007.0,1225,332
24007.4,1970,271
24009.3,233,1784
24009.9,1770,630
24010.6,125,1367
24014.1,484,1261
24014.4,2014,1623
24015.6,1660,1761
24017.9,1173,996
24019.1,675,1376
24019.3,1339,1543
24021.8,412,336
24021.9,34,614
24022.9,2017,378
24026.3,622,210
24026.3,727,133
24026.5,1502,1463
24027.8,358,165
24028.1,1268,1352
24028.2,337,161
24029.4,787,696
24032.3,2008,440
24032.7,1193,293
24034.9,1165,567
24035.0,1064,644
24036.3,2108,393
24037.2,916,1162
24037.2,1387,666
24038.7,1853,1469
24042.5,1255,1202
24043.9,1642,1712
24045.9,963,1266
24047.3,862,985
24048.1,635,150
24048.2,482,604
24048.3,1838,516
24048.5,300,1157
24050.4,1310,979
24052.0,1783,1678
24052.2,1239,859
24055.0,138,1491
24055.2,784,1413
24055.3,128,1032
24055.9,2038,1898
24057.3,1628,1325
24058.0,1339,1729
24059.4,753,30
24061.9,672,1026
24062.6,1994,1370
24062.8,574,983
24063.7,2028,1138
24066.7,739,1711
24066.8,37,1477
24068.3,1527,1381
24068.3,1977,2052
24068.6,605,1361
24070.1,2068,1120
24071.0,805,1781
24072.9,161,1863
24077.1,1188,1869
24077.1,1362,73
24077.8,257,1943
24080.0,1709,1898
24083.1,945,1290
24085.4,912,1840
24085.8,158,939
24087.2,1040,1617
24087.5,938,166
24087.9,1840,978
24088.5,1761,195
24092.5,1120,1707
24092.5,1254,209
24093.4,874,1177
24095.3,961,1593
24096.3,1345,725
24097.3,820,58
24098.8,326,1346
24100.1,1965,84
24100.2,1057,692
24101.6,1053,1702
24101.8,1746,835
24103.4,1480,399
24105.3,1182,1267
24113.0,280,312
24118.1,497,13
24122.0,270,1106
24126.2,464,1848
24126.8,2049,1905
24127.7,1971,1139
24129.6,1459,376
24130.2,1588,775
24131.1,1025,74
24134.2,353,259
24134.4,1401,656
24135.3,795,1960
24141.3,1439,122
24141.8,1594,1771
24142.0,2098,1648
24142.3,778,1980
24144.1,274,928
24146.4,2024,1875
24147.0,1510,815
24149.9,149,1855
24150.2,1455,70
24155.7,1525,1387
24156.4,30,1290
24158.9,349,549
24161.2,2132,477
24162.4,1939,2024
24163.4,1395,490
24164.6,133,1298
24165.0,1743,1201
24165.0,436,224
24168.5,560,1057
24170.7,626,1149
24171.2,1687,304
24175.8,1490,307
24176.7,1228,1666
24176.7,1167,1342
24177.0,381,562
24180.4,410,1484
24180.5,1082,1367
24181.0,506,748
24182.1,322,948
24182.2,1275,326
24184.3,1217,1218
24184.4,1653,166
24184.9,1721,380
24186.2,1102,213
24186.4,386,16
24186.5,1953,174
24187.3,1479,1662
24188.3,1082,650
24189.5,1014,335
24190.0,758,425
24191.2,68,1926
24191.5,518,693
24193.2,2087,977
24199.0,21,2142
24201.6,768,2017
24202.6,243,1760
24202.9,1591,788
24205.1,1198,1410
24205.3,1685,1178
24205.7,510,1721
24206.0,2038,5
24210.8,1661,783
24212.6,525,755
24214.7,491,1019
24214.9,164,945
24222.8,190,295
24224.3,544,893
24224.7,461,11
24226.0,453,56
24226.7,1398,845
24227.4,602,504
24230.0,1331,1683
24230.6,2125,1126
24231.3,825,597
24231.6,1446,770
24234.2,994,2006
24235.0,1121,1791
24235.1,12,1774
24235.9,251,244
24237.6,1184,834
24238.3,1176,576
24238.7,725,1745
24240.5,1938,267
24241.7,1424,1241
24243.0,1840,822
24244.4,1128,1953
24248.6,1104,657
24249.4,1794,546
24249.4,960,1990
24250.1,2087,592
24250.2,1518,2138
24250.6,404,1113
24253.1,2115,1270
24254.8,83,257
24255.8,438,988
24258.7,1032,1000
24260.5,749,2035
24265.3,13,610
24269.3,1340,1719
24270.4,5,1970
24270.6,444,1254
24272.2,1740,1028
24273.7,1113,817
24275.0,1461,393
24275.6,803,1003
24276.1,1376,1461
24276.9,987,1365
24277.8,1764,67
24279.2,422,561
24279.6,179,839
24280.4,297,420
24281.8,1807,555
24282.1,878,894
24282.7,149,1050
24282.7,1675,492
24288.7,1842,856
24288.8,969,486
24288.9,1025,987
24289.0,1134,684
24290.3,26,2005
24292.5,886,1686
24295.2,409,363
24296.1,939,1137
24296.1,1429,1461
24297.9,672,110
24299.6,87,1127
24299.8,642,959
24301.5,734,802
24303.7,809,543
24304.2,250,1841
24304.5,550,128
24304.7,836,1501
24305.9,1227,1768
24306.1,259,651
24306.9,31,701
24307.5,717,1721
24307.7,645,867
24307.8,1700,444
24308.5,680,1090
24310.0,1351,1855
24310.3,883,1839
24311.0,1823,1143
24311.4,877,82
24311.7,1210,1538
24313.6,1904,372
24316.2,472,519
24319.1,941,463
24320.1,1616,553
24320.2,736,949
24322.2,985,207
24323.1,303,989
24324.1,342,1389
24325.0,383,1063
24325.4,557,730
24325.5,2009,840
24325.7,903,366
24326.6,1811,292
24327.3,328,1318
24328.1,1131,1383
24328.1,47,111
24330.0,99,124
24330.1,675,332
24330.2,779,1969
24334.1,402,1798
24336.0,1521,234
24337.9,105,613
24343.5,1281,1552
24345.0,2064,1187
24346.7,1068,652
24346.8,605,1952
24347.2,2139,313
24347.5,1183,2053
24348.7,173,1286
24349.3,165,2077
24350.0,107,180
24351.2,11,1070
24353.9,1547,1414
24355.2,363,1480
24356.8,1126,614
24357.4,503,965
24358.1,1103,2095
24358.4,1317,1513
24359.8,1499,1270
24362.0,1537,171
24363.0,161,1924
24363.1,851,984
24363.7,1884,1454
24365.7,69,756
24365.8,248,1096
24367.9,501,1604
24368.2,508,20
24368.6,1059,726
24369.6,1940,2041
24372.3,1019,2112
24372.6,768,262
24373.2,992,634
24374.6,579,1638
24375.8,1208,699
24376.8,1259,1669
24377.2,84,994
24379.9,534,1508
24381.5,1764,876
24381.6,1031,336
24382.4,167,1598
24382.8,1596,641
24383.4,1530,1190
24385.9,173,764
24386.6,938,1511
24387.1,765,1203
24387.4,95,346
24388.2,1260,1684
24390.2,1190,2101
24391.2,2069,92
24393.1,446,1508
24393.4,2051,2124
24393.7,1128,1358
24395.3,549,1907
24396.5,252,1392
24396.6,235,1193
24396.9,885,855
24401.3,1454,795
24403.5,1055,1290
24406.2,500,1616
24407.9,579,418
24408.0,1862,1910
24409.6,506,197
24410.8,813,987
24411.9,810,2017
24412.2,1658,1323
24421.7,160,1665
24424.1,314,343
24427.3,2068,2034
24429.0,1341,1594
24429.2,2050,1667
24431.1,34,43
24434.1,854,108
24441.6,120,437
24442.1,1699,458
24443.1,2145,53
24443.4,1545,1367
24444.2,2037,1080
24445.9,490,1701
24449.0,875,1604
24449.6,1416,548
24452.3,312,1274
24453.5,504,1174
24453.6,1197,925
24454.0,1955,1404
24456.3,570,1668
24456.5,645,883
24457.7,2071,605
24457.8,1848,1126
24458.3,1713,314
24458.4,149,1204
24458.6,1668,175
24460.8,87,1382
24461.2,1619,1755
24461.9,189,2127
24463.4,477,527
24464.1,73,172
24467.7,226,2130
24470.5,1479,1599
24471.1,362,111
24471.7,1866,297
24472.2,871,409
24476.0,895,1040
24478.9,1457,213
24481.1,2085,751
24481.8,445,1988
24483.0,1987,1738
24484.8,584,863
24490.0,1080,1189
24491.8,165,474
24492.1,20,1832
24494.0,1403,1222
24494.4,559,1668
24494.4,957,1533
24495.6,508,218
24495.8,1517,1849
24497.3,73,194
24498.2,265,1185
24498.6,744,64
24500.2,1855,1045
24501.3,678,1650
24503.0,1723,1539
24505.6,1214,1868
24505.7,2138,1210
24505.9,1499,1573
24507.2,1016,601
24507.7,421,1205
24507.7,2049,1268
24508.8,796,717
24511.6,443,757
24513.9,913,1205
24515.8,1760,1655
24516.8,224,1670
24518.1,94,1937
24518.3,482,1872
24520.1,125,1810
24520.3,884,1267
24521.4,934,2129
24522.5,1334,1481
24523.9,2130,567
24525.2,71,1166
24527.4,1411,1669
24530.2,482,583
24533.1,1778,1398
24533.2,603,1663
24534.3,1469,600
24535.0,1089,382
24536.9,1566,1549
24537.5,298,887
24537.5,1973,1744
24537.6,596,779
24539.7,1284,1379
24544.6,492,1031
24547.0,1093,1632
24548.0,985,1272
24550.4,1113,166
24552.8,672,1959
24554.5,4,26
24555.9,2104,1778
24557.1,1594,256
24565.2,478,1585
24566.1,307,332
24567.5,1371,104
24567.6,271,1536
24568.5,1143,328
24568.9,299,1316
24569.0,1670,725
24571.5,2137,802
24574.1,1815,1684
24575.4,206,1508
24575.7,1146,1106
24575.7,2028,1804
24576.4,1153,1600
24576.6,1839,572
24578.3,1686,532
24579.4,1411,79
24580.4,377,2015
24582.1,1942,1574
24585.3,659,273
24587.1,1079,93
24587.8,1076,275
24592.2,812,830
24593.0,365,543
24596.9,1286,1465
24598.4,701,829
24599.0,1643,445
24599.8,324,1901
24599.8,672,416
24599.9,669,1
24600.5,896,1728
24600.8,2102,1301
24601.0,2030,1412
24601.6,779,893
24602.4,1215,1257
24602.7,201,690
24605.3,1323,195
24605.5,1620,1204
24606.4,387,1766
24606.8,216,968
24607.5,1024,416
24608.2,443,580
24611.1,2046,2102
24611.4,764,307
24611.4,661,377
24614.0,747,419
24615.3,1069,2127
24618.6,1719,702
24619.7,1393,2012
24621.6,1793,957
24623.4,948,995
24626.1,2110,725
24627.1,1304,1672
24627.1,937,1841
24631.1,93,2018
24633.1,1755,1649
24634.5,487,1857
24635.3,250,1649
24637.8,2033,966
24640.7,2122,600
24643.2,63,1495
24645.0,1540,588
24645.1,700,739
24645.5,1430,1343
24646.9,353,1611
24648.3,1499,60
24650.2,1832,429
24651.7,1658,615
24653.3,2141,713
24653.4,568,1340
24654.5,1870,161
24655.5,1099,963
24656.2,1182,66
24660.1,519,154
24662.5,138,941
24663.8,1774,1027
24664.7,1195,532
24665.2,1383,2097
24666.2,270,344
24666.6,1850,2078
24667.4,146,1807
24667.5,733,963
24670.3,1645,1833
24671.0,802,764
24671.0,1851,1125
24671.6,319,260
24673.2,1889,2027
24674.4,2017,1574
24675.4,1787,2071
24676.2,630,530
24676.7,803,2023
24683.2,156,1303
24684.6,2,1632
24685.9,972,1510
24686.0,1103,122
24687.4,1476,1598
24688.0,1359,1870
24689.1,125,511
24689.3,720,1403
24691.7,1099,1028
24691.9,2144,1610
24692.7,1614,803
24692.9,1204,760
24694.2,545,1102
24696.2,910,796
24697.2,422,1393
24697.8,1067,326
24699.3,1342,764
24700.2,1383,1979
24700.5,1406,1593
24700.7,703,1653
24704.4,907,910
24704.9,1515,418
24705.2,2066,435
24706.3,1602,1512
24706.8,2005,2125
24707.2,1582,1328
24707.2,1312,1997
24709.1,1176,1071
24709.4,795,1255
24710.7,491,2098
24712.9,305,463
24716.0,1983,675
24716.0,2136,1366
24717.1,1102,154
24717.2,1491,860
24717.9,361,1332
24718.3,440,1338
24720.5,828,439
24720.8,710,1499
24722.0,878,1718
24722.9,398,975
24724.9,1832,1299
24724.9,1088,613
24726.4,446,1161
24730.2,356,144
24732.1,726,1870
24732.7,499,2145
24733.5,246,539
24735.3,27,1112
24735.9,962,2106
24736.8,1426,1647
24737.0,560,1355
24738.1,1753,1704
24738.1,1328,2074
24738.8,1842,1811
24739.2,686,566
24740.1,1383,2089
24740.6,1145,1390
24742.3,1728,1489
24744.3,1299,1179
24744.5,527,1247
24748.5,486,339
24750.6,1753,1361
24750.7,25,161
24750.7,1256,1525
24752.0,950,297
24756.0,537,474
24758.0,1299,283
24758.3,1327,1392
24759.2,2137,835
24760.4,1743,746
24761.9,1162,1242
24762.3,2129,1569
24762.9,2009,590
24763.8,909,1732
24764.5,1806,1198
24765.8,613,26
24766.0,2110,686
24769.2,1179,856
24772.9,285,894
24775.0,708,433
24776.7,779,257
24776.8,586,29
24778.1,379,241
24778.7,33,368
24779.6,1701,1074
24780.5,835,1897
24781.0,676,1931
24781.6,356,1867
24781.9,740,1433
24782.7,1314,1066
24784.4,1487,1088
24785.3,1552,633
24787.8,133,1332
24788.0,369,2092
24790.1,1857,1566
24793.0,987,418
24793.6,744,1800
24797.7,1920,719
24797.8,880,812
24798.5,889,762
24802.5,119,1334
24802.7,635,876
24804.4,701,412
24806.1,1339,308
24807.4,967,589
24807.7,682,1331
24809.1,1001,832
24809.5,1261,1092
24810.2,2003,1896
24811.9,2019,896
24812.1,1610,1187
24812.5,80,1362
24812.9,1039,2040
24814.1,477,739
24816.9,1797,11
24817.1,714,1802
24817.2,227,1356
24817.6,1919,2038
24819.2,877,2008
24820.7,1338,566
24821.8,2125,995
24822.0,115,403
24822.2,1492,1626
24823.8,222,771
24824.1,182,1086
24825.9,2002,1907
24826.8,2072,1795
24827.3,862,1524
24828.7,1463,756
24829.1,1615,249
24831.1,165,827
24831.1,1237,967
24834.3,335,1313
24834.5,272,1420
24836.7,667,860
24839.3,383,93
24841.2,685,1426
24842.6,378,1240
24842.9,1135,2094
24843.2,804,20
24844.2,1925,338
24844.5,2047,380
24845.7,471,594
24846.4,618,621
24846.5,644,483
24849.1,1885,1679
24849.9,571,219
24850.0,365,474
24850.2,1649,428
24850.3,740,171
24850.5,130,1828
24850.7,1404,1792
24854.1,810,876
24854.1,788,1767
24854.7,853,54
24856.1,1865,1234
24858.0,424,612
24859.8,1155,721
24859.9,1165,93
24861.9,1617,575
24865.1,35,1337
24870.2,614,1174
24870.8,70,793
24872.3,1502,1433
24873.9,270,5
24876.0,879,1414
24876.1,2033,69
24878.0,937,1858
24878.2,1128,781
24878.9,1470,1337
24879.8,1586,1257
24881.7,533,868
24884.0,1062,306
24886.8,639,105
24887.0,1973,220
24887.7,1482,663
24888.5,2026,1138
24888.6,251,1814
24890.2,349,1766
24890.9,91,1688
24891.2,518,1152
24892.1,438,1402
24892.6,649,31
24892.9,1169,132
24893.3,510,69
24894.5,1661,2033
24895.6,1849,1509
24896.2,1262,265
24896.8,1425,1523
24897.3,706,1008
24897.6,435,560
24899.9,1028,1891
24900.6,452,180
24901.6,485,2106
24901.8,848,109
24903.9,1689,941
24904.0,1632,1131
24905.8,368,2002
24906.0,2114,174
24907.0,2117,399
24909.1,1500,1834
24909.3,124,443
24913.9,249,1898
24914.0,2082,173
24914.7,416,1009
24914.7,938,1360
24914.8,195,1178
24915.4,1128,2015
24915.9,1640,716
24916.0,805,101
24916.0,1782,744
24916.6,1455,1830
24917.3,1759,1039
24918.1,837,493
24919.2,1367,814
24929.7,820,1648
24929.9,1800,1041
24932.2,1612,1789
24934.4,323,1446
24935.5,985,566
24937.0,1945,77
24937.0,1089,1650
24937.7,410,1272
24941.9,102,277
24943.9,207,1830
24945.0,1914,509
24948.1,152,80
24949.9,1075,966
24950.9,278,1104
24951.9,1290,1021
24953.3,269,1297
24955.3,173,1046
24956.5,2055,155
24958.5,1219,2035
24961.9,1617,2018
24963.2,266,813
24963.9,1798,492
24966.1,1565,1198
24966.2,1564,407
24966.4,1986,1174
24970.2,1986,1965
24971.3,1016,955
24973.5,1320,1789
24973.8,2111,1184
24974.9,466,1827
24977.0,274,1081
24977.2,1764,571
24977.2,1913,208
24978.1,702,432
24978.3,224,648
24979.6,112,1062
24979.7,342,963
24980.3,2101,2066
24983.1,1837,600
24985.9,342,1820
24990.1,2062,1186
24993.4,2081,125
24995.5,289,1634
24998.3,1245,566
24998.5,492,1848
25002.2,1458,2137
25003.2,954,1803
25007.7,1531,1792
25011.1,706,252
25013.2,1062,191
25013.9,1311,1938
25015.3,736,773
25015.9,348,1226
25017.0,374,344
25020.4,2092,2046
25021.8,1107,677
25023.0,1734,2067
25023.2,1606,1954
25024.6,204,1094
25024.6,1452,939
25026.2,1059,362
25028.2,1734,460
25028.7,180,2024
25031.6,1016,725
25032.5,918,1365
25034.1,1450,438
25036.0,1885,1630
25036.2,185,1727
25037.8,1159,1541
25038.4,1018,1084
25041.8,1758,104
25042.2,2095,1279
25042.4,1818,47
25042.6,1384,418
25043.2,654,1456
25044.3,995,1665
25044.7,512,1
25045.6,909,1089
25046.6,2055,933
25047.8,1785,563
25053.1,1618,1964
25053.3,1823,279
25054.0,259,365
25054.4,878,462
25055.5,1016,1465
25056.9,668,837
25058.5,442,952
25058.8,1669,1
25059.3,1018,179
25062.5,1315,2093
25062.6,1361,89
25065.6,1475,1140
25067.4,2029,592
25067.8,398,1756
25068.2,129,791
25069.7,1120,115
25071.7,1705,1646
25074.1,1925,1983
25076.9,267,2112
25077.1,1059,171
25078.1,11,1641
25078.9,595,396
25079.3,1813,1109
25079.9,428,927
25082.2,756,1615
25083.5,1085,1729
25084.7,1019,1621
25086.2,1803,1276
25089.5,1561,1279
25091.0,369,1340
25091.5,1069,1284
25093.6,201,453
25093.8,552,739
25093.8,1956,1479
25094.2,1562,182
25094.7,288,1943
25094.8,253,930
25097.1,1617,848
25097.8,1018,1682
25102.5,515,409
25103.4,1064,1342
25104.0,228,1552
25104.8,201,101
25105.9,1233,556
25106.4,1024,732
25106.4,1541,1536
25107.9,1122,1781
25108.6,1681,204
25109.1,1785,1073
25109.3,1272,1289
25110.0,1491,2007
25111.8,1392,119
25112.9,1263,1306
25117.1,787,2074
25119.1,118,1741
25119.3,1513,1057
25121.3,1561,535
25123.8,754,1715
25124.3,1184,221
25124.4,1368,1421
25124.8,219,37
25126.3,1742,656
25128.7,485,716
25128.9,741,1851
25129.6,1959,1941
25130.1,550,1294
25131.3,1598,113
25131.4,724,1150
25133.0,409,378
25133.6,2061,1028
25134.5,2117,1590
25140.8,25,61
25141.0,2114,1622
25141.8,2025,523
25142.1,324,708
25143.2,1467,1818
25146.5,55,1119
25147.3,1673,1077
25149.7,1740,311
25149.9,454,674
25150.0,1029,937
25151.6,1960,1401
25152.0,1416,1580
25154.5,196,1889
25155.5,691,1509
25160.7,2105,716
25161.1,505,952
25162.0,1037,1482
25164.0,1099,193
25164.1,1758,1042
25164.5,1504,1168
25165.9,1386,596
25168.4,314,456
25168.6,792,631
25172.1,1832,1169
25173.9,2012,347
25174.7,1630,844
25175.0,1202,681
25175.9,125,784
25178.4,1554,695
25180.6,1944,1448
25182.1,248,275
25183.3,1585,1011
25185.5,1044,1347
25187.1,796,135
25187.7,940,1331
25189.3,2060,593
25189.7,939,1355
25192.1,1251,48
25192.1,425,2108
25192.2,1623,1804
25193.0,1173,2106
25196.0,1740,1414
25201.7,1142,1040
25202.0,1472,1071
25202.4,219,861
25204.6,1481,270
25205.4,890,1844
25206.9,438,63
25208.2,1312,986
25209.5,505,602
25210.5,2057,2099
25211.9,1581,1743
25217.4,2107,634
25220.2,249,1253
25226.5,1288,1971
25227.6,544,1963
25227.7,1840,563
25228.1,952,149
25230.2,1561,1034
25230.4,541,834
25232.6,927,1841
25232.9,964,975
25233.9,422,618
25238.6,2047,123
25239.2,643,860
25244.4,2117,2108
25247.7,868,687
25247.8,183,479
25247.9,942,719
25250.6,66,258
25252.1,1580,1889
25252.8,469,185
25255.9,2080,1969
25257.5,498,45
25258.5,1210,775
25259.0,380,1182
25259.1,963,1185
25262.4,999,348
25263.6,194,1976
25264.0,566,798
25264.5,1673,1295
25266.7,400,142
25266.7,69,1872
25269.0,1655,747
25269.0,1142,1349
25272.8,1553,1792
25275.1,1357,80
25278.0,188,1785
25278.7,1597,1728
25279.1,302,53
25282.1,1609,1519
25282.5,354,369
25284.1,920,1155
25284.1,1830,1326
25284.2,1101,1922
25284.3,61,1504
25286.1,797,1760
25286.8,828,1205
25287.8,1547,1659
25288.1,1880,63
25289.0,1775,2130
25291.9,484,1935
25292.8,1987,297
25293.4,1519,1756
25293.6,1857,317
25294.7,1544,95
25296.2,969,518
25296.2,356,543
25296.9,1468,1861
25299.3,2138,765
25299.9,1239,322
25300.9,23,1509
25304.4,298,1888
25304.9,2090,1287
25309.4,482,1886
25310.3,1191,369
25311.7,565,1999
25312.1,757,305
25312.2,592,1148
25312.4,1649,564
25313.1,725,666
25313.3,1955,1369
25314.2,304,1840
25314.2,1082,1500
25314.6,540,431
25316.8,1419,1202
25317.4,185,1306
25318.1,2071,517
25318.1,579,517
25320.5,1503,2035
25322.7,73,203
25322.8,1635,899
25326.1,1401,1679
25326.5,216,1881
25326.7,557,1140
25329.1,1925,727
25330.0,1343,1146
25330.0,364,1988
25330.9,2116,748
25331.1,1072,1853
25331.5,558,1719
25331.6,1528,25
25332.4,241,1439
25336.0,241,374
25336.1,1522,4
25337.3,1899,447
25342.3,352,1290
25342.6,331,178
25344.3,931,1804
25344.4,557,817
25344.4,1893,290
25346.5,1285,60
25346.5,1981,1050
25349.5,354,2065
25350.6,1279,1340
25352.1,929,576
25354.1,2137,1918
25354.8,873,1688
25355.3,1053,1142
25359.3,473,1693
25361.5,360,2108
25364.8,1942,828
25366.9,338,873
25369.8,289,145
25370.2,185,629
25370.7,1651,908
25372.2,281,1918
25375.0,873,1474
25375.7,991,1381
25378.3,620,1723
25379.2,1661,1118
25384.1,1783,159
25385.8,1834,793
25387.0,897,1029
25389.7,2061,799
25390.7,724,1302
25392.8,1567,1220
25393.4,564,194
25393.9,217,1824
25396.1,1133,205
25396.7,1839,1374
25397.2,1491,1626
25397.5,748,39
25398.6,1365,1329
25398.7,2020,1267
25400.4,416,956
25400.5,341,410
25401.3,2078,1588
25401.4,78,582
25401.9,1208,1823
25403.4,221,725
25403.6,97,1663
25405.2,1519,957
25405.7,1097,340
25407.1,2,338
25408.5,746,1792
25411.4,1463,243
25411.4,1710,207
25411.5,454,1381
25411.9,749,1421
25416.1,1063,1802
25417.4,1391,131
25418.1,179,2016
25418.3,1814,783
25420.6,1899,202
25424.0,1499,114
25427.1,269,197
25427.1,1608,1179
25431.0,885,1245
25432.9,49,832
25434.4,485,12
25434.8,516,128
25437.4,1754,186
25438.3,1164,263
25438.4,1228,384
25442.4,1379,713
25446.4,1471,1417
25448.2,997,1531
25449.7,1394,600
25449.7,1588,289
25449.8,1669,1994
25450.8,53,78
25451.5,1755,240
25451.6,1584,1799
25452.4,180,989
25459.4,2051,1093
25460.9,513,892
25462.2,1183,1256
25463.3,1535,921
25463.4,1608,2010
25464.1,643,1368
25464.6,892,658
25465.9,45,298
25466.7,1554,1282
25467.1,1602,752
25467.5,1881,1043
25467.8,250,765
25469.2,612,896
25471.1,1260,1355
25473.6,285,62
25475.3,130,163
25476.5,1727,190
25477.1,23,1695
25478.0,995,57
25478.2,477,362
25478.8,1818,900
25480.8,26,1153
25483.7,1370,1869
25484.2,1847,1324
25486.6,762,359
25486.9,1734,1276
25487.1,190,945
25491.0,984,1716
25492.4,733,34
25495.1,579,1874
25495.7,2132,764
25495.8,1892,1897
25498.6,516,4
25501.5,469,372
25503.6,663,924
25505.2,25,741
25505.4,689,405
25506.7,700,276
25507.3,509,2139
25508.4,2002,17
25509.8,386,1776
25510.0,459,2060
25510.7,1521,1361
25511.7,334,1281
25512.7,1899,1926
25513.0,385,1563
25514.0,182,206
25515.8,1391,968
25516.6,884,275
25517.6,1537,633
25518.5,1964,706
25520.5,1130,1358
25524.6,1273,218
25526.0,2104,565
25526.2,1952,665
25526.2,727,875
25527.4,522,936
25527.6,636,242
25528.0,1136,1141
25528.8,1141,865
25530.5,449,270
25531.1,1474,803
25532.7,518,53
25532.8,851,207
25533.2,611,897
25535.7,534,1797
25536.5,520,422
25536.9,794,169
25539.8,535,2061
25539.9,1374,192
25540.5,1621,807
25540.5,235,1410
25542.1,945,1802
25542.9,1457,1629
25545.8,393,918
25546.0,290,93
25547.3,367,1702
25548.8,303,1923
25549.2,167,651
25550.3,893,488
25554.0,119,1079
25554.3,1130,273
25555.5,1605,664
25555.8,332,831
25559.3,1719,1994
25559.3,228,1502
25559.9,1509,1710
25562.3,1610,1886
25566.2,166,1569
25566.5,1613,626
25566.6,2097,1612
25567.2,247,1241
25568.3,1043,1230
25569.6,1806,1767
25570.2,804,1254
25571.4,772,920
25572.5,1408,34
25572.9,1543,685
25573.7,530,691
25574.3,1777,481
25574.4,601,1047
25574.7,1683,562
25577.9,1407,1313
25578.3,619,415
25579.7,2102,160
25580.7,2019,401
25582.4,1669,604
25583.7,1274,346
25585.0,1557,1079
25585.3,1387,980
25588.1,1153,1887
25592.7,764,1497
25594.1,1493,966
25594.4,1067,828
25598.1,142,986
25598.2,1498,2045
25598.9,1531,1093
25599.5,1912,1599
25602.6,1100,2045
25603.1,1857,1644
25604.2,1098,1374
25607.9,1476,982
25608.6,1934,1109
25609.3,2059,1565
25613.4,260,1764
25613.7,1148,518
25613.8,1405,1169
25614.4,32,1360
25617.7,1254,2080
25617.8,1399,759
25619.6,584,1323
25621.5,1520,1561
25622.2,1829,744
25622.3,981,55
25623.1,1131,559
25623.4,486,1088
25623.7,501,1171
25623.7,1084,800
25624.1,644,1701
25626.2,1232,1297
25629.0,874,228
25629.7,1690,901
25631.1,1875,925
25631.2,74,122
25632.2,499,2030
25635.7,1459,684
25635.9,492,325
25636.5,1829,378
25639.6,1150,1303
25639.8,1485,1144
25641.5,721,1773
25644.3,2070,1886
25644.7,2040,199
25644.8,794,670
25647.4,103,1683
25649.4,604,911
25652.4,1895,1855
25652.5,1761,1639
25654.0,1665,771
25654.3,13,456
25654.7,253,191
25657.9,1462,624
25660.1,257,100
25663.4,1505,1333
25664.7,186,148
25664.7,622,1981
25667.2,729,524
25667.2,763,1309
25668.0,798,491
25668.7,1233,928
25673.0,505,891
25674.9,355,2024
25681.2,143,812
25681.4,1548,1416
25681.9,631,2122
25683.8,720,109
25684.9,763,1985
25686.9,1408,523
25688.5,1442,873
25691.5,607,692
25691.7,1813,929
25693.2,778,2138
25694.4,713,5
25694.8,1940,909
25696.7,923,529
25697.1,1748,356
25698.0,142,1923
25698.6,200,1880
25698.6,767,1593
25699.8,494,2071
25701.9,818,1561
25701.9,57,2012
25702.1,1623,408
25702.7,910,749
25704.2,2019,1780
25707.4,1073,1057
25709.3,1959,820
25709.8,1075,536
25710.0,887,625
25710.2,661,2082
25710.2,434,1196
25710.6,630,1417
25711.7,631,754
25711.9,1448,1658
25712.0,749,1382
25712.3,201,1595
25712.6,1961,1002
25712.7,469,227
25713.1,2014,1129
25713.2,967,25
25714.1,1291,938
25716.5,1248,499
25717.9,1326,608
25717.9,293,900
25719.8,714,1643
25721.1,2083,1174
25722.5,938,1939
25723.9,1581,259
25724.3,1133,1950
25724.4,1304,1029
25725.4,713,275
25726.0,1753,1096
25726.1,1401,1351
25726.8,69,374
25727.9,1539,866
25729.0,1846,2034
25729.6,757,246
25730.4,2,561
25730.4,691,1780
25735.1,61,291
25736.4,2032,393
25736.6,367,613
25737.0,826,997
25738.8,1761,1652
25739.6,1859,1662
25739.6,2143,1943
25739.9,675,1746
25740.8,1981,947
25740.9,759,540
25741.6,1594,115
25742.4,1389,1946
25743.7,1721,1443
25744.0,851,1264
25744.3,375,1565
25744.8,771,126
25748.7,1371,744
25749.0,592,187
25749.2,283,1441
25751.6,1429,1991
25753.6,1115,1158
25754.7,1868,1163
25755.5,204,4
25755.7,1901,1620
25756.2,1782,2033
25756.8,1834,1843
25760.0,364,1719
25762.2,1579,1423
25762.9,138,1052
25765.3,135,94
25766.0,1445,1289
25767.5,1926,815
25767.6,1581,1115
25768.6,763,1902
25769.3,450,1466
25769.5,1557,912
25770.0,202,1519
25771.2,32,734
25771.7,451,661
25772.7,1895,1693
25774.1,1747,1227
25774.4,320,1286
25775.6,1373,1611
25776.2,1153,1695
25777.5,1015,1222
25782.0,1072,1196
25783.8,1259,1054
25785.7,1250,496
25786.3,1001,993
25788.6,1058,1129
25789.7,1167,927
25790.8,1104,1679
25791.2,701,598
25791.5,1344,2050
25792.2,1953,895
25797.8,2139,1104
25797.9,645,424
25802.2,1824,528
25802.3,709,471
25804.8,177,1961
25805.3,2124,1424
25805.5,1690,1517
25806.1,540,514
25806.1,41,175
25806.6,1772,1246
25807.2,262,607
25808.8,915,223
25811.0,579,1457
25811.1,470,835
25812.8,1890,1365
25815.2,1459,1604
25815.5,1381,1930
25819.7,1762,323
25822.9,894,281
25823.3,1476,1222
25823.6,1340,1624
25824.2,346,296
25824.5,1519,196
25827.2,1214,751
25827.5,1668,645
25830.9,555,137
25833.3,798,1269
25834.1,750,1085
25834.8,441,76
25835.2,1846,1702
25836.1,1623,114
25836.2,1285,576
25837.2,1149,1562
25839.0,205,626
25841.7,367,1995
25842.4,1171,263
25843.2,771,153
25843.7,1304,239
25843.9,1501,192
25844.1,1148,1729
25844.7,742,1836
25846.5,653,814
25846.8,2131,627
25848.0,957,38
25848.2,550,1352
25848.8,441,882
25849.1,40,940
25849.2,808,1038
25849.8,1806,277
25851.5,503,1752
25853.4,1495,43
25854.1,1748,581
25856.0,1422,1291
25856.4,232,710
25856.8,1516,862
25856.9,708,945
25858.5,1058,1997
25858.8,118,887
25859.2,539,191
25859.3,1212,1877
25859.4,67,372
25860.2,667,669
25861.6,542,1198
25861.6,1529,239
25862.4,1694,1060
25863.7,1894,416
25866.0,1950,2028
25866.5,1066,1695
25866.6,749,1080
25866.7,1473,931
25867.6,1805,631
25869.6,1921,607
25870.1,262,736
25870.3,164,1405
25870.9,1154,1043
25874.0,603,1013
25874.9,768,1848
25876.0,312,763
25876.1,346,352
25881.0,488,1875
25885.2,171,965
25886.7,1703,204
25888.1,302,1861
25890.6,1985,1193
25892.1,923,618
25892.6,1031,1453
25892.9,1303,448
25893.7,707,718
25893.9,2016,1588
25895.6,1023,902
25896.7,744,669
25896.7,1184,612
25896.9,1538,721
25897.5,1312,1067
25898.6,1566,787
25901.6,6,800
25901.9,1187,1205
25902.4,75,1248
25903.3,2124,2044
25904.1,1354,48
25904.5,85,680
25904.6,1532,1546
25906.4,1430,292
25907.6,1282,776
25909.5,1835,2035
25909.9,744,1627
25910.6,856,655
25914.3,1296,1696
25914.7,757,1852
25917.9,1942,1306
25919.9,655,1469
25920.9,71,1713
25921.0,1635,1430
25922.0,580,548
25922.0,1510,645
25922.3,1170,479
25922.3,1681,894
25922.4,1301,1293
25924.2,1647,952
25924.9,1897,631
25926.2,705,1215
25927.6,736,175
25928.3,311,1373
25929.7,2106,110
25931.0,1391,397
25931.3,438,913
25932.6,165,178
25933.0,919,643
25933.1,342,724
25935.5,386,708
25937.4,1524,1212
25938.3,461,1525
25939.3,1783,1708
25940.2,1644,1220
25943.1,425,449
25944.0,1073,239
25944.6,1251,547
25946.9,3,174
25948.9,727,2058
25952.0,2039,1811
25953.3,1967,1001
25955.6,2133,1340
25957.4,1588,1645
25957.9,1635,1273
25959.7,486,1783
25961.4,891,1213
25962.7,457,577
25964.3,1786,593
25964.5,791,749
25964.6,261,186
25965.0,1036,888
25967.0,461,1152
25968.7,2093,458
25968.8,1828,628
25971.0,1664,1137
25972.1,395,658
25973.0,815,454
25974.6,81,233
25974.9,1769,1729
25975.6,688,8
25975.7,1424,805
25977.4,1378,792
25978.4,772,394
25978.4,190,1337
25980.5,1106,1000
25983.3,962,7
25986.7,662,1711
25989.0,700,255
25989.1,1630,1770
25989.3,1873,1786
25992.7,930,726
25995.1,847,2054
25996.3,1578,834
25996.6,1981,1669
25999.5,341,2071
26000.0,467,1648
26000.2,1863,429
26000.6,1248,445
26000.6,304,777
26000.8,2071,642
26001.1,924,624
26001.2,2081,916
26001.8,765,1888
26003.5,259,1953
26004.0,81,1663
26007.8,1975,2019
26008.4,177,1730
26010.2,1516,684
26010.2,2140,411
26012.6,1091,1013
26014.5,521,1913
26015.7,1678,478
26016.4,2060,453
26017.0,1716,1011
26018.0,1224,1433
26019.3,729,68
26025.2,617,1600
26025.8,1635,1574
26027.6,1449,385
26027.8,1835,836
26028.3,2077,665
26028.8,915,1117
26030.2,36,1820
26031.9,559,92
26032.7,1946,584
26034.5,1687,1732
26035.6,1247,257
26037.4,1623,1984
26037.4,15,1873
26037.9,2039,1044
26038.9,1164,1661
26039.3,2085,792
26041.4,2064,1238
26041.5,1892,993
26042.0,1877,2125
26045.6,1406,844
26046.2,437,1559
26046.7,114,1086
26047.1,40,682
26048.5,2108,1615
26051.1,1338,700
26051.3,128,671
26051.9,1878,160
26052.5,1187,250
26052.6,733,1108
26053.5,1034,1468
26054.5,907,2
26055.5,778,168
26056.0,1249,970
26057.2,1940,1072
26059.5,434,1423
26060.1,968,59
26060.3,1831,1517
26063.4,193,2
26063.7,1412,1598
26065.5,1651,417
26066.7,1457,832
26066.7,1464,1586
26067.1,1069,784
26069.3,1205,1769
26070.1,212,2058
26071.9,79,484
26072.8,663,1697
26075.5,143,127
26075.6,835,1751
26076.2,503,194
26076.6,1210,1241
26080.3,1032,538
26081.5,177,1611
26082.3,1404,1728
26083.4,1641,1532
26083.6,158,1547
26083.8,516,478
26084.3,1409,1786
26086.9,560,1291
26090.3,730,754
26093.8,740,511
26095.0,1358,966
26095.3,1207,1800
26097.3,1059,2043
26097.7,1592,1243
26098.7,1333,1525
26099.8,1790,1336
26100.1,949,922
26100.6,2003,335
26104.9,1177,1364
26106.6,893,416
26106.8,230,13
26108.5,1615,523
26109.9,374,278
26113.2,1934,970
26116.4,586,1897
26117.3,1743,1108
26118.3,1009,1419
26119.3,1315,1330
26119.5,1250,697
26121.0,1418,573
26122.5,1280,415
26123.2,2057,1342
26124.0,344,1837
26124.1,1376,213
26125.1,193,1487
26125.5,379,1058
26126.3,1258,1102
26127.1,1499,879
26127.7,578,1218
26128.4,1211,459
26130.6,1889,487
26131.2,1229,1881
26131.5,1185,832
26131.5,947,2000
26132.4,124,910
26132.7,891,1725
26132.8,281,823
26133.2,2134,746
26133.9,153,2101
26134.7,717,279
26135.2,713,1965
26136.2,804,39
26136.6,1780,753
26137.1,256,1283
26137.4,1823,1252
26138.0,871,1341
26139.7,1976,2096
26139.7,2096,439
26140.3,1959,770
26140.7,1562,2033
26140.8,1962,1813
26142.5,665,1628
26143.7,267,1271
26144.0,1622,559
26145.1,1052,1540
26146.3,1761,1073
26150.8,1398,215
26152.0,118,151
26152.2,1393,1964
26152.5,69,958
26154.7,1394,670
26154.9,348,1677
26156.2,1189,1177
26156.5,1207,1596
26156.9,2107,2116
26157.3,1875,1518
26158.1,1519,2008
26158.6,1427,2129
26158.7,2123,455
26161.1,210,733
26161.3,1806,1895
26162.9,303,563
26163.4,768,1850
26166.2,1892,58
26169.5,1225,1075
26172.8,405,1089
26174.8,844,1742
26175.7,654,2142
26182.3,2143,429
26182.4,891,121
26182.7,2059,1399
26184.5,467,335
26185.6,2013,326
26186.0,1378,46
26188.7,92,683
26191.0,1823,1916
26192.1,1517,1292
26192.3,1741,1732
26193.4,905,1530
26193.5,1282,2066
26194.5,84,1903
26198.6,48,1304
26198.8,1616,81
26200.6,497,499
26201.6,326,42
26202.0,514,1942
26202.5,1290,1431
26202.6,1747,173
26203.7,1343,413
26206.1,503,174
26206.6,249,555
26207.0,1888,846
26207.7,1405,2032
26207.9,1646,572
26211.1,323,888
26212.5,2087,1642
26213.6,856,1446
26213.9,247,29
26215.2,1317,1762
26215.3,1195,1844
26216.7,352,1369
26219.2,1538,980
26220.3,761,1462
26220.8,473,414
26221.4,1008,1609
26225.4,174,548
26227.7,982,1931
26228.5,1871,115
26230.9,1727,1549
26231.6,1405,1021
26232.0,2134,336
26232.6,1044,1050
26232.7,1688,313
26232.8,429,1891
26236.8,1324,838
26237.3,1227,1677
26239.5,175,1529
26243.7,153,773
26245.1,5,554
26245.9,876,33
26246.3,1993,1719
26246.6,550,2085
26249.2,1078,1061
26250.6,1856,475
26251.6,941,1298
26253.6,88,1686
26254.6,183,1713
26255.5,1065,14
26256.6,709,2071
26257.5,1139,2085
26258.3,1104,1310
26260.1,1436,458
26262.5,971,1346
26263.5,1858,556
26265.8,504,1857
26266.2,805,87
26267.5,1740,490
26269.5,1571,1109
26271.4,143,831
26271.8,853,2063
26273.6,266,2077
26274.5,1924,1815
26275.8,1471,2097
26276.1,958,878
26276.8,1945,1841
26276.8,1028,386
26277.1,34,51
26278.4,461,1429
26278.6,1716,94
26278.9,523,1621
26279.1,1083,683
26283.5,1073,277
26284.8,697,952
26287.7,142,1458
26288.4,548,29
26288.8,1144,271
26288.8,2026,1114
26289.0,881,653
26289.4,983,308
26289.4,1977,1267
26289.6,591,590
26291.3,1907,115
26292.4,1944,618
26294.2,1047,1666
26294.4,726,1528
26294.5,2031,1222
26296.5,759,1186
26296.5,876,706
26297.2,441,211
26297.3,1251,1567
26298.2,406,1562
26298.5,1945,49
26298.7,1635,1837
26300.2,695,229
26303.7,620,143
26303.7,1373,968
26304.3,1696,555
26304.4,1476,805
26305.1,127,40
26305.6,1948,1282
26305.6,392,2027
26306.0,1366,50
26306.0,1889,885
26307.2,366,776
26309.0,141,1849
26309.2,383,447
26309.5,1559,168
26311.2,1935,309
26312.6,2030,583
26312.8,102,1039
26313.3,1144,1669
26315.3,2031,454
26316.3,280,1941
26318.6,1862,1051
26319.1,1667,220
26324.2,592,923
26326.0,1200,539
26326.3,590,380
26327.6,63,590
26328.1,879,1105
26329.9,581,69
26331.0,1249,1827
26333.0,1943,738
26333.6,92,852
26335.0,1723,1446
26335.5,920,534
26336.3,323,1907
26337.5,1229,98
26341.9,548,1107
26345.6,1470,1436
26345.8,151,538
26345.9,452,1309
26349.8,372,699
26351.9,1657,1169
26353.5,1694,1045
26354.4,1752,2104
26355.8,519,876
26356.6,240,39
26357.4,1102,1277
26358.2,96,2093
26359.9,1795,362
26364.7,448,133
26365.5,535,351
26366.3,178,206
26366.9,825,1609
26368.1,523,808
26370.0,943,1141
26371.0,2088,1790
26371.4,160,2065
26371.6,917,1680
26372.1,1768,767
26372.3,39,688
26372.4,681,816
26374.1,2013,607
26376.6,1471,1346
26376.6,852,892
26376.6,84,74
26377.6,1543,1018
26379.6,1651,1857
26380.0,455,19
26380.0,2134,368
26380.1,487,1663
26382.2,94,378
26382.8,623,962
26383.0,2025,825
26386.4,1883,183
26387.0,1379,1229
26388.0,336,1741
26388.8,1056,1591
26389.2,207,94
26392.4,2109,1135
26393.8,1020,1779
26394.0,396,1000
26397.8,337,393
26398.8,348,1303
26398.9,1512,1061
26399.4,579,1265
26399.6,74,774
26400.9,49,280
26401.4,1326,979
26401.9,1683,122
26402.6,1536,1025
26403.0,1119,1656
26403.7,607,219
26403.9,565,1093
26406.5,65,570
26408.1,375,2076
26408.3,564,911
26409.2,1183,4
26409.4,1601,576
26409.5,1419,2051
26412.2,2035,1073
26413.7,556,1915
26414.0,1468,789
26414.7,654,910
26415.2,1861,71
26415.2,357,653
26416.4,571,1359
26416.6,475,1714
26420.1,723,1340
26420.6,73,1174
26422.0,1628,468
26424.7,249,1903
26425.9,897,226
26426.2,1672,96
26426.3,523,992
26427.3,1877,354
26427.3,719,821
26432.5,520,1749
26432.6,366,512
26432.6,1083,1532
26432.6,1758,1782
26434.4,919,1059
26434.8,188,1251
26436.2,591,1801
26436.9,896,1228
26437.5,103,438
26438.7,1363,969
26438.7,2044,839
26442.9,1266,2014
26445.2,1062,962
26445.8,1727,340
26446.6,1678,692
26446.9,1301,415
26448.6,516,1879
26450.0,750,1614
26450.8,15,2086
26451.4,1713,1586
26454.8,1639,625
26457.3,1130,313
26461.2,1810,1674
26463.6,1810,2091
26466.1,1104,1201
26466.9,329,653
26468.0,850,1481
26468.0,1690,445
26470.1,1242,2050
26471.1,1234,596
26471.3,1282,1113
26473.4,1259,219
26473.8,1717,1549
26474.8,452,617
26475.0,1772,1035
26476.1,1459,670
26476.7,704,70
26481.1,1132,1159
26482.4,360,506
26482.5,2019,801
26483.5,328,601
26484.3,10,1757
26484.6,923,1381
26486.1,1177,2049
26488.7,2059,732
26490.3,2116,1135
26491.4,1719,95
26497.7,1659,1063
26500.2,74,1422
26502.6,412,179
26502.8,659,1519
26503.3,1142,336
26505.3,763,1012
26507.8,485,1644
26507.9,1736,17
26510.1,981,2034
26510.3,2069,1577
26510.4,239,829
26510.6,825,430
26511.7,202,328
26511.8,1130,132
26515.4,859,1219
26518.5,1944,478
26518.9,2033,405
26520.0,1911,1699
26520.0,429,1589
26522.8,637,1453
26524.2,208,2078
26524.6,1166,1911
26526.8,1346,1493
26530.0,493,315
26530.3,1792,1395
26530.6,678,488
26530.6,681,1817
26531.5,14,1931
26531.7,1916,230
26533.3,1916,458
26537.0,433,1747
26537.0,2097,454
26538.9,1925,633
26539.1,830,1573
26539.4,2008,494
26540.4,1987,1387
26542.7,165,1832
26545.4,434,28
26545.6,1174,61
26547.0,1500,1441
26547.8,2050,128
26547.8,1052,1200
26548.1,552,873
26550.7,762,664
26555.2,497,1600
26556.3,1574,1566
26557.3,1867,1063
26557.9,1933,81
26558.5,1812,1460
26558.6,484,1007
26559.7,1493,581
26559.8,224,472
26562.1,1221,594
26562.8,18,1967
26566.1,891,809
26566.6,2140,1056
26569.4,641,1155
26571.8,460,909
26572.9,1181,1199
26573.8,902,96
26573.8,438,1741
26575.0,305,63
26575.4,936,191
26575.6,1508,291
26576.2,1493,1589
26577.8,1655,1003
26578.1,1351,953
26578.5,371,382
26578.6,69,485
26581.2,1131,2042
26581.9,636,2009
26582.8,1738,500
26583.3,1010,1380
26583.8,455,560
26584.8,312,1839
26587.8,1349,403
26588.0,1524,2038
26588.8,1398,1483
26589.2,1541,186
26591.0,1891,658
26591.4,1570,77
26591.6,1198,1782
26593.4,1514,1147
26594.1,1894,1919
26594.2,1466,264
26595.0,111,1886
26595.3,2048,1899
26595.4,1573,1079
26597.2,1968,941
26598.0,250,886
26598.2,1302,1257
26603.0,65,760
26605.8,1214,298
26608.1,2061,1328
26609.6,741,1570
26609.7,707,1361
26610.1,1615,1649
26615.1,1846,761
26616.1,1229,187
26616.9,1755,1026
26617.0,1824,1545
26618.5,589,1958
26622.2,845,1385
26622.4,1642,1949
26623.1,566,1466
26624.3,892,1766
26625.9,1946,213
26626.6,123,1078
26627.5,2143,1611
26628.6,957,722
26628.7,1370,1517
26630.6,1063,24
26631.1,104,593
26631.9,1712,343
26635.9,1340,1840
26636.6,1054,36
26637.1,1317,1685
26637.8,1940,2048
26639.0,1897,2047
26640.5,1410,1043
26640.7,315,113
26641.1,1063,602
26643.4,1953,860
26645.9,533,1865
26647.6,738,244
26649.1,718,603
26649.9,435,307
26652.2,1519,2007
26652.9,494,2014
26653.1,673,234
26655.0,645,1523
26655.1,1098,1655
26656.2,953,132
26656.8,424,1740
26660.7,32,849
26661.8,733,766
26661.9,738,1692
26668.5,56,391
26675.8,1090,755
26677.2,1100,2029
26679.4,248,1729
26680.4,292,1845
26681.2,79,884
26683.3,329,1638
26686.5,1825,161
26689.3,44,134
26689.7,812,854
26690.0,1879,751
26690.3,1145,1543
26691.4,463,1804
26691.6,1141,1816
26692.4,989,21
26693.3,133,1628
26695.1,1331,1065
26695.2,1432,1331
26695.3,896,921
26695.5,647,2020
26695.8,356,655
26698.6,482,1587
26698.9,195,1222
26703.6,1758,243
26703.7,1763,1719
26704.5,1356,703
26705.3,680,1244
26705.8,841,2003
26706.2,1530,95
26707.0,2,2071
26709.4,1781,1234
26711.6,1714,2028
26717.9,1690,88
26718.2,41,423
26719.2,703,190
26719.5,318,1521
26721.3,1225,975
26722.6,1144,1061
26723.6,141,922
26723.8,642,1427
26727.8,1012,844
26728.0,687,1002
26728.6,166,630
26730.6,1357,1409
26733.1,243,464
26734.3,926,1382
26734.7,136,925
26737.1,2065,1166
26738.6,852,793
26740.4,1005,789
26743.0,1206,1008
26743.7,668,1747
26743.8,109,1420
26744.9,944,501
26745.1,1103,1106
26745.2,235,1819
26747.1,1608,1282
26750.1,548,231
26750.2,994,2033
26750.9,308,1970
26751.7,1522,1138
26751.9,60,1572
26752.1,1098,380
26753.2,1835,1400
26754.4,400,542
26754.7,1828,311
26756.2,409,1972
26756.8,1641,524
26760.4,1122,1939
26760.9,2083,1632
26761.3,421,581
26762.8,1743,493
26763.5,936,108
26763.5,648,1100
26764.0,562,1107
26764.1,680,433
26764.2,943,1359
26764.7,1301,385
26765.1,571,411
26766.2,430,1226
26766.6,202,2119
26769.0,1987,1888
26770.3,1068,1909
26771.4,519,1533
26772.9,1029,537
26773.1,382,2055
26774.1,1041,1316
26775.6,448,738
26777.3,30,1239
26779.2,1978,2017
26779.2,2018,1565
26781.5,812,855
26784.1,696,1761
26784.7,1466,234
26784.9,1913,1187
26789.0,1126,234
26791.7,1366,2062
26793.6,1471,786
26795.8,703,1313
26797.4,1957,552
26798.0,704,73
26799.7,1090,1629
26800.5,689,1484
26801.0,887,1306
26802.7,328,1604
26802.9,651,707
26803.2,1435,35
26804.9,751,1444
26806.6,1661,688
26808.4,1228,1831
26808.6,1684,772
26809.7,1031,738
26811.0,371,694
26813.0,1006,1120
26813.1,716,46
26815.1,1710,1615
26815.3,1816,162
26815.5,1632,1
26815.9,1403,215
26820.0,1479,1762
26820.3,273,1954
26822.6,161,76
26824.2,306,204
26825.9,345,899
26826.2,822,727
26826.4,1220,1899
26826.5,910,1565
26828.9,191,1719
26833.2,588,1889
26834.0,152,1312
26834.6,1639,454
26837.9,1712,224
26838.7,1785,531
26839.3,894,1449
26839.3,1333,934
26840.1,818,1111
26840.8,1821,1743
26842.2,913,455
26842.5,811,1680
26842.6,1060,1159
26844.2,1782,1227
26844.4,819,406
26845.0,1130,1178
26845.1,805,1883
26845.4,1924,1590
26846.3,1952,1721
26849.2,129,1728
26851.6,853,1028
26852.8,737,184
26854.9,1755,284
26855.8,1393,409
26856.7,1807,80
26864.5,2025,773
26864.7,748,168
26867.4,1175,897
26868.2,1092,1094
26868.3,2032,689
26868.6,1414,1754
26870.5,804,2052
26872.7,1046,1837
26873.7,44,677
26874.3,1201,1514
26876.0,1550,560
26876.7,169,1150
26878.2,708,810
26879.1,1090,258
26880.4,13,1388
26880.7,1381,1281
26881.6,1097,714
26881.7,1140,960
26882.2,65,133
26883.3,902,1953
26884.2,1072,1750
26884.3,2001,1681
26886.0,1202,909
26886.8,2140,1072
26887.2,1872,209
26887.8,1536,337
26888.8,1848,1439
26891.4,1050,1696
26893.8,538,1588
26895.6,1655,275
26896.2,1216,356
26897.1,2119,137
26900.6,610,1854
26901.4,683,450
26901.4,2117,1261
26901.9,1861,1577
26902.0,967,1488
26902.6,1754,136
26903.2,149,933
26904.7,1819,1093
26907.8,2085,1006
26908.1,1623,1978
26909.4,864,91
26911.6,1929,492
26912.6,555,749
26914.2,1722,1680
26917.0,1947,1151
26918.9,66,2096
26919.6,2076,1764
26920.1,2057,1349
26921.6,191,1586
26922.4,840,1698
26922.6,692,2109
26924.1,2063,1972
26929.6,98,1289
26931.7,1321,89
26934.0,1239,565
26934.2,483,1865
26934.3,1730,318
26935.3,1644,1813
26935.3,1600,843
26935.6,250,285
26936.2,667,60
26937.0,726,2084
26939.3,328,654
26940.2,630,1714
26941.7,835,955
26942.5,1874,24
26943.4,1261,1074
26943.7,1195,646
26943.7,960,356
26945.1,972,1338
26945.6,78,462
26946.0,1714,1841
26946.0,1558,735
26946.1,1392,1798
26946.4,1506,1058
26953.4,665,1112
26953.8,2099,1138
26955.1,1004,222
26956.6,308,1908
26958.2,457,1696
26959.0,22,1582
26960.3,1110,908
26961.7,1407,212
26961.9,1034,581
26964.8,2093,381
26965.3,818,1838
26967.2,468,1949
26967.2,639,1688
26968.5,174,1827
26971.2,833,127
26972.1,128,2120
26973.4,268,1860
26973.6,615,678
26974.7,1698,712
26976.1,1212,1225
26978.4,1336,123
26979.8,78,1874
26980.0,2079,1388
26983.8,753,1912
26985.0,363,308
26985.7,8,1732
26989.2,460,1576
26991.7,702,1934
26992.3,542,63
26993.3,546,68
26993.7,491,1868
26993.8,717,1725
26994.0,1083,1149
26994.4,1335,1562
26995.7,753,1036
26996.2,2137,1984
26999.1,332,731
26999.1,1209,584
26999.6,1531,880
27000.2,76,368
27003.7,639,912
27004.5,1018,36
27004.8,1090,1848
27005.4,240,1023
27006.6,1838,3
27006.8,1202,992
27007.4,544,1262
27007.4,1453,910
27008.9,1740,1047
27009.8,324,1800
27011.8,1140,66
27016.2,1638,1114
27018.6,2089,601
27018.7,1850,2041
27019.1,1513,1132
27022.6,1638,1683
27022.8,809,520
27023.1,157,1561
27023.8,1898,1670
27024.2,301,529
27024.8,1271,1984
27029.1,713,552
27030.9,1050,761
27032.0,1584,755
27032.3,1682,527
27032.3,1707,1630
27032.4,1858,1671
27032.6,1412,1544
27033.8,632,1015
27034.1,1955,1637
27035.1,1900,2029
27035.9,767,1524
27039.0,1776,50
27039.5,1011,1043
27040.4,200,2143
27044.1,1030,1011
27044.2,819,776
27048.9,346,633
27054.9,1648,40
27054.9,272,1186
27055.4,1910,1633
27055.6,275,1249
27057.3,929,138
27059.8,289,891
27060.3,68,836
27061.2,2030,1316
27061.4,1925,542
27061.5,1780,1340
27063.7,1571,1217
27063.9,554,1215
27067.0,1349,619
27067.0,748,956
27067.5,950,126
27068.6,1984,1747
27069.3,419,1069
27070.3,1641,512
27073.5,139,1515
27074.1,539,17
27074.2,1492,1007
27075.5,11,1837
27076.7,1675,411
27080.1,1763,1364
27085.0,626,1189
27087.3,27,1268
27087.7,1258,2010
27088.1,669,1302
27088.4,297,795
27089.2,1293,1657
27089.4,212,2032
27090.2,804,694
27090.3,1432,254
27090.6,352,734
27094.9,600,1366
27097.1,290,812
27098.1,792,860
27098.8,777,1221
27100.5,1203,1271
27100.9,1837,1173
27101.9,0,1109
27102.8,105,1818
27104.5,1703,527
27106.4,1291,269
27109.6,21,1926
27110.3,312,292
27112.2,139,1463
27112.3,978,681
27114.9,1421,321
27115.3,1570,788
27119.7,151,300
27120.8,1450,2084
27120.8,1418,323
27122.4,390,1314
27125.3,1850,1067
27125.7,1607,1498
27126.0,479,1631
27126.1,2014,1936
27126.1,1167,46
27127.2,51,1275
27127.7,1276,480
27128.7,75,1018
27129.8,612,729
27129.9,98,856
27131.1,1612,656
27132.9,163,977
27133.8,1635,1141
27135.0,86,1821
27136.0,50,620
27136.6,644,1384
27136.8,1565,1157
27138.2,846,834
27139.9,1403,1710
27140.0,227,777
27141.2,1918,1228
27141.6,84,2060
27144.6,218,1769
27145.4,2070,1978
27151.6,174,688
27151.6,481,379
27152.6,1155,910
27152.7,817,594
27154.8,1550,410
27154.9,1129,1386
27156.0,1404,667
27158.0,987,763
27159.4,456,1651
27159.4,1862,650
27159.6,1284,925
27160.8,1926,28
27161.6,1116,1488
27163.1,1213,1967
27164.8,232,563
27167.9,805,327
27168.7,260,1184
27169.3,300,1388
27170.9,1115,1725
27173.6,1990,1587
27181.3,541,1668
27181.5,1338,1539
27184.8,1488,950
27189.5,564,1574
27189.6,1233,67
27189.7,1991,1836
27189.8,1590,2117
27190.4,1354,212
27191.0,170,1622
27191.7,1777,34
27192.3,529,359
27193.6,1756,1089
27195.9,494,44
27198.3,179,484
27203.9,240,971
27205.2,586,1494
27205.4,1074,1388
27205.6,819,1884
27207.4,1914,1501
27207.7,459,764
27212.1,170,202
27213.4,1762,176
27213.5,1898,1428
27216.7,2019,1209
27218.0,1055,1119
27223.1,561,179
27223.6,1153,1168
27226.8,922,2104
27226.9,66,494
27228.5,1594,1424
27229.8,865,1160
27232.5,1159,1352
27233.2,1663,642
27235.7,1519,611
27235.9,2027,214
27236.4,1668,1556
27236.4,1672,420
27238.5,571,1268
27239.5,124,1833
27239.5,1838,631
27241.3,1663,65
27241.4,1447,257
27242.0,1495,111
27242.1,815,17
27242.2,943,369
27242.9,384,1294
27243.6,1420,1802
27244.6,1529,528
27244.9,1237,307
27245.2,1336,1259
27245.9,1086,231
27247.5,1082,1496
27247.8,1310,1915
27248.9,1307,1885
27249.1,327,1629
27249.8,1230,1657
27250.9,1759,1352
27251.5,504,962
27251.8,1320,2027
27252.1,1884,1621
27253.1,28,1532
27254.6,201,760
27259.0,1958,1941
27261.1,363,1086
27261.4,24,410
27262.5,671,104
27263.6,1771,2002
27264.0,776,588
27265.5,1962,871
27267.4,545,861
27268.5,1658,1184
27268.8,762,546
27269.3,671,1617
27272.8,1884,1540
27274.0,765,1057
27274.2,1939,969
27275.4,653,916
27277.0,1385,576
27277.1,976,746
27277.1,384,1029
27278.6,0,267
27279.3,773,933
27281.1,717,2114
27281.5,566,870
27285.6,2026,289
27286.8,611,37
27288.8,1979,1357
27291.0,344,1344
27293.3,1401,519
27296.2,235,1812
27296.7,284,826
27297.7,905,509
27297.7,1611,1164
27303.0,874,633
27303.2,1771,616
27306.3,2018,1840
27307.1,894,834
27310.6,1696,2073
27312.2,138,1631
27312.8,1223,1958
27312.8,1814,14
27313.1,1480,214
27313.5,141,1372
27314.7,694,2062
27316.7,554,1178
27316.8,153,1937
27318.8,1218,219
27318.9,2031,1106
27319.0,1779,1938
27320.9,1502,2073
27321.1,1857,1721
27321.3,9,1760
27323.5,56,163
27323.9,1658,781
27325.9,1461,1652
27328.6,1074,1686
27330.3,1158,1834
27330.7,1989,855
27330.8,891,1984
27332.6,1137,316
27332.9,2072,1750
27333.0,1290,1284
27333.0,1155,850
27333.2,1707,1787
27333.6,522,539
27335.4,1053,1560
27335.5,413,642
27337.1,305,427
27337.6,1180,1390
27337.9,66,16
27339.4,747,1844
27340.2,669,563
27343.2,1245,2038
27343.6,661,1396
27344.3,1888,2064
27345.8,263,2102
27347.7,578,527
27347.9,1978,236
27348.5,1188,276
27349.1,202,1574
27350.6,818,1046
27351.7,1515,1641
27352.1,1110,1603
27352.1,1329,2110
27352.9,1817,1103
27353.9,1584,789
27356.6,988,15
27359.1,1821,631
27359.3,488,207
27361.7,243,576
27362.3,1573,1641
27362.5,405,1714
27363.0,1305,1841
27364.5,1664,1137
27365.0,2141,1632
27365.4,1468,2021
27366.0,705,1043
27366.8,1124,23
27366.8,1582,2145
27367.6,2134,1699
27369.6,543,1192
27371.1,1463,292
27371.8,1445,1045
27372.3,630,717
27375.1,1239,1065
27375.1,2098,1934
27378.5,20,588
27380.6,826,825
27381.5,1744,69
27382.4,955,1303
27384.6,171,260
27385.4,1004,1672
27385.6,1221,1096
27385.8,869,2099
27387.1,248,710
27387.2,1363,198
27388.2,914,124
27393.3,1138,283
27393.6,49,1774
27394.9,1948,1985
27397.5,1994,552
27399.8,1378,626
27400.8,448,859
27401.4,1107,53
27401.8,173,1900
27402.1,1546,2015
27402.5,2086,58
27403.6,2040,912
27404.7,77,1379
27405.8,184,574
27407.1,1770,4
27407.4,1027,1107
27407.6,181,955
27412.0,1449,573
27412.5,1148,71
27413.3,1278,629
27413.3,394,1802
27414.7,1929,1170
27415.7,1885,1485
27416.9,465,1264
27416.9,1742,1094
27423.3,2140,651
27423.6,2051,2138
27425.3,528,1310
27427.3,2129,1623
27428.8,1132,434
27429.8,651,1002
27431.2,900,689
27435.6,1758,127
27437.3,1476,1543
27438.9,1146,678
27439.7,1968,1198
27443.0,859,404
27445.4,1816,788
27446.9,1572,1650
27447.1,875,354
27447.7,369,1919
27448.7,612,1207
27450.6,1562,1481
27452.8,1279,1697
27454.0,95,1721
27457.3,964,546
27458.1,591,901
27459.4,487,1844
27460.7,110,620
27463.4,933,1931
27464.8,231,147
27466.4,1754,1295
27468.5,1835,227
27470.0,1149,1908
27475.2,1322,1062
27475.3,1823,1723
27476.2,1285,829
27477.3,317,162
27479.6,860,1895
27480.5,1444,265
27481.0,237,1239
27481.6,1599,686
27482.2,860,2070
27482.6,2096,1815
27483.3,93,637
27487.3,1961,1632
27487.4,974,1634
27488.9,738,469
27492.3,114,1366
27494.0,408,633
27497.4,2142,1585
27499.7,402,2092
27501.6,108,2000
27501.6,1645,1589
27503.1,150,485
27503.2,540,898
27504.0,601,589
27504.7,946,917
27505.1,2094,1788
27506.4,1860,189
27506.8,1295,181
27507.5,1343,1885
27508.4,1694,2124
27510.3,922,782
27510.8,1827,54
27512.8,1811,967
27514.5,699,893
27514.7,1348,1393
27515.9,1303,1802
27517.3,134,1464
27517.5,383,1959
27518.7,911,2115
27519.1,1147,1078
27519.2,1505,2085
27520.2,428,312
27520.6,1263,1979
27524.4,419,624
27527.9,1321,201
27528.2,1818,466
27528.7,1611,305
27530.4,1793,1844
27531.6,218,582
27531.9,1239,1093
27532.5,2098,1195
27532.9,1937,1201
27532.9,949,1733
27534.5,1750,1221
27536.7,271,1769
27537.0,551,1307
27537.8,2042,2072
27539.2,487,1454
27540.3,2040,1499
27541.0,656,603
27542.4,956,427
27543.3,853,154
27543.5,363,1357
27544.5,1246,670
27551.4,928,717
27551.9,1539,1527
27552.0,1421,1041
27552.9,1772,1593
27553.0,1911,849
27553.4,1574,1928
27555.0,1592,723
27556.6,1414,1461
27557.6,337,1994
27558.0,470,1739
27558.1,12,1379
27558.1,661,678
27558.2,385,1656
27559.3,294,1174
27562.0,405,933
27564.0,1228,1120
27565.4,1583,239
27566.9,1045,833
27568.4,1842,1178
27568.5,526,513
27569.4,1182,988
27573.9,117,620
27574.6,1424,121
27575.7,1574,766
27575.8,772,1702
27576.4,1882,504
27577.6,1546,1701
27578.2,319,6
27578.4,1283,1614
27581.5,1138,712
27583.6,131,550
27585.6,524,547
27587.1,901,1100
27588.3,162,296
27591.2,855,1792
27595.7,904,1724
27596.5,66,384
27597.3,1852,295
27597.8,1246,1130
27599.9,492,1123
27600.4,672,865
27600.7,1435,256
27601.5,1619,1476
27602.2,1258,573
27604.8,1543,215
27604.9,1571,1008
27605.8,525,1554
27606.1,1461,1562
27608.9,1371,1458
27610.0,646,748
27610.8,1796,1538
27613.2,1076,379
27613.7,184,107
27614.0,1324,10
27618.5,1370,1406
27618.6,853,1110
27620.5,1047,1635
27621.4,739,936
27622.4,1231,1920
27624.2,956,270
27624.6,1479,1130
27625.2,342,1531
27626.6,1197,810
27626.8,380,468
27627.2,1875,2117
27628.0,1297,875
27628.1,33,1185
27628.1,1319,1169
27628.4,2029,1783
27629.1,2104,795
27629.2,1531,2056
27629.3,409,1967
27633.5,351,1278
27633.8,345,1329
27633.9,265,1024
27634.2,1971,1689
27634.5,425,60
27635.3,317,1868
27635.4,1660,1311
27636.1,527,1354
27637.9,216,1665
27639.2,9,584
27641.8,810,1001
27645.0,295,1524
27648.6,734,803
27648.6,136,216
27648.9,222,757
27652.9,1768,1373
27657.6,1372,77
27659.1,565,688
27659.5,391,392
27659.9,628,111
27660.6,1967,150
27660.7,308,1048
27661.2,580,78
27661.3,1645,1738
27664.1,842,2127
27664.3,555,559
27664.7,129,1308
27665.1,534,754
27666.4,193,1525
27667.0,112,391
27671.1,189,309
27671.3,850,1048
27672.2,856,915
27673.3,788,933
27674.6,1489,743
27675.5,478,879
27675.7,1041,1374
27678.0,1686,1160
27678.5,887,1246
27678.8,1637,1222
27680.6,1220,1813
27681.3,20,709
27681.7,2097,1761
27682.4,1096,712
27684.1,1460,1013
27684.9,1858,1939
27686.1,993,1133
27687.5,1476,726
27688.7,950,1459
27689.4,377,1370
27690.8,1571,1655
27691.4,1361,271
27691.8,1597,645
27692.4,1008,2092
27692.5,1706,1705
27692.9,1091,1936
27694.8,1513,897
27695.2,1519,652
27695.6,1808,1109
27698.9,1613,1778
27700.5,955,1384
27700.8,1670,521
27702.6,1388,1023
27702.8,829,1590
27703.6,617,1219
27703.8,1944,335
27704.0,1874,1713
27707.8,919,1327
27708.2,1173,1682
27709.2,2048,1757
27709.5,107,1691
27711.5,1610,602
27711.9,1926,968
27713.1,316,1700
27713.3,919,2048
27713.4,1612,2110
27714.7,1891,362
27714.7,94,2036
27716.8,1941,535
27717.4,1931,680
27719.3,16,390
27719.7,1735,1974
27723.7,78,573
27724.3,1126,851
27724.5,501,1169
27725.1,804,1219
27727.1,1810,1625
27727.3,1138,590
27729.1,673,1591
27731.4,1214,1410
27733.1,840,783
27734.3,1884,568
27736.0,1231,46
27736.3,1074,2071
27738.7,327,449
27738.9,1694,1569
27740.5,1884,362
27741.8,1849,104
27742.4,918,894
27742.9,454,134
27743.1,1595,440
27743.3,112,465
27744.0,1011,1114
27745.6,138,333
27745.9,948,1114
27750.4,882,1950
27753.5,1717,1974
27754.9,840,1120
27755.8,411,1152
27755.9,1086,362
27757.5,291,1778
27758.4,886,154
27758.5,1028,373
27758.6,42,1158
27759.7,340,102
27759.8,1276,661
27762.6,158,616
27763.6,1708,487
27764.2,135,296
27766.8,162,1009
27767.3,499,821
27767.7,1348,1238
27768.7,638,245
27769.0,808,305
27769.7,1958,393
27770.5,408,841
27773.7,1565,240
27773.8,1968,405
27776.2,353,2029
27776.4,553,400
27777.5,1267,66
27784.6,1242,1900
27786.0,17,661
27790.4,2133,361
27790.8,488,542
27793.2,1881,1225
27793.6,1984,307
27795.5,872,1786
27796.3,2089,1509
27797.2,1206,1755
27797.4,293,978
27798.4,326,153
27801.6,2045,1235
27802.8,455,1552
27803.0,1172,693
27803.3,621,487
27803.9,196,311
27805.4,337,1374
27805.7,210,1683
27806.9,1774,759
27807.5,1665,1037
27809.6,1380,684
27817.7,718,2035
27819.4,307,8
27819.6,1488,1159
27820.4,266,1910
27821.5,1130,2132
27822.4,1470,1744
27823.1,1156,2075
27824.1,904,239
27824.2,434,1395
27824.9,1424,1646
27825.2,1491,2067
27825.6,596,754
27826.4,353,1866
27826.6,1655,545
27828.4,1481,1659
27829.0,1060,1567
27831.6,1951,92
27832.9,339,1204
27835.4,1124,455
27837.7,20,1548
27838.6,1724,737
27839.0,2096,1823
27840.9,420,21
27840.9,1686,1675
27841.9,241,1113
27847.5,410,1990
27847.7,576,31
27848.5,690,787
27849.3,455,498
27849.9,660,573
27850.2,606,741
27850.5,634,1162
27850.5,1137,1929
27851.0,637,788
27851.5,1217,130
27851.5,377,159
27853.2,1097,1852
27854.3,474,934
27854.9,416,472
27858.4,1421,121
27860.6,1287,795
27861.1,1814,596
27861.3,537,31
27863.3,1788,1184
27863.4,1472,2004
27864.5,167,1902
27865.4,119,522
27868.7,70,298
27868.7,1229,419
27869.9,1349,993
27870.4,1363,517
27872.3,2091,391
27875.7,1075,1179
27876.5,1679,1860
27876.9,527,149
27877.2,2088,914
27877.2,909,1410
27878.1,102,931
27878.8,472,597
27879.0,1821,1026
27882.3,981,1648
27883.5,56,1306
27885.6,1323,1410
27888.7,1524,1253
27890.2,85,1139
27890.5,2,1716
27891.6,1760,200
27893.1,1471,627
27894.0,1757,60
27894.6,198,1591
27895.1,1882,985
27895.5,1119,1520
27896.2,177,339
27896.9,589,1819
27897.5,912,1713
27898.9,283,1224
27900.0,239,573
27900.6,83,2097
27901.0,1961,1632
27902.2,658,1629
27902.6,1234,1883
27904.5,2043,738
27905.0,37,1155
27906.4,984,576
27909.3,713,870
27909.8,19,130
27910.2,1861,516
27910.7,1355,1400
27911.0,1631,442
27911.5,1384,1291
27912.3,117,1573
27912.5,2043,1551
27912.6,1136,673
27913.1,251,979
27920.4,872,907
27921.7,1384,1192
27922.3,910,338
27922.8,570,1584
27923.1,1144,82
27926.1,572,1782
27926.8,371,1812
27927.0,1988,1210
27930.8,568,536
27930.8,356,1668
27931.6,724,488
27932.2,986,721
27935.1,1566,859
27935.9,20,1622
27936.2,516,1453
27937.9,882,496
27940.2,642,2048
27940.3,1467,31
27940.6,184,1712
27940.7,199,435
27941.8,997,866
27942.4,924,2004
27943.5,347,253
27943.5,88,752
27945.1,1399,1762
27945.2,598,754
27947.5,1542,1150
27949.1,262,2105
27950.8,1449,1266
27950.8,1841,584
27951.1,1170,1409
27952.7,889,559
27954.4,339,1577
27955.8,1919,1906
27958.9,309,1166
27959.4,1186,1806
27961.0,1003,1818
27961.1,484,1211
27964.7,1444,802
27966.1,427,328
27967.5,2043,1752
27971.9,1753,1392
27972.0,724,1928
27973.3,1712,274
27973.5,655,354
27975.7,1315,1952
27976.7,1666,303
27978.7,245,638
27978.8,283,466
27979.5,1809,98
27980.1,1957,1751
27980.4,1007,554
27980.6,1991,504
27981.6,636,293
27984.1,1550,2116
27985.7,2099,1505
27986.4,2039,343
27986.5,623,1276
27986.8,164,118
27990.3,1002,1857
27992.5,1006,608
27995.1,299,848
27995.3,1791,1411
27996.5,2057,1556
27997.1,854,519
28001.5,1056,423
28002.4,826,2035
28003.1,293,1396
28005.9,2145,571
28006.0,402,1125
28007.4,124,1588
28009.4,670,1752
28010.0,753,1765
28010.8,902,1510
28010.9,591,1998
28011.1,1145,1294
28014.7,903,1019
28015.6,1496,1606
28016.0,1580,1922
28020.8,1065,1807
28021.7,1744,654
28022.0,1179,1505
28024.2,88,1256
28024.8,565,1289
28024.9,1692,530
28029.3,1715,1339
28029.9,1367,449
28030.1,222,1727
28031.9,1832,1711
28033.5,734,947
28035.2,89,1805
28036.3,882,1054
28037.8,1103,567
28037.9,451,1233
28038.6,1520,17
28038.8,802,1198
28041.7,1890,25
28042.1,1412,2018
28043.7,1899,560
28044.3,2128,1193
28045.8,212,1879
28045.8,942,548
28045.9,1854,589
28047.8,790,1821
28049.1,639,229
28052.4,1104,1297
28052.5,1616,1999
28053.1,1823,48
28053.8,1667,899
28055.2,2130,1746
28055.5,462,275
28061.1,620,110
28063.3,200,2121
28063.7,1099,518
28064.3,1036,833
28064.6,870,1732
28067.0,1560,93
28070.7,2086,681
28074.2,1660,2042
28075.8,351,847
28076.4,1374,1037
28077.6,1171,1781
28080.2,545,98
28081.3,1517,1717
28081.7,212,465
28084.2,596,1071
28085.5,383,881
28086.0,3,317
28086.2,1359,1195
28086.8,1946,1413
28088.8,245,199
28089.1,2145,2087
28090.2,146,1170
28090.5,279,250
28090.9,1113,991
28091.0,1661,1576
28093.8,1392,310
28095.3,1352,782
28096.2,422,1124
28097.2,889,1955
28097.6,1309,1442
28098.5,807,172
28099.7,49,422
28103.0,2114,1301
28103.6,1832,450
28104.4,1846,1074
28104.5,152,633
28107.2,420,1658
28110.1,836,1981
28111.6,1785,382
28111.8,2113,1594
28112.5,2119,1730
28112.6,1925,1578
28113.3,2135,827
28114.7,654,1695
28114.8,170,1314
28117.3,1363,849
28117.9,1046,1460
28119.2,274,1424
28119.9,1801,614
28120.9,1011,1493
28124.7,1013,2085
28124.9,652,1588
28125.6,581,386
28126.4,1974,1372
28127.4,272,1352
28128.4,1096,1742
28129.1,1986,852
28129.1,829,26
28129.3,2111,1396
28129.6,1892,732
28130.4,1573,1761
28131.5,909,1044
28132.0,1519,250
28132.2,515,2121
28132.8,1228,1746
28133.0,977,18
28135.0,1913,780
28138.6,31,1932
28138.8,32,1870
28140.6,916,683
28144.4,1946,1921
28145.1,474,495
28147.8,2053,1198
28148.0,525,1969
28149.3,1597,812
28149.3,251,35
28150.1,339,599
28150.2,579,1141
28150.3,1209,1188
28151.2,212,1428
28152.9,1980,1831
28158.2,384,1749
28161.7,1944,443
28162.2,1779,1433
28164.1,1649,1864
28164.8,166,1546
28165.7,960,797
28166.1,1089,65
28166.2,1501,623
28166.4,1153,566
28171.8,1555,1493
28172.1,1879,820
28176.0,746,520
28178.3,311,1058
28178.7,54,1878
28178.7,1165,1958
28180.1,1725,205
28181.9,1370,2018
28183.9,468,338
28186.9,1346,152
28188.6,393,179
28188.7,620,1716
28188.7,2064,133
28188.9,1428,855
28190.3,1919,1377
28191.4,832,903
28191.9,2079,2049
28193.5,1467,2015
28196.3,765,441
28196.7,1650,1933
28197.8,1032,1574
28198.2,2069,1692
28203.4,1586,1161
28204.9,983,638
28204.9,850,375
28208.5,2026,568
28210.6,1669,1733
28211.2,2123,581
28211.7,1364,1080
28214.1,681,2040
28215.5,1188,10
28215.6,140,578
28215.6,1602,203
28215.7,1544,71
28216.2,98,1384
28216.6,586,2029
28219.3,1641,831
28220.9,811,960
28221.4,1723,889
28222.0,822,52
28222.1,238,232
28223.7,214,961
28223.8,1816,2134
28224.0,14,1268
28226.4,183,710
28227.4,944,1375
28228.9,1141,264
28229.4,736,207
28230.6,942,202
28233.8,903,1816
28234.5,362,993
28236.4,1613,697
28237.3,101,2096
28239.3,337,574
28244.6,1757,2129
28244.7,1241,1879
28247.5,1050,1875
28249.9,1423,902
28250.0,361,148
28254.9,868,1001
28254.9,1772,2036
28258.2,1834,2063
28258.7,571,387
28259.7,511,1263
28259.9,1729,953
28260.7,1671,1458
28262.0,425,1661
28264.1,1749,1961
28265.6,402,2085
28266.4,1630,513
28267.8,887,1675
28271.1,1771,1464
28271.1,1624,661
28271.9,1644,704
28273.0,753,1741
28273.7,1818,2108
28276.0,2108,45
28277.0,797,1833
28278.3,350,1618
28284.1,1330,692
28284.3,2,1899
28284.8,990,1302
28285.8,434,555
28286.3,1952,1967
28287.1,1776,1321
28291.7,2031,1557
28292.2,769,1512
28296.2,100,1298
28296.3,296,1191
28296.4,1805,447
28299.2,1587,1350
28300.1,771,286
28303.9,569,1443
28306.5,1437,380
28307.4,1807,328
28308.8,1263,1755
28308.8,1478,178
28308.8,752,1072
28309.2,741,2141
28312.9,2012,1431
28314.2,203,954
28315.5,578,803
28315.5,416,614
28316.1,54,261
28317.4,1603,147
28318.2,700,94
28318.9,1411,611
28325.7,663,930
28328.1,1671,863
28330.2,64,1574
28330.5,171,55
28332.4,2041,801
28332.4,557,1071
28334.3,1576,1734
28334.5,1848,1488
28334.9,1180,101
28336.4,1337,2026
28339.1,376,1134
28339.6,1505,1671
28341.0,2031,1047
28341.0,1558,2019
28343.0,1482,1244
28343.4,1526,896
28343.7,268,1149
28344.3,1757,1715
28344.9,2105,813
28346.3,1096,2075
28346.6,1215,936
28347.9,1446,1757
28349.2,1705,2025
28349.5,1604,1227
28350.4,984,631
28350.4,1887,1936
28351.0,1929,18
28354.3,1190,998
28354.5,1673,894
28355.8,1031,1231
28356.2,1763,1381
28358.7,129,1458
28358.8,1251,1307
28360.8,1479,130
28361.9,1102,1642
28362.7,33,209
28363.5,1148,705
28366.6,803,187
28368.1,1830,930
28371.2,2007,581
28373.6,1289,1104
28374.8,1414,19
28375.2,117,259
28375.9,1372,1438
28376.0,157,543
28377.5,19,1228
28383.7,94,757
28387.7,385,1276
28388.0,929,265
28388.2,1900,1084
28390.0,952,916
28391.8,1354,770
28391.9,411,457
28392.1,1444,119
28392.5,683,1642
28393.1,1887,1082
28393.3,1778,1557
28396.2,1408,454
28397.7,2144,1488
28398.6,788,1433
28399.1,1401,328
28399.5,1766,167
28401.5,331,950
28402.0,321,1952
28403.4,1246,1409
28405.6,1280,900
28407.1,128,1711
28407.3,763,440
28407.9,818,1013
28408.7,1578,391
28416.3,575,355
28417.7,1948,1534
28421.9,683,1742
28422.3,415,711
28424.0,117,2104
28424.4,485,2093
28429.1,1810,1606
28429.3,242,1736
28430.4,343,1767
28430.7,962,1376
28434.5,1785,2023
28438.0,1272,1374
28438.1,1351,585
28441.2,512,1715
28442.0,409,709
28445.8,881,1148
28447.7,157,1263
28448.6,370,1195
28449.9,234,594
28450.5,992,1641
28450.9,189,592
28452.0,972,438
28452.3,542,1930
28452.9,1519,1808
28453.5,756,261
28453.6,1356,1199
28454.8,1168,1059
28455.0,348,2135
28457.4,831,1225
28457.8,1525,921
28460.9,346,156
28462.4,642,1981
28463.2,439,1313
28463.2,602,469
28467.0,1915,518
28467.6,1391,263
28470.6,875,662
28471.5,1750,578
28473.0,341,219
28474.6,2003,936
28476.8,637,641
28476.9,1008,1626
28478.0,309,1319
28478.7,1886,1782
28480.6,466,110
28481.2,2104,1848
28482.0,1810,1196
28482.5,331,1528
28485.0,231,1041
28485.4,209,42
28487.5,727,24
28487.7,1545,2132
28488.1,2024,140
28490.8,1268,1418
28493.5,696,1295
28494.4,1853,1624
28494.4,194,1114
28494.4,842,1118
28495.1,1881,1425
28495.5,281,598
28495.9,1736,2068
28496.0,309,997
28498.2,541,1828
28498.5,198,1284
28498.6,1001,1150
28499.2,411,1271
28499.4,11,403
28499.8,692,1481
28501.8,711,129
28503.6,806,314
28506.3,1584,2142
28506.5,1683,910
28507.2,37,973
28508.1,352,1961
28514.0,1558,51
28514.8,2090,1254
28516.1,1754,1974
28516.3,175,94
28516.9,330,1052
28518.4,408,206
28522.7,36,1870
28522.8,988,1101
28523.9,112,1313
28524.0,887,1879
28524.0,1520,331
28525.8,329,1084
28527.9,1244,1481
28528.2,1488,1721
28529.4,580,1619
28529.9,1595,470
28531.1,1857,1752
28532.0,967,1798
28532.7,476,2052
28533.6,579,1743
28533.9,1451,1641
28534.1,1645,1563
28537.3,1804,896
28540.9,1524,1488
28541.7,1879,403
28542.0,1957,1173
28544.2,190,679
28545.8,890,1182
28547.2,281,1236
28547.6,1601,1561
28547.9,1737,838
28549.5,3,1215
28553.3,452,293
28555.4,1704,396
28556.9,713,418
28557.4,1210,2094
28557.8,1625,1726
28558.1,1702,1072
28558.9,1025,1590
28559.4,1587,2091
28562.3,89,886
28562.9,947,12
28562.9,900,1992
28564.4,933,1644
28566.0,322,1411
28567.1,741,593
28569.0,465,686
28569.8,236,1570
28570.3,913,1147
28570.4,1082,204
28571.0,594,385
28571.1,1850,697
28571.3,642,1150
28572.1,2124,788
28572.2,467,1828
28573.7,1640,218
28576.0,1967,1370
28577.5,2132,1032
28579.7,1954,1166
28580.8,1838,232
28581.3,552,436
28582.1,452,1143
28583.1,1676,1375
28588.7,1457,2116
28590.4,417,38
28591.1,2017,865
28592.3,1283,1664
28594.8,387,1670
28595.1,385,688
28596.3,1501,1443
28597.0,729,1697
28597.1,1249,1681
28597.5,2077,290
28597.6,865,219
28598.2,682,193
28598.4,848,53
28599.2,1744,2022
28599.8,703,470
28600.4,796,1726
28603.6,991,314
28604.4,1349,1096
28605.5,185,1271
28606.9,230,993
28607.8,669,1463
28609.5,1521,2113
28611.4,2062,921
28611.9,1724,960
28613.4,506,627
28614.2,1140,892
28615.3,631,595
28618.4,1400,433
28619.1,1115,285
28621.4,754,1321
28622.4,273,1040
28624.7,1724,735
28627.6,435,746
28629.2,1662,152
28629.3,1618,955
28630.4,1069,1466
28630.8,851,1030
28631.3,384,1285
28631.9,215,992
28631.9,1926,1638
28632.8,1383,188
28634.1,1755,1252
28634.7,1903,555
28636.0,131,720
28637.5,1887,1980
28638.8,770,1346
28640.1,380,1714
28640.7,263,272
28643.4,883,1927
28643.6,1756,1854
28643.7,557,495
28644.5,927,1203
28649.1,738,1251
28649.3,703,699
28651.0,1107,385
28652.4,940,251
28653.1,1006,757
28654.8,1777,1280
28655.2,59,385
28658.0,409,1269
28658.5,688,1214
28660.3,1108,636
28661.7,126,644
28663.2,1002,1506
28663.2,1260,1799
28663.8,372,483
28665.2,2108,1744
28666.6,1377,1706
28672.3,33,1167
28672.5,2027,1439
28672.8,266,788
28673.5,1310,1274
28675.8,549,1229
28678.1,382,228
28679.0,733,1579
28681.5,289,111
28682.8,1303,1570
28683.2,1094,742
28685.0,718,144
28686.3,714,990
28687.1,1563,1772
28688.2,1734,709
28690.1,1421,957
28690.4,1571,382
28691.5,380,267
28692.7,785,66
28695.0,944,1251
28695.1,609,1204
28695.1,1739,727
28696.0,769,1106
28696.7,825,1228
28698.1,942,975
28698.5,1935,1519
28698.6,1561,1786
28701.6,1042,152
28702.5,1482,1179
28702.7,1020,723
28703.3,547,1350
28703.8,1842,1101
28704.1,88,1422
28704.4,2142,1528
28705.5,1964,33
28705.9,1748,1728
28706.3,858,1321
28707.5,1926,1658
28708.0,1059,1875
28708.1,2142,824
28708.1,1393,1122
28708.3,2083,1865
28708.6,1125,1166
28710.3,1646,1545
28711.2,1776,1760
28712.0,1057,1871
28712.0,436,1874
28713.5,91,1774
28714.6,348,1068
28715.9,336,330
28715.9,880,2144
28716.3,1835,420
28716.8,1967,1468
28717.5,1334,0
28718.8,313,2069
28719.5,81,392
28720.1,1198,1068
28721.2,740,837
28721.6,849,1507
28722.8,1781,2118
28723.3,1139,1327
28725.1,68,1372
28727.0,1673,939
28727.8,1273,186
28728.0,1082,728
28730.0,1780,295
28730.8,687,1356
28732.8,509,1231
28736.9,532,1353
28736.9,985,1325
28739.5,2009,1752
28741.2,1541,1232
28742.1,292,1684
28744.0,1021,2118
28745.3,1001,1667
28747.7,212,1578
28748.0,2097,1436
28748.3,346,89
28750.2,578,1799
28751.2,1545,1365
28751.3,853,6
28753.1,2063,1510
28753.3,2005,1882
28753.8,1540,1944
28753.9,885,1586
28754.4,600,211
28758.1,1730,883
28758.4,1152,865
28759.7,1057,1650
28760.6,1546,1001
28760.9,294,616
28761.2,1518,1801
28762.6,363,1952
28764.2,195,1837
28766.9,508,1828
28767.3,1463,1888
28768.1,1753,708
28769.5,556,1589
28769.9,1607,1820
28770.9,168,2086
28772.1,2000,2031
28772.5,2030,1533
28773.6,1174,980
28777.2,2057,1369
28777.4,1450,779
28778.1,1882,1039
28780.8,112,983
28781.6,1907,1719
28782.6,1152,102
28783.0,615,92
28787.0,1966,1725
28787.8,329,1262
28789.0,1436,818
28789.4,311,1298
28791.2,850,851
28791.3,238,132
28792.6,190,1137
28794.3,1675,1526
28794.9,2073,614
28795.2,1189,1078
28795.8,1366,1731
28796.3,1400,738
28799.4,533,1685
28800.1,130,55
28802.6,150,1065
28803.4,322,287
28803.5,1005,1260
28804.6,1481,1726
28804.7,2055,1634
28807.0,329,355
28808.0,1303,2057
28808.3,1834,1133
28808.9,313,1277
28810.6,1926,1837
28811.3,380,2091
28812.6,1672,2093
28813.4,0,1149
28815.0,1685,1637
28816.4,1570,603
28818.0,64,1527
28819.5,1510,1655
28820.1,1535,68
28821.0,277,1131
28822.6,953,948
28822.6,739,761
28823.5,1170,71
28824.0,1970,991
28825.2,1729,715
28828.3,274,1037
28828.4,275,885
28831.0,1591,1540
28831.0,1984,1259
28831.8,997,873
28832.8,369,1037
28833.6,2049,1390
28833.8,1864,1225
28836.3,525,10
28836.6,1075,1155
28836.7,681,925
28838.6,1969,924
28840.9,336,1664
28841.6,2035,1962
28842.0,834,369
28846.4,1501,312
28847.3,769,35
28847.5,2105,1531
28847.8,1713,1303
28848.8,321,1430
28849.1,1493,687
28850.5,2002,1342
28851.1,237,2140
28851.5,311,699
28856.0,1536,1352
28856.6,2125,453
28857.2,1413,728
28857.5,841,397
28858.6,1274,375
28859.6,168,227
28865.8,266,1057
28868.3,774,1061
28868.5,708,1276
28871.6,421,1515
28872.7,991,213
28875.0,416,710
28875.1,1287,633
28875.9,791,1209
28876.0,356,1211
28877.6,360,805
28878.0,1361,1459
28878.5,221,257
28879.0,159,777
28879.1,1258,1215
28879.1,1806,360
28880.5,408,194
28881.7,1668,1476
28882.9,1241,1281
28883.4,1666,1770
28883.8,1251,1333
28889.3,1243,490
28891.2,752,402
28891.4,1093,1397
28891.7,1707,1256
28893.1,421,93
28893.8,428,1566
28898.9,1558,382
28898.9,542,655
28900.3,548,505
28900.9,579,1709
28903.1,515,622
28904.6,2044,1457
28907.9,1647,698
28909.2,1560,1562
28913.1,124,792
28914.4,2033,353
28916.1,45,1414
28917.1,569,1440
28918.0,543,1867
28918.1,824,646
28918.3,190,1897
28921.3,1094,1391
28922.5,527,1040
28924.6,1896,500
28924.8,1432,361
28925.2,762,183
28925.7,2096,94
28927.3,603,2113
28927.9,1556,179
28928.4,117,710
28930.3,745,1073
28930.4,1468,1230
28933.1,1079,1847
28937.0,1634,1397
28937.0,95,1053
28939.6,2058,2068
28940.1,1606,1063
28940.4,384,1593
28940.9,1451,1767
28943.0,903,2108
28944.0,2083,2090
28944.7,1560,1423
28945.4,973,303
28945.7,214,1706
28947.0,565,94
28949.8,400,792
28950.8,37,1144
28951.6,1134,1831
28954.6,326,63
28954.9,68,849
28955.4,1050,2134
28956.5,1321,1007
28957.5,1187,1261
28957.6,499,1063
28958.4,195,1481
28958.7,1804,524
28959.8,1468,380
28963.7,1674,1942
28964.0,230,1357
28965.7,516,1613
28966.5,1047,2091
28968.3,1654,1695
28970.6,1358,1556
28972.1,611,683
28972.6,760,650
28973.6,674,6
28975.4,453,894
28975.6,1529,858
28975.6,2088,2106
28976.2,1220,1730
28977.0,1677,2028
28977.9,1635,1140
28978.4,896,1964
28983.0,1149,1333
28985.2,1945,1371
28985.4,946,1463
28986.7,332,1956
28987.2,1411,1350
28988.3,649,2060
28989.8,2001,1124
28990.8,1873,1132
28990.9,263,1192
28995.4,1580,640
28996.1,1323,492
28998.4,482,2019
28999.1,1370,917
28999.5,1664,1456
29001.4,294,1467
29003.3,1785,1272
29006.1,1651,1804
29007.0,1748,973
29010.5,32,204
29011.5,846,1437
29013.2,752,249
29015.5,1622,785
29017.8,351,1340
29018.8,635,706
29022.0,592,517
29023.0,880,1250
29024.8,685,1964
29025.4,199,2129
29027.3,1785,201
29031.2,2073,137
29031.6,835,805
29034.6,20,294
29036.9,1366,897
29037.6,991,1534
29039.6,1634,1639
29045.1,1990,427
29048.4,1336,1069
29048.8,64,1413
29049.2,631,1609
29049.2,1791,1984
29051.7,1650,564
29052.5,196,1362
29054.3,1618,1224
29055.5,257,438
29056.7,627,1429
29057.3,628,2053
29057.9,174,699
29062.9,1463,1314
29064.5,890,1007
29067.0,2036,1859
29067.5,1310,568
29067.6,650,1582
29067.9,1064,891
29071.5,1518,1628
29072.3,2097,1093
29072.7,1619,10
29073.5,91,1968
29075.7,336,409
29076.9,264,1868
29077.7,1516,280
29077.9,1135,1224
29078.1,1256,676
29078.6,410,1759
29081.7,728,2129
29083.5,1001,2119
29085.4,1377,1949
29085.8,1822,1779
29086.4,1307,150
29087.2,1481,1335
29087.7,1078,861
29088.9,1253,911
29094.1,1769,1928
29095.5,417,1377
29098.0,715,576
29099.6,1088,220
29100.4,987,1222
29103.0,1416,862
29103.5,1899,1911
29103.7,208,195
29103.8,1364,1033
29104.6,936,1178
29105.8,1076,984
29107.2,1074,1981
29107.4,1443,1496
29108.2,2049,1379
29108.8,425,914
29109.4,1998,1265
29109.5,1346,1532
29110.3,1286,621
29110.6,592,1502
29114.9,1431,72
29117.2,1409,1990
29118.9,1234,1998
29119.5,2054,400
29120.8,1648,181
29121.0,1075,481
29122.9,1681,686
29123.2,1236,1818
29123.2,74,1904
29123.4,1640,1821
29124.6,393,1042
29126.3,2018,2003
29127.9,1005,1191
29128.1,1430,1308
29129.1,170,2122
29130.7,2045,1160
29131.3,1648,151
29131.5,104,782
29132.6,1590,412
29132.7,1884,1425
29133.9,127,161
29135.7,1795,144
29139.2,1884,1104
29140.3,2002,1771
29141.8,729,1280
29142.3,400,1629
29145.2,639,449
29147.0,1495,968
29148.3,1737,1823
29149.0,1023,1445
29157.0,1754,1993
29168.1,1507,1458
29169.7,1669,186
29170.5,1861,524
29170.7,878,1106
29172.6,875,944
29174.6,436,794
29175.8,304,1114
29176.1,1917,1269
29176.3,1268,928
29177.0,921,1284
29177.8,1695,1808
29179.7,256,1097
29180.6,91,802
29182.1,45,211
29185.2,935,1491
29187.1,1789,1494
29188.1,628,1596
29190.3,2103,713
29195.0,1403,743
29198.7,1700,971
29201.6,1928,1083
29203.1,279,579
29205.8,2142,1598
29206.5,424,362
29208.6,526,803
29210.7,680,309
29211.0,681,1320
29213.6,1546,338
29216.8,2003,601
29219.1,1253,1615
29223.9,1304,1849
29228.1,1117,1546
29231.2,879,740
29231.8,1298,1147
29232.2,312,448
29233.1,1403,349
29233.4,1843,768
29234.3,74,1384
29234.5,844,410
29236.0,886,1820
29238.3,1756,2101
29238.7,408,1144
29241.2,328,1065
29241.8,551,679
29241.9,305,1069
29243.2,998,812
29243.6,1093,244
29246.5,455,756
29247.2,848,1594
29247.2,6,2081
29248.1,1617,1192
29248.9,1977,189
29250.5,43,1727
29251.9,1979,1783
29252.0,971,1904
29252.6,1528,10
29253.4,1977,269
29254.7,759,384
29255.6,171,1154
29256.6,2114,1616
29257.6,1227,421
29258.5,910,183
29258.8,662,1585
29261.2,1345,1640
29261.5,1758,1913
29262.0,341,1643
29262.0,944,83
29262.7,1024,135
29266.9,1992,63
29267.2,535,1377
29269.3,468,1845
29270.8,505,283
29272.5,1530,408
29272.7,582,1602
29273.5,44,1893
29273.9,482,1360
29277.1,274,1019
29278.4,1630,567
29280.3,1396,703
29281.0,14,575
29281.2,1734,102
29282.2,2089,1865
29282.8,1131,2106
29282.8,949,815
29284.7,1507,945
29286.5,1220,786
29287.9,338,17
29288.6,1837,980
29291.3,1336,345
29292.1,1384,1039
29292.7,891,1413
29292.9,667,333
29293.3,362,616
29296.4,1001,775
29296.5,1353,1505
29297.4,1975,48
29300.8,1388,1858
29300.9,2019,333
29303.4,109,787
29303.4,1682,2049
29304.2,233,1242
29304.3,1038,1564
29304.3,381,1606
29304.7,949,1313
29304.9,1835,1577
29306.0,472,1857
29307.8,1653,1873
29308.6,1784,248
29308.6,1146,919
29309.1,1863,955
29311.4,1935,968
29311.5,924,725
29311.8,1721,1848
29312.3,2047,1081
29318.9,1393,476
29320.8,1237,1150
29323.7,176,1243
29325.2,1797,889
29327.5,379,1410
29328.2,1396,1185
29328.4,210,1863
29329.5,1474,1224
29331.6,1693,480
29331.7,209,1982
29335.6,1936,1606
29336.0,1841,1482
29336.5,1438,1713
29337.0,613,2096
29338.0,1867,621
29338.3,860,1212
29339.2,1099,101
29340.9,42,2078
29341.3,1557,1428
29343.0,46,1777
29343.6,745,1670
29343.7,2127,541
29347.1,1951,138
29348.3,1813,1805
29351.1,1798,1534
29351.9,840,1664
29352.1,912,2035
29352.9,752,1818
29353.0,349,225
29356.7,976,1464
29356.8,1718,706
29357.1,133,1666
29358.1,687,1177
29358.4,949,788
29359.8,990,212
29361.8,883,941
29362.1,1552,92
29364.1,112,1547
29365.1,1059,928
29366.6,9,1633
29367.8,534,781
29368.3,1604,1323
29370.2,1251,370
29370.4,1407,993
29371.2,198,135
29373.2,1085,1039
29374.1,1377,1176
29375.1,1395,1005
29375.2,2131,40
29375.6,1483,1433
29379.7,586,26
29380.2,1818,1680
29382.0,1239,540
29382.6,122,1964
29383.6,1737,1829
29384.6,112,739
29384.7,532,691
29384.8,307,1968
29384.9,381,1335
29385.9,1698,855
29389.7,539,1933
29390.8,1982,653
29394.0,2127,2035
29394.2,312,1030
29396.3,1268,1483
29398.3,711,463
29399.1,1606,1268
29399.5,1749,34
29399.9,748,2074
29399.9,18,79
29400.4,169,732
29401.3,1278,1386
29402.8,614,86
29403.0,652,14
29403.1,2003,1478
29403.5,1112,273
29404.2,2040,563
29405.5,279,227
29408.1,1102,1662
29408.8,1910,1308
29410.1,73,400
29410.6,1661,1832
29411.0,699,208
29411.3,1631,226
29412.2,1399,1197
29413.8,772,826
29413.8,1525,2079
29417.7,580,974
29419.2,885,1629
29420.1,42,1745
29420.2,360,1063
29420.7,628,938
29420.9,1988,309
29421.3,1401,2048
29422.8,1885,28
29422.9,181,437
29424.0,2033,1979
29425.4,113,528
29425.9,535,189
29426.1,633,1445
29426.3,929,611
29430.7,1843,15
29432.9,809,1952
29434.0,2070,661
29435.1,422,1407
29436.1,1523,1321
29438.2,316,1758
29440.5,1817,341
29440.9,675,79
29443.9,1911,1369
29446.1,1882,1239
29447.6,453,1268
29450.7,1224,1915
29452.9,1687,649
29453.6,1416,326
29454.5,973,287
29454.7,1924,1841
29455.1,1778,1888
29455.9,1056,1216
29456.2,1252,809
29457.4,1403,1246
29458.6,1894,2125
29459.5,1541,1482
29460.3,1382,1663
29462.1,1259,912
29464.9,176,641
29466.1,192,927
29466.5,76,1215
29466.7,1928,1715
29470.8,125,204
29471.8,38,269
29472.5,1451,1978
29472.8,1700,522
29473.2,687,1660
29473.9,566,515
29474.4,629,135
29474.7,945,217
29475.9,346,1099
29479.1,240,410
29480.5,607,1911
29480.9,465,1884
29481.1,746,1622
29481.6,269,1059
29482.5,1344,1724
29483.5,52,47
29484.8,2136,1089
29485.0,912,890
29489.8,1117,1836
29491.9,670,646
29492.9,992,1323
29494.2,1701,1971
29496.1,337,1445
29496.5,81,691
29496.7,669,1233
29497.5,967,1649
29498.0,174,830
29498.2,65,155
29499.7,227,1770
29500.2,1856,1665
29500.2,1276,1233
29500.4,2061,2002
29500.8,1330,1302
29501.2,215,1163
29501.4,1018,511
29502.1,2018,588
29503.7,250,1773
29504.4,1489,1096
29508.1,920,804
29508.6,946,1639
29509.7,1135,1308
29512.1,750,1420
29512.3,1920,911
29512.9,811,1016
29515.1,2092,403
29517.9,1008,80
29521.3,952,1135
29521.8,852,206
29522.1,942,1733
29522.6,732,624
29523.0,1948,1038
29523.0,1533,781
29524.6,1878,644
29524.7,942,1420
29524.7,297,1637
29524.8,1018,540
29525.3,116,1996
29526.8,1497,1460
29527.3,2042,221
29529.4,1092,214
29529.8,623,1225
29533.5,1610,1251
29533.6,640,1520
29535.7,358,539
29536.2,2091,145
29539.7,2117,308
29540.9,1021,1414
29543.8,1430,914
29545.4,1270,1040
29548.8,280,1926
29549.0,2036,1286
29549.5,496,1606
29550.2,944,711
29554.3,538,1137
29554.9,71,1763
29555.1,1681,549
29557.4,304,1493
29560.2,1771,972
29560.7,37,3
29561.5,299,1280
29561.5,630,224
29562.0,1578,2051
29564.1,1720,1824
29564.9,316,1253
29565.1,883,1730
29565.2,2069,172
29566.9,155,447
29567.0,1165,1710
29568.6,205,886
29569.8,1988,2103
29570.7,402,848
29570.8,1600,469
29571.4,995,2142
29571.5,2081,1937
29573.1,1443,362
29574.0,1446,1722
29577.4,187,1435
29578.6,1563,1368
29584.9,656,1557
29585.8,140,49
29586.6,639,1999
29586.8,7,459
29588.2,1189,1832
29588.4,791,1876
29588.7,1720,1158
29588.7,2112,914
29590.4,117,909
29590.4,1639,1816
29594.3,2131,1520
29594.4,1045,1419
29599.2,837,1686
29599.9,325,1065
29600.6,1079,144
29604.2,1552,2109
29605.8,1840,1526
29605.9,1382,2012
29608.7,344,1740
29609.2,1765,186
29609.7,1496,1647
29610.0,1243,1019
29613.3,366,2063
29613.3,1797,858
29614.5,600,66
29616.1,551,1431
29617.0,1417,1755
29617.5,876,983
29619.4,1953,1974
29621.4,75,819
29621.5,2028,1970
29621.6,658,1702
29621.8,1159,1968
29623.2,51,423
29623.4,235,567
29627.3,1188,1380
29627.8,236,1401
29628.2,128,2077
29634.6,149,855
29635.6,2031,1644
29636.9,970,2131
29637.8,553,1269
29638.4,1604,878
29638.4,1155,1018
29639.3,243,112
29639.4,325,1192
29639.7,644,1258
29640.9,925,72
29641.7,1138,435
29642.5,1690,1286
29648.3,1692,1587
29648.5,2033,797
29649.1,2137,1546
29649.3,1379,635
29650.1,1340,1655
29650.1,679,521
29650.5,531,919
29653.4,1175,159
29653.9,1917,1849
29656.4,418,755
29656.9,1511,2124
29658.0,178,1074
29658.1,2115,679
29660.0,2076,49
29660.5,1690,1648
29661.2,470,736
29661.5,520,1998
29662.5,1203,1128
29663.3,137,1563
29665.3,1705,339
29665.8,1940,1601
29667.0,1154,1240
29667.5,60,592
29667.7,1063,611
29668.0,1609,783
29669.7,1000,1890
29670.0,314,1229
29670.6,927,301
29672.9,450,129
29674.4,1557,1559
29675.6,498,1079
29677.6,1018,1674
29677.6,349,100
29678.0,378,2053
29679.0,508,417
29681.2,512,1291
29683.5,1549,585
29686.3,1991,1676
29687.3,865,1185
29687.4,185,902
29687.8,1150,381
29688.1,285,2112
29688.2,424,1278
29688.2,1400,351
29689.7,948,641
29690.2,474,1822
29692.8,9,1268
29693.3,157,2057
29693.8,5,1125
29695.8,1582,1856
29696.0,2061,1879
29696.9,283,89
29697.2,1075,1448
29699.0,1596,1113
29699.5,512,624
29700.2,1934,1100
29702.2,1863,1096
29702.2,879,1842
29702.6,1842,15
29703.8,940,1011
29705.0,936,1610
29706.7,1183,364
29707.0,1656,1230
29707.1,1578,69
29707.4,1747,1846
29707.9,267,186
29708.5,1624,988
29708.6,148,332
29708.6,1663,1361
29709.1,387,678
29709.5,1622,153
29710.2,1182,87
29710.2,1805,1190
29714.0,1638,1900
29715.2,1550,2125
29716.3,2083,1033
29717.2,1914,49
29720.1,1009,1660
29722.2,103,219
29725.4,1867,1919
29725.4,294,1820
29726.2,908,1968
29726.7,1269,808
29728.8,151,1819
29729.7,453,302
29730.5,1733,213
29736.7,1138,96
29736.9,380,1097
29737.3,352,1460
29737.8,1732,1833
29738.3,951,955
29739.6,2125,1241
29741.0,1667,1402
29741.6,662,937
29742.7,446,1966
29744.5,108,864
29746.2,1475,998
29749.2,226,1274
29750.4,737,1575
29751.6,1425,878
29753.2,457,1956
29754.5,1869,964
29754.7,1861,886
29758.8,1242,1751
29760.3,633,1118
29761.2,623,803
29763.1,1429,1540
29765.6,997,628
29768.1,1589,1856
29769.5,1068,320
29775.5,988,1120
29776.5,509,1972
29779.7,1599,1803
29783.2,1763,24
29783.7,414,1956
29786.3,1308,1894
29787.5,485,497
29788.1,1388,100
29788.8,769,1519
29790.5,1610,1238
29791.2,1834,63
29791.3,1212,1342
29791.9,20,945
29793.0,972,1026
29794.4,1947,405
29796.0,1618,1628
29799.9,618,1483
29800.4,224,1348
29800.4,711,1595
29805.7,29,196
29807.1,455,226
29807.2,1338,1737
29807.3,288,1882
29807.5,1056,1033
29811.9,2106,335
29812.1,359,946
29812.1,2097,573
29813.4,791,1240
29814.8,1537,209
29816.6,1658,1958
29816.8,893,301
29816.9,1074,511
29817.7,1909,1003
29819.0,1690,1486
29823.4,1716,287
29824.5,517,294
29826.4,557,572
29826.4,873,334
29827.4,1628,1177
29827.5,1574,258
29828.8,914,119
29829.0,1693,1072
29830.8,1787,977
29831.5,775,1297
29834.6,270,1695
29837.0,1779,1121
29837.0,998,603
29837.3,277,934
29838.7,1406,573
29840.6,611,1647
29842.7,416,716
29843.3,984,1888
29844.4,1314,677
29847.9,1282,757
29850.9,1697,1053
29851.2,2130,1140
29853.0,1017,1758
29854.9,1781,2077
29855.0,475,304
29855.5,911,904
29855.5,1054,99
29856.7,2128,100
29857.2,2046,1961
29857.3,1367,1299
29858.8,228,1591
29860.3,683,1972
29861.3,213,703
29864.5,401,622
29864.5,1091,1598
29868.4,1916,689
29868.6,731,1625
29869.2,92,886
29869.4,1327,2083
29869.8,27,717
29871.1,1411,2005
29871.9,931,1865
29876.3,801,1470
29881.0,1293,1418
29881.1,598,1043
29882.7,1103,349
29882.8,1963,887
29888.4,1867,48
29888.7,1743,607
29892.8,1609,1896
29895.3,426,423
29895.5,1194,656
29895.8,125,59
29896.8,1480,1629
29900.7,131,2081
29902.2,680,1035
29908.7,570,2094
29909.5,701,453
29909.6,1932,2136
29910.5,340,703
29911.8,940,1748
29916.8,1190,1429
29917.0,10,1933
29917.2,262,1839
29919.5,1208,564
29920.5,1037,284
29921.3,656,2007
29922.4,1760,857
29923.7,1336,271
29923.9,1340,1447
29924.4,79,75
29928.4,330,132
29929.3,1243,1048
29930.9,527,1758
29933.5,851,195
29933.5,1713,43
29940.5,551,528
29940.8,156,628
29942.6,945,11
29944.1,779,1112
29945.5,1124,808
29952.4,1355,838
29953.5,1780,579
29955.9,123,458
29958.5,1623,905
29958.6,1746,1579
29960.9,1930,1251
29960.9,845,5
29961.3,1140,1035
29961.4,77,1595
29961.5,1601,1080
29962.6,17,125
29964.1,1177,1188
29966.0,1356,112
29966.2,389,2006
29966.8,584,1691
29969.0,696,2112
29969.1,530,1211
29969.2,1469,24
29969.7,74,1670
29970.9,1702,404
29972.5,799,500
29973.0,665,1357
29973.6,1001,666
29973.8,196,1328
29974.7,790,1867
29976.0,1245,962
29976.5,1110,234
29980.4,1253,2035
29987.1,714,1392
29988.8,812,1491
29988.9,436,356
29989.1,1350,651
29991.2,1308,2074
29992.7,743,1896
29993.4,725,1646
29993.5,337,1823
29993.9,76,974
29993.9,1469,2078
29993.9,1928,482
29996.2,1768,276
29998.2,1267,537
29998.5,901,1507
30002.4,1345,1208
30003.8,1492,741
30003.8,1444,1666
30004.6,1822,2031
30005.7,361,438
30007.2,1839,915
30007.2,1251,1357
30008.0,584,1811
30010.6,1331,426
30010.7,1593,2
30011.7,1460,1903
30014.8,159,446
30017.4,687,743
30017.6,840,825
30018.2,2136,1539
30018.3,2105,801
30018.7,1772,288
30018.8,2079,2114
30020.0,930,28
30021.4,2030,1150
30022.0,433,478
30023.8,1962,518
30024.6,1344,1613
30028.0,902,865
30028.9,1989,2126
30030.4,596,2102
30030.9,2097,1624
30031.8,429,1057
30033.7,1914,1621
30035.2,209,35
30036.5,1926,971
30037.4,1165,1217
30039.3,1280,1894
30040.8,1034,1268
30041.2,177,1850
30041.8,697,1745
30042.0,1406,1166
30043.3,1219,1851
30045.6,446,1601
30045.6,1061,1021
30046.1,2111,857
30049.3,2112,1349
30053.2,221,1892
30055.4,1757,1490
30056.2,1287,1845
30057.1,913,2035
30057.6,295,1549
30058.5,1267,893
30064.4,159,2002
30066.7,862,232
30073.7,400,1908
30074.5,1588,384
30077.2,791,1295
30078.5,10,2014
30079.4,892,1588
30080.5,608,781
30080.8,2052,1317
30081.2,967,774
30081.9,1392,532
30085.7,1364,177
30087.4,918,356
30089.2,566,1608
30089.7,649,1878
30090.0,1355,486
30090.4,1845,638
30090.8,219,771
30091.0,524,1006
30091.4,1995,306
30091.8,1350,136
30093.0,1462,1285
30093.5,1849,171
30096.6,609,150
30096.7,465,1926
30097.0,796,1712
30101.6,1087,1476
30102.7,1925,1604
30102.8,655,441
30103.8,1021,381
30107.8,604,1956
30109.2,58,1714
30109.7,1792,1659
30109.9,630,691
30112.4,970,108
30113.0,1212,1160
30113.7,1444,1017
30115.1,1051,1519
30115.7,1393,1363
30115.7,1670,869
30117.3,1755,27
30118.1,1995,1276
30121.4,886,950
30122.7,1999,1679
30125.1,785,252
30125.5,1683,144
30125.6,728,1000
30126.2,1544,582
30129.9,1737,71
30130.2,752,613
30130.3,1819,1534
30134.0,95,1640
30134.1,152,1768
30135.4,1893,97
30138.6,274,1395
30140.0,707,158
30140.1,855,1035
30140.6,135,1872
30141.3,1948,670
30144.4,1566,746
30146.0,793,973
30147.8,947,297
30149.5,645,1547
30151.4,600,460
30151.4,1381,918
30151.4,348,653
30151.7,1711,172
30154.2,515,595
30155.1,1897,1820
30156.8,744,1859
30158.7,1292,1171
30160.0,1327,2011
30161.6,1822,682
30164.4,595,254
30165.1,617,650
30166.6,2123,105
30170.6,685,1726
30175.3,217,1192
30175.7,1716,1497
30176.6,1327,562
30178.3,1108,2011
30178.9,1707,79
30180.2,1086,1802
30180.5,1052,1403
30180.7,1888,890
30181.5,1907,1026
30182.3,1068,57
30183.0,1116,1706
30183.5,1917,1876
30185.4,216,1777
30185.5,2105,2048
30186.7,627,1254
30186.9,2139,251
30188.9,558,2099
30190.9,600,1642
30192.3,291,1546
30192.7,1792,109
30192.7,802,2018
30192.8,2113,1737
30192.9,1585,1629
30193.8,43,824
30193.9,1644,1548
30194.4,1933,1506
30195.7,591,1909
30196.8,781,504
30199.4,1075,546
30200.5,1478,975
30205.6,1106,340
30207.9,73,347
30209.0,350,1071
30210.0,2139,1802
30210.0,485,1930
30210.0,2107,1639
30210.8,420,1503
30211.1,1964,1914
30212.4,224,1930
30214.6,238,1167
30214.9,1739,1527
30216.6,1553,1855
30218.1,1202,1688
30218.2,219,1341
30222.8,375,143
30226.1,2,209
30227.5,208,434
30228.4,1483,115
30230.0,48,1524
30230.1,1425,1183
30231.2,669,940
30232.7,719,134
30232.8,705,1927
30233.4,1938,1101
30234.7,1367,942
30237.2,1729,1316
30238.4,1848,1266
30238.7,684,1419
30239.0,1056,678
30239.0,341,1656
30239.4,1430,865
30240.2,161,1500
30240.3,768,976
30241.1,941,1819
30243.0,1619,1832
30243.6,471,1543
30245.5,19,1311
30246.0,362,1875
30246.5,190,1487
30247.4,1601,2114
30248.3,1126,1117
30249.4,142,2111
30249.5,1382,2061
30250.1,1160,184
30251.5,1819,1046
30251.9,109,1788
30252.2,1058,1531
30254.0,1299,595
30258.6,447,398
30261.6,370,232
30264.6,2122,1523
30266.6,290,1025
30267.3,1737,2095
30268.5,1316,910
30270.6,312,994
30271.2,1687,482
30272.1,858,214
30274.2,1859,813
30275.5,34,163
30278.3,605,1714
30278.7,1417,2028
30280.0,549,35
30280.5,1359,1214
30281.5,671,2117
30284.1,1983,417
30285.7,577,263
30288.1,1154,1927
30292.6,1046,1147
30293.4,1583,20
30293.8,1015,1866
30297.8,1973,1032
30299.3,738,330
30299.6,321,1876
30299.9,1376,194
30302.0,1409,590
30303.2,741,1735
30303.9,1752,2062
30304.9,1863,1888
30308.4,1354,1200
30308.8,2100,1056
30311.5,1207,283
30311.9,17,473
30315.0,557,872
30315.7,13,1344
30319.9,1781,745
30321.4,1363,262
30326.9,855,1028
30327.5,1020,2113
30328.7,454,627
30331.0,1172,1206
30331.8,992,1728
30333.4,1431,1667
30333.6,286,1475
30334.2,1646,557
30335.8,983,254
30340.0,1906,115
30341.4,1373,1033
30342.3,1294,950
30342.4,143,537
30344.0,1841,1226
30344.3,216,873
30346.6,721,2015
30346.7,1695,663
30347.1,1870,1442
30347.8,256,430
30348.0,313,858
30349.0,58,2013
30350.0,761,1999
30350.9,194,1618
30351.6,1306,1223
30352.1,2091,1357
30353.1,1542,948
30353.6,1335,1214
30353.7,117,676
30355.0,2139,720
30355.5,311,701
30358.6,2143,1561
30359.3,169,1294
30361.6,1116,1597
30362.7,1270,719
30363.7,640,1173
30364.4,147,1344
30364.6,993,324
30366.0,686,1885
30366.1,686,858
30367.9,68,851
30370.4,1563,2142
30371.1,1200,519
30373.1,1968,1594
30373.3,1384,762
30374.1,1895,1551
30379.1,996,612
30379.1,1978,1838
30380.1,1100,1792
30384.6,29,1665
30384.8,932,908
30385.2,1421,1508
30386.0,1401,1741
30386.3,528,1855
30387.1,149,229
30387.5,872,1391
30388.5,1924,894
30388.5,515,1893
30388.9,518,697
30389.9,1835,92
30390.3,668,1042
30390.4,624,1356
30390.9,1189,1681
30391.8,913,1842
30394.7,1876,158
30395.1,425,1702
30395.9,283,1473
30397.9,1725,1169
30398.5,1885,953
30399.5,1406,1556
30400.6,1216,1140
30401.5,1083,1766
30402.4,934,848
30402.7,730,288
30406.9,667,1160
30407.9,1352,1442
30408.9,1792,118
30408.9,1733,662
30409.2,1072,1281
30410.3,1142,653
30411.0,130,1999
30411.7,1323,845
30411.8,527,193
30412.1,1003,2095
30412.1,480,988
30413.7,2066,2043
30413.8,1539,588
30414.8,1014,1457
30415.5,218,1312
30418.3,310,156
30419.3,69,479
30419.9,894,846
30420.6,809,1335
30421.3,86,529
30422.6,1842,2011
30422.8,1887,290
30430.6,1560,1498
30431.8,1507,1895
30433.3,1211,1447
30437.4,1395,1405
30438.6,1519,1506
30438.6,1403,1327
30441.5,983,1584
30441.6,339,1814
30441.8,2105,1493
30444.4,1172,304
30445.5,1413,657
30446.9,536,1503
30447.1,252,1856
30450.0,2050,671
30451.8,304,1615
30453.2,394,274
30454.3,757,379
30454.8,1532,2012
30455.2,1211,1309
30455.4,837,165
30457.4,555,1939
30458.7,1073,1897
30458.9,2100,579
30459.4,232,772
30461.6,1484,991
30461.8,375,690
30463.5,1165,1170
30463.5,708,820
30471.8,1787,956
30472.3,90,1026
30472.4,362,158
30473.0,674,1448
30473.8,1298,250
30475.3,1156,1959
30476.5,1035,362
30476.7,969,630
30477.2,1665,33
30477.3,356,466
30477.6,1239,955
30478.0,2057,1502
30478.8,827,877
30479.9,1771,720
30482.7,1751,1703
30482.9,2021,979
30483.3,526,475
30485.1,617,106
30487.0,353,834
30487.9,916,161
30488.0,1250,140
30488.2,207,287
30489.3,1688,1237
30491.4,646,771
30491.6,441,147
30492.5,287,888
30492.7,1607,847
30492.9,620,956
30494.7,1633,2003
30494.7,1230,283
30497.8,348,46
30500.3,891,377
30501.5,2073,1962
30501.9,1315,123
30502.0,843,650
30502.1,1019,1115
30505.9,1079,1506
30506.6,2019,313
30507.0,2126,1944
30508.9,1412,237
30511.1,2031,1858
30511.6,628,1466
30513.1,1881,622
30513.5,1545,855
30513.6,106,802
30515.0,2063,314
30515.1,224,1292
30517.0,1800,126
30520.9,1552,842
30520.9,1634,1890
30521.0,1414,1150
30521.6,1625,1626
30523.1,1005,560
30528.5,1015,893
30530.0,242,119
30530.9,1303,2141
30533.0,108,2029
30535.5,269,1123
30536.9,1723,810
30537.3,885,1221
30537.6,125,1663
30538.1,2010,1200
30538.5,789,700
30538.9,1372,21
30541.2,2018,763
30541.4,1331,579
30542.8,1383,1123
30543.4,461,866
30544.6,468,1723
30546.5,879,1273
30547.4,676,963
30548.1,844,2003
30548.4,788,595
30552.3,69,133
30552.6,964,1684
30553.0,1491,2125
30553.5,1724,1120
30554.4,1964,1088
30554.5,945,2011
30556.4,533,158
30557.0,432,1873
30557.5,690,1811
30558.3,152,499
30558.7,2102,1236
30558.7,423,454
30560.5,1103,1036
30562.5,1514,1799
30562.7,461,1276
30564.3,1553,280
30564.4,1561,484
30564.5,1583,127
30567.0,1536,311
30567.1,681,1637
30568.9,90,1363
30569.4,1104,1552
30573.9,1057,718
30575.6,2051,1010
30576.2,1046,948
30577.1,366,1093
30579.1,812,1188
30581.8,1116,1289
30582.2,1384,1450
30583.6,1736,117
30583.6,28,353
30583.7,1694,563
30583.9,613,903
30588.3,1541,1931
30591.3,514,405
30592.6,1822,850
30593.2,949,1505
30594.6,226,1330
30596.9,1847,87
30601.8,793,1059
30601.8,348,1664
30603.3,1477,135
30604.3,285,774
30605.0,1063,78
30605.3,1031,1114
30605.6,1940,1898
30605.6,1720,707
30607.7,1354,1373
30610.3,508,1248
30612.4,1455,1044
30612.9,1585,1752
30613.9,1202,566
30616.2,1949,1448
30618.6,534,1944
30619.1,2050,31
30623.4,459,1699
30627.7,273,1830
30628.0,1253,1888
30629.1,1165,1306
30630.2,959,1282
30631.6,1676,871
30632.6,664,1730
30633.0,2106,1992
30634.6,189,217
30634.7,52,1905
30635.8,423,513
30637.2,1162,1383
30637.9,306,980
30638.0,1108,1235
30639.0,368,1181
30639.3,1004,1283
30640.9,613,827
30642.1,1979,692
30643.6,1932,1471
30646.0,2014,510
30647.4,197,567
30648.1,1334,1549
30648.5,1869,1934
30648.6,339,1399
30649.5,532,265
30651.8,1919,153
30653.2,2137,1137
30653.3,8,1997
30654.9,494,475
30660.6,488,311
30661.0,1643,1055
30661.4,334,422
30670.7,2067,987
30670.8,1873,1487
30672.8,706,1236
30675.4,2004,871
30679.4,2114,1378
30683.9,756,987
30684.7,1977,1197
30685.8,2029,1877
30685.8,1920,495
30687.0,1395,992
30687.3,388,642
30687.4,126,669
30689.1,1663,1978
30690.2,247,1675
30691.6,1687,79
30691.8,1762,1476
30694.8,832,880
30697.1,1478,1881
30697.1,1259,1648
30698.9,547,444
30700.8,4,56
30701.0,1934,39
30703.3,86,1830
30703.4,1007,1996
30704.3,248,2097
30706.0,1707,1780
30707.8,920,672
30707.8,143,2108
30708.2,2066,1111
30709.3,1782,2014
30710.9,1803,1676
30714.3,720,1678
30714.9,1944,1173
30716.3,1101,1393
30716.9,1808,545
30717.6,1618,1476
30719.1,367,2088
30719.3,421,1829
30727.1,1111,2041
30727.9,1433,14
30730.3,165,793
30730.8,542,610
30730.9,1791,735
30731.5,924,238
30731.8,1593,1047
30732.4,1520,1815
30732.7,41,135
30741.5,1890,1056
30743.4,160,1560
30743.7,354,1772
30744.6,600,608
30745.0,1637,1960
30745.6,512,1403
30747.2,819,1975
30749.0,101,253
30750.6,1467,859
30751.2,1671,855
30751.5,2017,1779
30751.8,1056,530
30752.0,1453,1639
30752.2,2128,945
30753.0,897,2036
30754.4,762,1380
30756.2,851,417
30756.2,939,1931
30758.4,217,28
30759.4,1278,583
30760.8,1028,139
30761.0,1825,45
30761.4,782,955
30764.2,805,507
30765.4,2107,862
30766.4,1503,1632
30767.7,337,523
30768.2,1994,51
30768.6,897,1801
30768.8,2145,1522
30770.5,465,1955
30774.3,1579,67
30777.1,1581,1211
30777.7,1460,1258
30778.1,590,392
30778.7,911,1898
30779.9,644,1782
30780.4,1323,844
30781.9,1844,811
30783.3,1755,2139
30784.2,836,1077
30785.8,543,874
30787.1,155,905
30788.3,1919,2121
30790.8,865,328
30792.3,93,974
30792.5,2088,1532
30794.3,1722,1414
30796.3,330,122
30796.5,47,1622
30797.2,1658,150
30797.8,1874,914
30803.7,2024,1710
30804.5,1219,1755
30804.9,1467,364
30807.6,3,946
30808.6,758,1271
30808.8,1923,1561
30809.0,422,1332
30809.6,1640,991
30812.6,1809,1208
30812.9,1698,933
30814.0,1053,1379
30817.1,1183,29
30817.4,1424,1312
30819.4,1171,1698
30819.9,1507,812
30820.0,238,2103
30820.9,128,219
30821.1,372,64
30822.5,1915,835
30823.1,1540,907
30824.5,687,1437
30826.2,1889,839
30827.8,761,696
30831.5,837,1167
30834.6,1851,1097
30835.7,267,1745
30837.1,20,393
30838.2,136,42
30838.6,2127,1764
30839.3,93,1811
30839.6,631,1693
30840.0,1832,809
30841.4,2105,1463
30842.6,1144,374
30843.4,1764,238
30845.4,95,810
30846.2,1699,1198
30849.4,1498,440
30849.4,1433,2010
30851.5,1113,1714
30852.2,1229,1044
30855.3,874,957
30856.3,233,1333
30856.5,122,1358
30857.1,1412,359
30858.1,1812,1240
30859.8,1812,370
30860.9,2058,968
30865.7,1120,1005
30867.8,1453,177
30869.0,1651,2081
30869.5,877,2061
30869.5,646,1324
30869.6,981,184
30870.5,1597,1148
30871.1,677,1086
30874.5,1221,951
30875.0,1661,1351
30875.3,459,764
30877.4,1456,1592
30877.5,963,2066
30878.2,20,2134
30879.2,858,1352
30881.8,1718,1190
30882.4,2,1227
30883.5,240,868
30884.3,1063,1807
30884.7,1762,501
30886.1,335,1745
30886.2,726,474
30888.3,181,973
30889.9,1659,1282
30894.8,1674,2059
30896.4,287,181
30896.4,1239,502
30896.9,907,880
30897.2,536,1703
30898.8,1642,5
30898.9,915,2111
30899.4,1,106
30899.6,1387,1973
30899.9,2124,47
30900.0,127,280
30900.3,1205,1449
30902.7,387,379
30905.8,224,1576
30907.5,371,1209
30908.7,474,776
30911.8,1530,148
30914.4,1376,494
30915.5,911,1686
30916.5,333,2054
30917.2,2017,314
30918.0,46,1274
30919.2,604,835
30920.7,1497,70
30921.6,415,1730
30921.7,901,850
30923.8,304,797
30924.2,1445,668
30928.3,172,1086
30928.4,213,873
30929.2,299,1929
30930.1,2138,1428
30930.7,1838,1044
30931.7,1591,1636
30931.8,742,1697
30933.8,537,134
30935.1,243,1590
30936.2,1517,300
30936.9,2008,382
30937.2,482,1767
30937.2,259,335
30940.1,539,942
30942.7,907,801
30942.8,1329,1462
30943.9,2080,2028
30945.0,555,243
30945.7,617,905
30945.9,1165,1396
30947.0,2068,431
30949.4,1584,441
30950.4,1657,198
30954.7,1471,126
30955.3,364,266
30955.5,200,889
30957.4,24,2125
30957.6,1122,422
30961.2,54,1036
30961.5,1667,174
30964.2,308,2046
30967.2,1051,156
30969.2,967,1118
30969.9,1333,1079
30970.3,1443,122
30972.5,47,1361
30974.7,2054,142
30975.4,539,1870
30975.8,1631,1770
30976.9,902,1426
30978.0,166,1995
30978.4,1123,320
30978.8,65,1189
30980.0,1860,1814
30983.0,733,1295
30985.4,1178,1860
30986.1,1599,350
30988.7,1414,799
30988.8,1600,1170
30989.6,1641,505
30990.4,1202,1537
30993.2,1311,58
30993.4,1586,530
30994.6,1826,1589
30994.7,1598,1584
30994.9,1634,1783
30994.9,776,1263
30996.0,522,1106
30998.1,1638,1691
30999.0,188,511
30999.6,1550,644
31001.9,2011,1209
31001.9,257,1490
31004.1,2036,541
31004.4,604,1320
31004.6,734,831
31005.1,1399,1598
31007.4,2,2134
31007.9,2140,1265
31009.0,256,1853
31009.3,1482,231
31009.8,615,33
31011.0,932,1353
31011.3,359,771
31012.9,2109,1114
31013.5,1694,68
31014.0,941,1180
31015.4,992,612
31015.5,506,27
31016.7,601,1109
31019.8,926,446
31021.8,1135,307
31022.2,126,1988
31023.1,1086,806
31024.6,1907,1973
31025.7,619,1244
31025.8,608,395
31029.1,1749,603
31029.4,888,2015
31030.6,2117,330
31031.5,63,174
31033.6,1568,616
31036.1,666,1672
31036.6,1897,2127
31038.5,1782,889
31039.9,1481,2064
31040.7,1156,1420
31043.2,1708,873
31045.1,1230,2057
31046.0,588,800
31047.8,2023,610
31048.2,1210,760
31048.4,1318,829
31048.9,276,1908
31053.3,764,103
31053.8,1022,1031
31054.3,943,764
31055.2,1932,650
31055.3,1073,1807
31055.9,1782,1555
31059.0,181,526
31060.0,2028,1225
31060.5,2050,1829
31060.6,529,227
31061.8,1283,850
31061.9,881,1597
31062.9,776,420
31063.5,558,1622
31063.7,141,1969
31066.0,336,1052
31068.0,1078,900
31068.0,498,62
31070.0,334,1136
31073.2,1456,583
31074.4,1564,1252
31074.9,1889,1277
31075.3,838,874
31075.4,1961,396
31077.5,1484,928
31077.8,995,1133
31079.8,1846,674
31081.0,1914,116
31081.1,187,843
31083.1,1239,926
31083.5,2032,1492
31085.2,1457,1693
31086.5,2144,2074
31086.6,1950,2096
31087.2,535,473
31087.8,628,2044
31089.0,890,1869
31089.7,899,2109
31089.9,1181,184
31093.7,862,878
31093.9,685,762
31094.2,1316,1081
31095.2,1798,56
31095.7,846,481
31100.6,894,1623
31101.7,1268,1883
31102.5,2033,1047
31102.5,73,905
31103.1,1683,1446
31103.8,15,1840
31104.4,570,663
31106.8,633,492
31109.3,741,520
31109.5,870,2062
31110.2,675,1969
31111.2,1071,1803
31111.4,1070,882
31112.5,809,45
31115.5,1475,1764
31116.6,150,1647
31117.2,1626,132
31120.0,1443,948
31120.1,828,1033
31121.4,1083,842
31129.6,2134,1135
31130.7,375,460
31135.0,1266,1773
31135.5,630,1070
31135.8,119,1592
31137.5,1915,361
31138.3,77,1257
31139.4,923,1541
31139.7,388,340
31141.2,1384,1432
31144.5,1524,1056
31144.7,1010,2046
31145.8,808,427
31146.1,1679,792
31149.1,1613,1378
31150.2,726,2002
31150.8,1751,2128
31151.7,1999,1499
31152.7,1478,1741
31152.8,1264,365
31153.7,298,1417
31154.0,96,1219
31154.2,2012,533
31154.5,53,2007
31156.9,470,1488
31159.4,135,384
31159.5,917,435
31160.0,0,1260
31160.4,814,1690
31164.9,2045,640
31166.7,1071,52
31166.8,1612,398
31168.9,1574,1024
31171.1,75,1277
31173.4,366,1403
31178.4,1971,918
31179.3,109,1562
31180.1,1560,1891
31181.5,1585,1851
31181.7,149,1615
31181.9,742,793
31182.7,1770,1251
31183.0,710,234
31183.6,1584,1797
31188.5,1093,1487
31189.8,1920,424
31191.1,1491,1482
31194.2,1818,800
31194.5,2002,1912
31194.5,473,1374
31194.9,392,1910
31196.4,842,749
31198.0,1694,18
31200.1,1736,2080
31200.7,2082,1720
31202.4,143,2145
31203.0,1942,821
31206.6,2051,1550
31212.0,1961,1201
31214.2,796,1682
31214.6,2032,209
31214.8,822,615
31215.7,2018,1737
31218.4,1436,1612
31220.5,1080,1371
31221.4,1586,1577
31222.6,1085,1812
31224.3,1428,1448
31226.7,977,1126
31229.1,1035,1309
31230.4,531,1037
31230.4,1493,988
31231.2,694,22
31232.2,1117,1631
31232.7,929,1059
31233.2,110,970
31233.9,1431,1145
31234.9,133,1974
31235.9,1534,940
31236.8,813,1523
31240.1,772,764
31241.7,495,1014
31242.4,1555,1240
31247.1,175,1133
31249.2,119,1944
31249.5,856,226
31253.8,1125,357
31254.3,1582,894
31254.6,1054,120
31255.1,187,578
31255.7,2115,943
31258.3,1851,1768
31258.6,1193,1616
31259.4,1749,1091
31260.9,1614,1768
31262.6,1014,894
31265.0,559,1989
31265.2,1943,1083
31265.4,600,219
31267.0,1161,285
31267.0,363,86
31267.3,2003,1786
31267.3,451,1343
31267.5,1224,2120
31267.9,1890,1948
31268.9,1922,828
31269.8,966,88
31270.5,1079,1030
31270.8,1316,1831
31273.3,1520,1104
31274.9,1937,861
31277.3,93,1408
31278.7,751,1678
31278.7,1914,118
31280.4,1926,1368
31281.1,1926,247
31281.9,490,655
31283.1,979,1634
31286.3,894,449
31286.5,2015,1891
31286.8,2133,1218
31290.9,419,848
31293.9,1017,2040
31294.6,2050,1826
31294.6,2068,47
31295.4,270,183
31296.7,1656,1488
31296.8,122,1750
31297.2,2031,146
31301.5,839,1234
31302.2,1101,2098
31306.6,43,933
31307.0,1438,1894
31307.3,1345,1166
31308.7,29,1192
31311.4,529,1962
31311.6,236,40
31311.9,1850,2072
31312.3,1597,1049
31312.6,338,1753
31313.5,2126,1333
31315.2,2058,1093
31318.9,1094,170
31319.9,1292,883
31320.0,762,137
31320.7,1522,1784
31320.8,1401,632
31321.4,221,508
31323.2,651,846
31325.4,154,533
31326.6,1647,1560
31326.9,87,676
31329.9,1467,1636
31330.5,13,1002
31330.5,480,1446
31330.9,246,737
31332.3,853,669
31332.4,597,1463
31332.7,1336,17
31332.7,524,821
31332.8,573,159
31334.6,1574,2118
31334.8,227,1232
31335.7,509,133
31336.8,229,1419
31337.2,1179,1836
31337.5,2114,1470
31338.3,1988,1831
31341.0,615,1109
31343.2,1349,1341
31343.6,429,1534
31346.0,642,1990
31346.2,769,2110
31348.8,1788,1124
31351.2,1454,403
31352.1,756,1484
31352.7,1912,1715
31354.5,324,1378
31357.5,168,998
31357.6,2102,507
31358.7,1344,1242
31359.0,2055,1857
31359.7,1386,61
31361.8,1204,2099
31362.9,471,1332
31364.6,2090,557
31365.9,1180,1667
31367.5,168,972
31370.6,109,1817
31374.0,1691,1479
31374.5,1443,861
31375.1,1362,2082
31376.0,253,2079
31377.8,549,624
31378.5,1350,1228
31379.3,1851,2034
31382.7,1112,1524
31383.8,736,1515
31384.2,481,516
31384.5,1832,607
31386.9,1017,1976
31388.1,157,69
31388.9,1167,1355
31391.7,1164,1271
31392.8,1704,1891
31395.6,432,1787
31396.3,808,1396
31398.3,2001,480
31398.5,1491,905
31399.0,122,691
31400.9,1765,1829
31401.3,85,1538
31401.8,634,626
31402.6,1977,1627
31403.2,257,1159
31405.3,463,827
31405.7,2033,202
31405.8,1158,1493
31406.3,985,1186
31406.9,1377,1489
31410.1,767,503
31410.8,879,833
31411.4,1981,1698
31412.1,221,1458
31413.9,1235,375
31413.9,1709,208
31414.3,325,1940
31414.5,1350,1931
31415.5,649,382
31416.7,1871,948
31417.0,1571,189
31418.9,993,280
31420.3,1721,147
31421.3,2120,2073
31422.3,100,360
31422.3,1522,806
31423.4,380,442
31424.0,838,709
31424.1,1662,1167
31424.1,777,972
31425.7,1775,995
31426.6,174,757
31429.6,967,1833
31430.5,257,865
31431.5,1160,1842
31432.4,1688,1854
31433.1,1017,1118
31435.8,553,32
31436.8,1224,2099
31438.3,760,1204
31438.5,1657,1781
31439.0,1139,609
31440.6,1691,1257
31441.0,122,1055
31441.8,795,681
31443.6,1778,1664
31444.0,1340,2122
31444.1,1943,1817
31446.3,1238,1116
31447.5,691,1274
31448.1,1826,361
31448.5,1053,1572
31450.7,889,1371
31451.0,1339,1352
31453.1,1652,1273
31454.5,802,1143
31454.5,625,1551
31456.4,45,1536
31456.8,1591,1599
31457.5,2127,261
31461.5,498,745
31463.8,597,995
31465.2,558,1090
31465.8,2009,562
31466.1,214,927
31466.9,943,1990
31468.4,1105,218
31473.4,263,834
31474.4,2014,1232
31475.9,2133,1338
31476.8,1001,210
31480.1,1350,1342
31481.2,1333,1840
31482.6,1523,1885
31483.4,8,221
31486.2,1381,274
31488.6,539,1620
31489.8,1961,1738
31490.2,1046,1081
31490.5,1696,918
31490.8,149,1505
31491.4,1045,1779
31492.0,1029,1037
31492.2,251,1195
31492.4,2089,1766
31493.2,1867,408
31495.7,562,207
31496.1,339,379
31497.1,1423,88
31499.2,1674,1532
31500.4,964,916
31500.9,1308,203
31501.9,1077,768
31505.0,761,2050
31507.5,1948,1733
31508.2,838,762
31510.6,195,1143
31510.8,837,392
31510.8,166,2070
31512.0,317,2011
31512.0,1489,618
31512.2,333,1094
31512.8,1210,1664
31513.3,85,1367
31515.7,1937,77
31517.2,1439,1758
31517.3,463,1187
31517.7,2063,793
31517.7,25,1982
31518.5,1500,505
31518.8,1753,314
31518.9,627,573
31519.0,1866,1177
31519.5,823,1883
31519.7,1830,979
31524.0,634,179
31524.4,338,517
31525.1,1019,356
31525.4,1740,1684
31525.9,177,718
31526.2,1645,354
31529.2,1457,1391
31530.1,1714,596
31530.4,1334,1358
31531.0,1724,1871
31534.5,221,991
31535.2,1937,235
31535.4,1286,461
31535.4,1459,1788
31536.4,170,1745
31537.5,1307,1893
31541.4,290,728
31541.5,2140,374
31543.9,1858,829
31546.0,986,1494
31548.0,768,940
31549.8,947,68
31551.1,1517,1116
31552.0,1309,335
31554.6,1714,1355
31555.4,229,1811
31556.5,771,595
31559.0,930,131
31559.2,723,1621
31560.7,1688,1369
31561.9,1355,452
31563.0,584,141
31563.4,265,1322
31565.0,2066,134
31566.9,403,204
31568.1,779,1165
31568.7,1495,1015
31569.0,1706,831
31570.8,26,1293
31571.7,1508,1239
31571.9,216,11
31573.0,1154,489
31573.7,1079,955
31574.4,1838,135
31575.7,600,392
31577.7,43,1104
31578.4,455,753
31578.9,694,917
31581.4,1927,379
31582.2,1532,1559
31583.1,1859,1550
31584.3,1535,150
31584.9,386,2021
31588.7,969,978
31588.7,283,234
31590.2,1487,343
31592.0,774,1013
31593.6,301,1999
31594.8,1539,1177
31596.1,114,2126
31597.2,1055,1228
31597.3,1435,1212
31600.6,1453,611
31605.5,1368,829
31608.8,1509,1913
31608.9,2037,1565
31611.4,27,1068
31612.0,50,1920
31613.0,1312,1742
31613.2,746,1843
31613.3,655,1682
31613.4,527,1568
31615.3,265,496
31616.4,2099,81
31618.1,108,902
31618.8,13,278
31619.9,14,275
31621.2,200,804
31627.8,2046,1663
31629.2,98,1411
31632.6,2145,1891
31633.3,2010,2030
31635.3,346,1136
31636.7,1901,549
31638.2,2074,530
31640.9,411,430
31641.9,1748,1643
31642.4,115,2010
31643.1,1302,1482
31643.7,459,685
31643.9,1450,492
31648.4,1508,1643
31648.8,1882,1156
31650.4,715,1440
31650.5,2031,1461
31650.6,1912,1088
31653.3,1704,1936
31653.5,494,535
31655.2,2007,2034
31655.6,1840,1155
31656.4,977,1531
31658.9,1364,1257
31659.3,963,1527
31659.9,1923,508
31660.1,592,147
31662.4,819,252
31663.9,1041,1744
31665.2,504,609
31665.8,2010,458
31666.9,1721,774
31667.2,978,153
31667.5,312,1004
31669.4,1959,887
31669.4,1611,543
31670.3,1955,1531
31670.6,1349,1357
31670.9,703,218
31671.1,1133,2010
31671.4,2065,507
31671.6,645,1651
31672.7,806,1189
31674.5,500,1851
31674.8,676,522
31675.0,905,338
31675.7,1884,2091
31676.4,33,1000
31677.5,1134,1799
31678.1,227,1295
31678.6,1975,2027
31680.2,323,1878
31680.6,303,514
31682.0,867,1236
31683.3,845,1432
31683.7,313,281
31685.1,2027,1440
31685.2,576,1881
31685.4,1112,2111
31685.5,770,1558
31686.6,1528,1846
31687.9,1710,763
31690.6,1050,807
31690.9,411,1666
31691.8,1886,19
31693.9,1291,1329
31693.9,1115,933
31695.8,1116,1089
31697.8,247,276
31697.8,597,1993
31699.7,1941,1066
31701.0,1428,1140
31703.3,615,469
31706.5,5,437
31708.9,290,2068
31709.9,1702,465
31710.2,637,1005
31710.8,1314,860
31711.7,2059,317
31711.9,1330,2045
31711.9,772,1227
31712.7,1620,217
31714.0,1687,1172
31716.3,660,1574
31716.6,1369,1324
31717.0,666,13
31720.0,505,944
31720.6,1026,1594
31721.8,694,590
31723.2,1165,16
31724.0,341,1821
31724.4,1208,938
31724.8,1568,254
31727.9,1394,1061
31728.7,203,207
31729.4,1023,315
31729.5,1464,443
31730.1,1381,546
31730.2,349,726
31730.2,698,677
31730.6,437,1997
31731.2,275,1568
31732.1,1382,1786
31732.4,351,1375
31732.8,785,894
31734.2,1780,1605
31734.8,50,575
31735.7,275,1346
31738.7,1308,477
31739.4,405,1528
31741.1,698,243
31742.6,727,1245
31743.7,697,350
31745.8,475,420
31747.2,655,1107
31748.1,1188,451
31748.5,344,886
31750.6,1482,1625
31753.5,776,495
31753.9,689,1688
31754.4,23,494
31756.7,125,442
31757.4,175,623
31757.5,2072,1239
31759.0,1785,2061
31759.9,2132,1601
31760.6,1217,303
31762.0,601,1897
31762.3,510,1012
31763.7,1872,1339
31767.4,416,1705
31767.9,1118,506
31774.9,1283,783
31776.9,465,104
31779.7,402,781
31779.8,1288,562
31780.1,1471,1649
31782.3,699,965
31782.8,1026,50
31784.4,604,1031
31785.0,1609,1952
31787.3,994,647
31787.3,571,1282
31787.7,1036,650
31788.0,1736,1806
31790.0,1835,1941
31790.6,1273,551
31791.9,810,2021
31793.1,1747,1618
31796.2,1238,212
31800.7,2044,1993
31803.2,307,162
31803.9,1384,731
31805.9,212,83
31806.2,895,146
31808.9,1517,299
31809.0,2019,592
31809.4,1892,563
31809.9,748,1770
31810.5,265,1789
31812.2,849,728
31813.0,1779,958
31814.1,1306,758
31814.4,423,693
31816.4,2094,781
31819.4,785,681
31821.3,1881,1746
31822.2,1958,162
31822.6,951,1442
31825.6,1870,946
31825.7,1504,963
31825.8,330,1746
31827.2,766,331
31828.5,1305,1021
31829.0,1915,233
31829.6,1922,13
31830.4,1535,25
31832.0,1218,1157
31833.4,1636,810
31835.3,1868,1547
31836.2,1698,513
31838.0,973,47
31840.1,1468,298
31841.3,1053,1144
31843.0,1138,701
31843.3,1518,1363
31843.8,803,773
31845.3,1341,275
31845.9,394,1693
31846.2,1451,449
31849.4,407,106
31850.5,2039,1264
31851.0,943,1756
31851.4,1456,40
31855.0,1372,124
31855.3,2012,972
31856.2,583,576
31856.5,550,1719
31859.1,1994,2057
31861.0,1909,161
31867.3,813,706
31867.6,458,573
31868.5,1807,258
31871.2,942,1447
31874.9,1258,1815
31876.6,1311,569
31880.5,491,289
31883.4,1807,1299
31887.1,1733,1000
31888.9,2039,890
31889.0,1252,843
31889.4,430,66
31896.4,2063,1649
31896.6,986,220
31898.8,1369,1062
31900.2,107,109
31900.5,391,2086
31902.6,997,1710
31903.0,1524,379
31904.4,182,528
31904.5,626,1247
31904.6,1035,97
31905.6,1833,186
31905.8,1072,1731
31905.9,1927,1825
31907.2,784,752
31909.0,1153,1958
31911.5,44,858
31912.8,84,1147
31913.1,1275,2029
31913.5,839,1256
31913.9,427,177
31914.6,271,184
31916.7,1205,1618
31916.7,49,1197
31916.8,499,960
31917.3,1367,1864
31918.4,545,193
31920.0,601,523
31921.4,1463,1733
31923.2,1901,534
31924.6,2003,1547
31926.5,314,2141
31928.6,2034,1859
31929.4,1950,1793
31932.6,260,891
31933.5,1903,313
31933.6,872,344
31934.6,914,1869
31935.9,658,170
31936.3,1951,920
31936.3,1479,478
31937.5,1306,1399
31939.2,1678,2088
31941.2,346,1868
31943.5,914,1149
31943.6,125,2042
31947.7,1649,1276
31949.4,164,1015
31950.6,438,1424
31953.2,1306,2088
31953.7,789,434
31955.6,1332,976
31956.9,574,135
31957.5,1142,1252
31958.7,964,748
31959.4,1295,1030
31959.5,1681,933
31960.4,1722,1868
31960.4,223,1917
31964.6,305,1454
31964.8,1143,761
31964.9,1418,1470
31966.4,1426,1378
31968.1,1309,1093
31968.5,147,1843
31970.3,2114,1692
31971.1,2061,674
31972.4,554,433
31974.2,128,158
31975.0,572,37
31978.3,88,1271
31979.1,278,511
31981.0,1208,1648
31981.2,1816,1503
31982.6,63,1144
31982.7,94,1272
31983.7,1674,1980
31983.8,1713,1053
31987.6,610,1775
31987.8,1197,1231
31990.0,2038,242
31991.5,1697,1925
31991.6,64,481
31992.5,1909,56
31992.8,643,1336
31993.6,192,1168
31994.9,918,119
31995.7,551,1261
31998.0,1733,1977
31999.4,1050,245
32001.1,233,1068
32003.2,932,2102
32008.3,1900,1811
32009.5,2048,584
32009.9,658,1161
32010.7,1157,496
32010.8,784,242
32010.9,1744,1181
32011.3,1013,342
32013.4,1463,1552
32015.5,396,2089
32017.5,680,1899
32018.1,330,1944
32018.1,1006,1110
32018.5,1885,1109
32018.8,633,1450
32021.5,1921,1212
32021.6,1354,860
32022.2,1291,374
32024.8,634,841
32025.0,1378,1056
32025.1,272,465
32026.2,110,563
32026.3,47,2002
32026.4,1646,835
32026.5,135,1476
32029.1,723,308
32033.9,1266,1084
32034.1,1736,1792
32035.4,1000,1497
32037.5,1087,557
32038.0,1738,491
32038.2,1676,445
32042.4,1280,1274
32042.8,580,1692
32044.7,349,1127
32047.1,1349,1288
32047.4,1297,631
32048.1,521,1510
32048.2,436,1104
32050.6,1273,128
32050.8,784,547
32051.1,1517,942
32053.3,2093,229
32054.8,1365,702
32055.7,123,1376
32055.7,2030,1294
32055.8,2036,2082
32055.9,1847,867
32056.4,1207,538
32057.0,1148,1938
32057.9,1976,1036
32058.3,1120,1599
32058.7,1004,138
32059.1,1156,216
32059.2,35,1583
32060.2,2093,555
32060.9,1779,515
32064.9,1873,1491
32067.0,851,2035
32067.8,933,1440
32070.7,1188,1555
32070.8,412,572
32070.9,1041,99
32071.7,1476,1037
32073.8,1450,811
32075.0,178,379
32076.7,247,911
32076.9,1035,1919
32077.0,587,1626
32080.8,1476,426
32082.4,1215,824
32082.5,1614,232
32082.8,1522,240
32084.1,946,1217
32084.5,2082,1059
32088.2,633,1883
32089.3,1464,636
32090.7,994,1750
32090.8,2045,1083
32091.9,1075,1376
32095.2,1254,1451
32096.7,1450,1869
32098.4,475,709
32099.2,790,447
32100.0,1179,588
32100.7,436,936
32100.9,594,1146
32103.9,661,873
32105.0,854,1614
32107.5,529,1948
32108.1,1890,1673
32111.3,1108,124
32113.1,1133,165
32113.5,1595,1377
32114.9,406,330
32115.1,1547,947
32116.0,502,65
32116.5,556,537
32117.5,663,155
32118.3,1195,1386
32119.4,695,552
32120.2,1720,2008
32121.0,1117,747
32121.3,860,1303
32122.8,888,938
32125.0,1871,792
32126.6,545,1804
32127.5,884,1713
32129.4,766,326
32131.6,1411,490
32131.6,565,1553
32131.6,1806,676
32131.7,793,1029
32135.6,2137,1578
32139.6,1567,1406
32139.9,2034,279
32140.4,1460,1951
32140.8,107,1458
32141.0,796,268
32142.1,909,124
32143.4,1480,211
32144.3,858,954
32145.1,932,431
32150.1,1951,789
32152.9,1127,350
32154.6,2118,1392
32154.7,654,1859
32156.1,1528,109
32157.0,1687,75
32157.0,240,1933
32157.2,112,1956
32157.3,641,496
32158.3,1143,1422
32158.5,1324,1693
32160.4,538,960
32160.7,1342,2113
32162.3,1436,470
32163.1,1824,121
32163.3,805,56
32165.5,232,1777
32168.0,1159,274
32168.8,48,693
32172.7,1145,498
32176.4,98,192
32177.1,1733,2021
32178.5,2112,1984
32179.0,1384,20
32180.1,397,1243
32180.6,1215,1792
32180.8,1016,1600
32181.5,1193,1611
32181.7,729,2054
32182.4,1389,427
32183.4,511,1179
32185.2,550,161
32185.7,925,1107
32187.5,1326,188
32188.9,1061,1643
32189.1,1994,1581
32189.5,792,1211
32190.7,824,1173
32190.8,1546,1839
32191.2,137,1808
32192.2,1718,2092
32193.9,1474,1288
32194.6,308,352
32194.7,1788,1874
32196.0,1756,1186
32199.8,2064,1833
32201.0,1843,1298
32201.3,1936,214
32201.4,655,1141
32202.5,448,1766
32204.2,1459,2136
32212.2,1059,1011
32217.7,1796,59
32218.1,11,1199
32218.1,822,1593
32218.7,2084,1831
32219.2,730,1769
32222.1,571,205
32224.4,903,651
32225.2,853,1402
32227.1,482,577
32227.7,1981,756
32233.3,632,1020
32233.4,1398,1875
32234.7,1429,471
32235.3,581,1249
32235.5,1590,1559
32235.6,3,1366
32238.7,871,1668
32240.0,189,841
32240.1,1100,299
32242.2,1007,1661
32242.8,774,512
32243.9,1323,1776
32245.5,1093,1817
32248.1,1807,113
32249.8,178,1745
32249.8,2042,1115
32253.3,406,1138
32255.3,1013,1823
32255.3,208,1137
32257.0,324,1999
32263.0,1162,806
32263.7,1792,337
32265.0,1562,976
32265.9,1877,1788
32266.2,324,1465
32269.0,2006,1233
32271.2,1331,1044
32275.7,2054,1790
32276.4,2144,611
32276.9,2045,1259
32277.0,697,2003
32277.8,957,260
32278.2,2060,2050
32279.0,1713,848
32280.6,704,336
32281.8,558,839
32283.4,652,502
32283.9,97,58
32284.7,503,866
32287.1,567,27
32287.6,1118,2094
32288.0,1438,1719
32288.7,1978,291
32289.3,1089,452
32291.0,1903,1555
32291.6,1215,1292
32292.3,944,346
32295.1,1646,1270
32295.6,1641,2013
32298.8,1843,1636
32302.2,1940,1773
32302.8,1030,1968
32307.4,191,1445
32307.5,2048,1400
32309.9,572,1784
32310.4,1313,757
32310.5,1489,254
32310.9,2127,2027
32311.9,2053,1997
32318.8,1917,1476
32319.3,1129,580
32319.5,1765,315
32321.0,1481,166
32321.7,697,1914
32323.6,950,1768
32325.5,1128,142
32325.6,1961,572
32326.1,1768,828
32327.2,1006,664
32329.2,359,1052
32329.6,794,364
32330.6,777,979
32330.9,81,323
32331.0,458,2082
32331.4,87,1640
32332.0,2055,1324
32332.5,2040,1309
32333.1,1185,1456
32333.3,1608,427
32333.8,1132,789
32334.5,1873,1036
32335.0,2143,864
32335.5,1855,818
32336.8,1868,364
32338.2,1344,1429
32342.6,1737,1769
32347.1,1013,832
32349.2,1455,1791
32350.6,279,1900
32351.9,576,1339
32355.6,1585,188
32357.1,454,1770
32357.2,1739,1255
32358.5,1724,688
32359.6,1611,1163
32359.8,1482,478
32360.6,1874,783
32361.4,199,370
32363.5,16,537
32364.8,2025,315
32366.0,238,1281
32368.4,521,36
32368.7,1860,650
32368.8,526,508
32370.7,1496,308
32371.8,1122,1441
32373.4,1567,702
32375.6,1108,1708
32377.1,616,146
32377.2,1378,1740
32377.9,965,868
32383.2,1445,149
32384.2,1179,772
32385.8,1569,525
32386.3,374,1132
32386.3,219,2025
32386.8,1162,268
32388.2,653,251
32388.4,1159,1218
32388.7,1419,201
32389.5,1511,59
32391.3,869,1010
32394.9,2111,221
32397.3,1907,100
32397.5,1105,16
32398.0,828,352
32398.0,49,1917
32398.8,712,965
32400.2,989,529
32402.0,2002,1944
32403.3,903,2005
32404.0,1405,1053
32404.7,265,1792
32404.9,1462,1948
32408.6,1382,1312
32409.1,437,1180
32409.9,398,736
32412.9,1664,1753
32413.0,1011,889
32415.0,522,1090
32415.3,208,568
32419.4,1416,241
32422.8,402,850
32425.6,911,1022
32426.6,1788,645
32427.4,1353,2065
32427.7,1179,1828
32428.5,881,286
32430.7,177,905
32431.5,458,449
32431.7,1808,1419
32432.8,1485,1290
32433.6,358,1178
32435.6,345,366
32436.3,765,726
32436.4,1603,1332
32437.5,187,15
32439.1,1029,776
32439.8,883,1606
32440.1,1028,861
32442.3,1713,380
32442.7,640,30
32444.0,1898,615
32444.2,1808,1630
32445.8,978,1307
32446.0,2083,192
32448.4,2077,1826
32451.6,1309,1975
32451.7,894,771
32452.7,1524,893
32452.7,178,177
32455.6,1732,867
32456.9,575,1401
32457.8,1737,1949
32461.2,1354,1161
32461.8,1692,493
32462.7,1265,1894
32464.0,988,1184
32464.4,1725,887
32464.7,1175,1550
32465.3,1692,1167
32468.8,266,1368
32469.2,1682,822
32469.7,1906,1280
32470.6,1284,278
32472.7,2108,1500
32472.9,2046,1621
32473.9,1583,1470
32475.5,1478,1672
32476.0,1686,51
32476.0,936,896
32476.8,1289,628
32477.0,1618,1114
32477.9,572,361
32478.0,654,753
32482.4,523,1335
32482.5,1087,1386
32483.1,1508,810
32483.8,534,941
32484.7,1692,184
32485.1,1166,589
32488.5,1257,876
32488.6,1932,189
32489.6,903,1993
32489.8,584,499
32489.8,820,1481
32491.1,608,1275
32493.9,779,625
32494.2,1512,134
32494.3,1251,1614
32497.1,1066,104
32497.9,1771,1345
32498.2,222,1916
32499.2,870,1204
32500.9,1650,1875
32502.4,98,206
32506.2,1795,2071
32506.4,1242,1635
32507.1,1606,1545
32508.3,909,1767
32511.6,19,1266
32511.9,1673,2070
32512.1,1458,67
32513.1,1373,740
32513.6,1749,676
32514.7,755,1544
32515.3,599,863
32517.4,584,1341
32518.1,650,1998
32518.5,1245,1691
32521.7,678,1939
32525.8,1107,1914
32526.0,986,1037
32527.3,1763,1704
32527.9,188,1447
32528.1,1221,1582
32528.2,197,1550
32530.7,1621,691
32531.6,1581,2129
32533.1,1928,693
32533.5,1026,1043
32536.3,1006,1475
32536.4,1749,1327
32537.1,355,940
32538.5,1118,192
32540.9,933,963
32543.4,1014,113
32543.6,780,1097
32544.4,279,553
32545.7,833,2023
32549.9,1014,9
32550.0,646,655
32553.4,113,314
32554.0,392,2052
32555.8,738,127
32555.8,627,984
32556.9,1490,622
32557.2,798,992
32559.4,1617,888
32560.8,1192,19
32561.9,726,325
32562.2,186,751
32562.5,1746,1982
32562.8,460,749
32564.0,74,1003
32564.1,1869,1990
32565.4,1633,56
32565.4,23,430
32566.8,324,1896
32567.4,1403,870
32569.5,713,1204
32571.9,976,1053
32577.9,2090,1970
32578.0,297,1280
32578.4,2018,1247
32579.2,472,465
32580.0,239,1852
32580.0,1976,576
32580.9,763,135
32583.3,218,190
32584.5,2128,39
32587.0,827,1159
32588.2,467,732
32590.5,687,463
32591.1,51,102
32591.7,879,728
32592.1,311,956
32592.3,1434,765
32593.9,1574,656
32594.4,175,671
32594.5,457,404
32595.3,1418,1188
32595.5,881,685
32598.3,2023,108
32598.4,341,1642
32599.2,453,462
32601.2,1918,1685
32602.9,28,735
32603.4,1364,773
32604.3,1050,693
32605.0,957,64
32605.2,167,1224
32605.3,1384,854
32606.6,94,1158
32610.3,48,1478
32612.2,317,2137
32612.7,304,248
32614.0,112,1832
32614.5,1309,10
32615.5,2055,1310
32615.7,1192,1691
32619.0,1829,255
32619.4,2033,2065
32619.7,1851,2015
32619.8,28,930
32626.8,1841,1608
32627.2,1204,165
32627.7,2088,951
32628.2,31,344
32629.1,669,1809
32629.3,1813,992
32632.7,563,767
32633.7,482,967
32633.9,1478,442
32634.0,645,258
32636.2,1047,113
32636.9,800,1570
32637.9,298,161
32638.5,732,1240
32638.5,1289,263
32638.6,1921,1118
32641.0,1944,318
32642.6,1887,200
32644.0,1112,1440
32647.6,1801,1784
32650.6,1661,799
32651.9,366,669
32654.7,1042,229
32655.5,103,1261
32656.7,328,1009
32657.7,2134,493
32658.8,509,408
32666.0,1123,1373
32667.5,2047,1647
32668.3,1704,291
32669.4,1385,529
32669.8,1634,118
32670.0,159,627
32671.9,1842,1729
32672.4,307,1979
32675.0,1911,164
32675.1,624,842
32676.2,1030,1433
32680.1,1250,1851
32681.0,664,1803
32681.8,556,1321
32684.3,609,242
32685.5,1447,747
32686.5,1942,965
32687.0,2056,2043
32687.3,1878,702
32688.5,778,880
32689.7,1390,1935
32692.5,65,669
32694.0,1044,122
32696.9,994,2060
32697.5,1735,800
32699.1,1262,1573
32699.5,1171,1091
32699.7,1863,1017
32700.8,952,1307
32702.4,1609,1420
32702.6,982,317
32703.6,1705,1859
32704.3,637,1938
32704.6,924,961
32707.1,12,1599
32708.3,231,427
32709.0,796,1006
32709.4,242,477
32709.8,545,376
32710.4,803,1046
32713.1,1406,725
32717.6,1702,867
32718.2,1718,745
32721.0,798,1492
32721.8,1160,1130
32722.1,1487,480
32723.8,1255,833
32724.2,1189,603
32724.4,431,1913
32724.9,1085,1200
32730.9,1361,1958
32732.2,682,331
32733.5,1225,735
32735.9,1229,1550
32736.2,449,1503
32736.3,455,503
32741.2,1670,1118
32742.9,711,1030
32744.3,1180,729
32745.4,2052,1811
32745.7,1806,836
32746.2,2030,1534
32748.0,484,1475
32748.3,8,250
32749.1,488,1069
32749.7,308,902
32752.1,1966,726
32755.3,960,199
32755.8,1906,702
32756.2,805,312
32756.2,2060,375
32756.4,1656,1228
32759.4,977,1959
32760.3,1572,688
32760.8,194,290
32764.0,1702,54
32764.7,1594,467
32766.3,1546,1692
32766.7,1826,1267
32767.8,602,261
32768.8,2011,151
32769.4,36,1739
32769.5,1090,1793
32769.6,36,419
32769.7,674,1304
32769.7,782,333
32770.4,6,1041
32772.2,766,1968
32772.4,1702,2094
32776.6,547,462
32779.8,246,1601
32782.6,1082,1209
32782.8,150,1892
32784.0,1559,1854
32784.9,1070,671
32784.9,252,276
32785.4,1139,1104
32785.5,1606,56
32786.8,912,2000
32787.1,1733,277
32788.7,1449,1508
32788.9,1319,1119
32789.7,1325,1927
32791.2,873,2006
32792.7,2063,698
32793.8,117,1392
32794.3,1957,1921
32795.7,855,1597
32796.4,64,1921
32796.9,408,165
32797.5,894,1116
32799.1,423,1296
32799.1,1149,941
32800.2,968,1396
32804.7,1776,104
32807.3,1456,1678
32808.6,1569,1742
32810.2,1716,866
32810.7,1916,1608
32810.7,1991,1337
32813.1,702,356
32813.2,2049,1191
32813.3,676,560
32813.9,1170,425
32814.9,535,1136
32815.4,1201,249
32816.3,959,1317
32816.9,984,1377
32817.2,1132,1000
32818.0,1856,1355
32818.0,1831,1709
32821.2,1484,1321
32822.0,915,1990
32824.6,1032,1444
32826.2,633,1352
32826.3,698,1355
32829.9,1189,1717
32830.6,210,337
32832.0,1329,695
32834.4,1967,717
32835.6,1753,1342
32838.3,856,1627
32839.1,216,582
32839.2,917,2117
32839.7,155,1792
32839.7,1074,367
32840.3,336,527
32840.7,1699,1310
32841.5,1311,906
32843.8,1395,283
32845.3,826,1974
32845.9,1014,1366
32846.1,1164,1708
32846.2,535,1779
32847.9,89,1110
32848.0,1450,576
32848.1,1007,837
32848.4,1669,312
32848.5,2040,2031
32848.8,589,2135
32849.0,1566,1430
32856.2,772,895
32857.7,168,1174
32857.8,270,1970
32857.9,1575,197
32864.1,828,947
32864.2,1530,1195
32864.6,1234,1023
32865.3,1760,222
32866.6,65,815
32866.8,1930,197
32868.4,273,128
32869.5,1701,1988
32871.1,1692,2042
32874.7,1899,1863
32875.0,1704,1401
32876.8,1868,1546
32877.3,1427,1223
32877.8,238,852
32878.2,2065,453
32879.4,1024,827
32879.9,454,441
32882.9,572,1563
32884.1,1290,1521
32884.4,201,554
32884.6,1021,772
32886.0,336,842
32886.6,286,1275
32891.1,2130,1289
32891.7,116,1902
32891.7,1542,1025
32891.7,567,1730
32891.7,1802,1152
32893.3,1310,505
32895.0,1216,1252
32897.2,1955,1789
32897.4,1720,1170
32898.4,1002,1044
32899.8,1856,1857
32900.2,713,1154
32900.2,1340,1957
32903.4,1412,687
32904.8,645,937
32906.5,1479,2077
32907.7,1859,1892
32909.5,658,1532
32910.5,1083,346
32911.6,1229,1467
32915.5,1573,1367
32916.7,275,1131
32917.2,1612,1200
32925.3,1771,1029
32927.2,591,975
32929.3,24,123
32929.7,1517,695
32930.2,639,1538
32931.0,1496,1352
32931.4,38,283
32932.3,1924,1999
32933.4,1419,184
32933.6,1233,1539
32934.4,178,935
32935.1,586,1407
32938.0,525,2062
32939.5,234,1268
32940.9,1890,1980
32943.8,132,2028
32944.2,1734,175
32945.6,433,1694
32945.7,1220,51
32947.4,522,359
32948.0,1098,1433
32948.9,726,1998
32949.4,733,2059
32951.0,824,514
32952.8,1636,2006
32954.2,2056,1386
32957.4,1454,213
32958.1,1602,2134
32961.6,287,1423
32962.1,1917,449
32963.6,1494,1703
32965.0,331,1725
32965.7,1235,176
32966.8,1722,978
32967.4,1668,57
32967.9,1517,1284
32968.1,1692,477
32970.6,293,897
32970.9,1368,1701
32976.1,767,539
32976.5,1521,305
32977.4,1528,1617
32978.5,275,526
32978.7,595,1759
32981.6,1847,1277
32982.6,1588,1991
32983.6,1973,2078
32984.9,1672,811
32985.0,1740,919
32985.1,663,2026
32986.3,1064,839
32986.9,750,739
32988.8,321,1728
32989.1,962,17
32992.7,549,1977
32993.1,40,453
32993.9,834,442
32995.7,370,2057
32998.2,998,1911
33005.2,69,1486
33006.6,926,1590
33006.6,614,711
33006.9,1692,772
33007.4,1926,844
33008.7,1445,2008
33009.5,1603,1185
33009.7,2133,1267
33011.7,7,1220
33014.4,144,889
33016.8,652,1920
33017.1,892,522
33017.6,2145,713
33019.2,1247,1560
33019.4,1330,521
33020.9,939,1398
33023.2,331,474
33024.2,619,52
33028.5,13,1758
33030.9,1349,2070
33032.3,1691,568
33033.7,1371,818
33036.8,262,421
33036.9,670,2058
33038.7,1911,1984
33040.7,122,856
33042.0,1736,1576
33042.7,1606,1244
33043.5,2077,301
33044.8,648,1696
33048.6,1336,2111
33049.0,41,788
33049.3,2012,201
33050.9,1139,126
33053.2,2009,1479
33053.5,810,440
33054.8,636,1027
33056.5,516,1835
33060.4,1351,1698
33061.1,401,1402
33061.2,1022,223
33061.8,2053,1862
33062.8,1868,274
33063.0,1630,1350
33063.2,1196,295
33064.0,655,2069
33064.4,2059,693
33067.4,302,1343
33067.6,1912,1809
33068.4,1098,365
33068.8,347,1672
33071.2,1804,1695
33073.6,563,2081
33076.5,682,548
33078.0,1584,444
33080.3,1342,1101
33081.9,97,536
33082.9,1079,1214
33083.2,1048,1310
33083.9,1676,1618
33084.0,973,1789
33084.6,1392,67
33086.5,139,370
33088.0,1419,1639
33089.7,2111,768
33089.9,853,1493
33093.9,771,1571
33096.0,479,1166
33096.1,1882,125
33096.8,434,1340
33098.2,1678,140
33099.7,2018,170
33106.5,1795,556
33106.5,572,119
33109.4,915,879
33110.4,410,273
33110.6,1748,1622
33113.0,1755,900
33113.8,71,816
33115.1,915,1209
33117.0,2061,916
33122.4,1537,1481
33123.1,3,1884
33124.4,10,1423
33125.1,1335,2008
33127.1,793,1671
33128.0,139,1301
33128.3,1845,824
33129.5,310,1607
33129.9,23,1399
33130.3,1743,2028
33132.0,987,205
33133.8,2119,2058
33134.5,510,238
33136.9,1353,869
33141.9,559,721
33142.5,1718,523
33143.0,2028,2082
33145.9,133,1342
33146.8,1252,57
33149.2,1203,1581
33149.3,1292,1912
33151.2,53,167
33151.2,227,143
33152.0,2126,2074
33155.5,1055,1607
33156.2,949,1265
33157.8,1159,999
33160.2,950,132
33161.2,1131,428
33161.5,1302,1548
33162.4,2144,897
33162.6,823,54
33163.1,515,1036
33164.4,717,1468
33165.7,424,354
33170.0,171,804
33171.8,1229,58
33172.8,680,1157
33172.9,743,1284
33174.0,148,934
33175.8,571,1011
33176.8,1833,1715
33182.3,1594,1762
33182.3,1586,677
33184.7,2144,1311
33187.5,290,827
33189.4,1268,68
33190.7,1926,892
33191.7,1174,1188
33193.1,796,87
33194.1,2091,805
33194.7,659,837
33196.0,1833,34
33196.2,1564,992
33197.1,18,1932
33197.3,1265,327
33198.3,480,911
33198.6,431,318
33200.7,2086,1699
33200.8,1792,1839
33201.5,1852,2020
33201.5,559,552
33203.4,932,241
33206.6,1818,1309
33208.6,1105,137
33209.2,760,975
33210.6,52,856
33211.3,1548,1793
33212.1,1974,453
33213.3,695,1090
33215.1,1933,716
33215.7,1399,1906
33215.8,1658,1154
33216.8,1696,1952
33220.6,1488,388
33222.1,1266,1295
33222.4,1459,727
33222.9,1230,1217
33224.4,2122,598
33229.5,1323,571
33231.1,198,460
33233.3,1496,426
33235.1,421,459
33235.5,1772,1951
33238.4,951,1410
33238.5,1883,1752
33238.9,1722,2025
33245.2,1508,246
33246.5,37,828
33247.4,858,277
33249.9,914,1061
33250.6,247,726
33252.4,1310,2085
33256.3,211,1018
33259.5,1225,1409
33260.1,987,846
33262.0,617,1000
33262.4,1472,566
33262.8,1314,1851
33262.9,315,1297
33265.4,1381,1927
33267.8,546,1648
33268.1,30,829
33270.1,1103,595
33270.9,1546,450
33272.3,1596,658
33273.9,2094,1547
33275.0,1895,1027
33275.8,736,883
33277.1,100,856
33278.5,1411,1143
33279.3,1818,759
33280.0,393,775
33283.1,634,732
33284.8,1149,369
33286.6,719,913
33286.8,3,1604
33287.1,985,1026
33289.6,388,2055
33290.2,1399,1507
33290.6,672,1303
33291.6,979,350
33291.9,14,209
33294.7,1421,1647
33295.1,831,649
33295.9,1765,1944
33296.2,1240,37
33296.7,1829,1557
33297.2,410,1747
33299.5,2063,1788
33300.8,378,797
33301.0,1501,244
33301.9,707,1670
33304.9,1285,1580
33305.4,861,1220
33306.1,207,2145
33308.3,716,863
33308.3,696,1480
33309.3,725,2132
33310.4,1185,1618
33311.2,874,1609
33311.5,1624,828
33311.9,1202,1586
33311.9,1921,645
33313.7,623,2105
33315.5,965,849
33317.0,1659,1276
33318.2,2111,1163
33320.1,2046,1152
33321.2,369,1774
33323.3,981,1040
33325.7,911,141
33326.0,389,250
33327.6,401,1590
33328.3,1537,1767
33328.5,588,1122
33329.1,1303,1253
33329.2,10,1356
33329.9,1549,623
33330.2,1441,311
33332.0,426,7
33332.9,1748,326
33332.9,1698,179
33334.6,246,748
33337.2,25,1213
33337.8,72,425
33338.6,1374,816
33339.5,433,1555
33342.3,549,1279
33342.7,97,1705
33343.3,2013,1179
33343.8,1927,904
33346.2,604,311
33346.9,229,727
33349.9,1121,626
33352.8,798,1419
33353.2,1041,57
33354.0,277,62
33355.4,702,2112
33356.0,691,998
33357.4,104,1417
33358.7,124,1743
33359.4,386,1034
33360.4,958,910
33361.7,499,2046
33363.5,1043,1864
33364.6,1297,1461
33365.0,270,699
33366.0,679,1198
33367.8,728,641
33367.8,736,2079
33371.8,295,1460
33373.7,741,194
33374.6,1450,568
33374.8,1804,1607
33375.8,492,646
33376.5,1761,680
33377.0,186,1341
33378.8,1954,933
33384.2,556,1140
33386.0,259,948
33388.7,1209,977
33388.8,691,1496
33388.8,689,1992
33389.2,1627,622
33391.2,981,943
33392.1,1153,1211
33392.1,950,1973
33393.4,1453,1052
33393.7,1089,632
33396.0,1459,78
33396.3,107,2141
33397.0,1043,393
33397.4,1685,1006
33399.6,191,2110
33400.1,83,1362
33404.7,1115,2093
33407.2,433,1370
33408.3,1290,482
33409.3,865,1911
33410.2,429,243
33411.4,1979,1036
33411.8,1927,948
33412.8,293,1931
33413.0,1029,40
33413.0,1049,1460
33413.7,2064,1134
33416.8,1622,1349
33418.2,1993,852
33419.0,1139,1549
33419.7,20,1812
33419.9,1612,1550
33421.5,1196,1924
33421.9,606,27
33422.9,6,790
33423.6,863,2052
33424.9,1456,543
33426.9,1155,19
33427.4,1011,1495
33427.5,74,560
33428.2,1345,1978
33432.8,1529,542
33434.2,1763,1715
33435.3,210,888
33436.7,404,1750
33436.9,1924,2143
33437.0,1290,612
33437.4,274,1017
33437.9,1996,1578
33440.7,641,2110
33441.0,901,46
33441.3,1465,984
33442.4,555,1626
33442.5,1416,770
33442.8,1916,969
33443.2,123,380
33443.3,2002,1247
33444.1,1347,1115
33445.7,826,1841
33448.1,151,1128
33449.9,163,1708
33450.7,277,1269
33451.3,1594,1377
33452.4,1846,954
33453.6,385,128
33454.9,1027,86
33455.5,842,1644
33456.4,395,209
33457.4,82,1201
33459.5,2035,1285
33460.2,1138,878
33460.2,661,426
33463.1,2059,2073
33463.8,1859,279
33465.3,1738,413
33465.9,2073,1894
33466.1,1680,1012
33466.6,287,486
33466.6,1359,1800
33473.9,1718,1840
33477.3,452,595
33477.9,1954,654
33478.9,273,588
33481.2,481,680
33483.6,2084,1503
33486.6,674,1057
33487.7,262,1656
33487.8,1196,409
33489.4,1424,1371
33492.0,791,1905
33493.6,252,1139
33493.9,1705,832
33494.0,1314,1509
33495.1,2023,89
33495.9,504,1782
33497.7,1046,1045
33498.7,391,1109
33500.4,9,19
33500.5,1113,148
33502.4,1513,1680
33502.5,976,503
33502.6,1731,1279
33506.9,165,1820
33508.8,1991,650
33509.9,660,722
33511.6,2061,1352
33513.3,1251,630
33514.1,844,1095
33514.4,1988,611
33517.3,1535,470
33519.3,1967,798
33521.4,1670,1317
33527.5,1824,1500
33528.4,1890,996
33532.3,1983,274
33535.3,1321,768
33539.9,585,1452
33541.2,225,1761
33542.7,2029,1882
33542.9,1326,798
33544.4,8,437
33545.2,919,82
33545.6,646,1434
33546.2,241,191
33546.7,823,407
33547.3,1625,2024
33548.1,604,1967
33550.0,2,1793
33550.1,637,1834
33551.2,1919,420
33552.0,872,1334
33552.0,1210,730
33561.8,1878,644
33562.8,96,1204
33563.1,412,1995
33566.1,1667,1891
33566.8,687,1795
33566.8,1424,1277
33567.2,294,1623
33568.5,950,273
33568.9,1265,1724
33569.3,1976,516
33569.9,221,1158
33570.5,1914,2098
33570.7,183,836
33571.4,87,1600
33572.9,440,1311
33574.5,1437,134
33575.8,756,1609
33578.9,973,1054
33578.9,1930,927
33579.0,553,633
33581.0,227,1769
33581.6,1783,1662
33586.0,1173,17
33586.5,732,1137
33586.8,466,1687
33591.6,1136,906
33592.1,682,2050
33593.8,300,1910
33594.8,49,1497
33595.8,277,982
33600.5,2127,131
33604.4,1855,918
33604.6,915,1548
33606.5,1816,1576
33607.0,1360,1524
33607.2,451,1291
33607.3,1804,45
33613.5,1424,1496
33618.6,34,1491
33622.8,640,1529
33622.8,1632,2018
33625.6,1093,1184
33625.7,782,1407
33629.1,1777,709
33632.5,1302,1626
33633.6,1634,1009
33634.1,102,143
33634.7,766,1371
33636.1,257,1499
33636.2,1829,1487
33636.3,822,1944
33638.9,1025,1370
33639.2,707,1860
33641.3,1094,1028
33643.3,1369,81
33644.7,2017,1733
33646.2,458,808
33649.7,1707,365
33650.3,1542,315
33650.8,1767,1373
33651.2,578,522
33653.6,1071,1841
33653.6,2089,388
33658.5,9,439
33658.9,442,687
33660.0,1813,296
33661.3,1116,178
33663.1,1028,1008
33663.9,1237,489
33666.0,1645,2110
33666.1,1022,33
33667.8,2134,74
33668.2,48,1350
33670.7,2080,171
33671.7,1096,65
33671.9,1157,103
33672.4,136,460
33673.9,197,1388
33674.5,906,1397
33678.5,2122,1769
33680.6,155,755
33684.7,966,280
33684.8,1699,1242
33685.5,561,307
33685.7,1190,1761
33689.9,1728,1057
33690.1,470,610
33691.6,1420,2145
33694.1,1624,650
33694.2,1095,2085
33696.4,1079,1314
33697.5,705,1592
33697.5,608,1
33697.9,323,1063
33699.6,1513,1709
33704.0,1449,2029
33705.6,491,1718
33706.2,2011,2098
33707.4,864,92
33707.9,1414,234
33708.3,2053,1622
33708.8,411,1629
33709.2,161,1579
33709.4,1322,778
33711.3,533,520
33713.7,94,1932
33720.7,1110,2003
33721.3,385,763
33722.0,891,1491
33724.1,1487,2007
33724.5,1625,485
33725.4,54,1322
33727.8,819,1005
33728.3,148,2122
33728.6,1111,1143
33730.9,1940,2109
33731.9,2088,511
33733.0,62,1775
33734.2,1527,1560
33735.4,728,1517
33736.8,1698,581
33740.6,1784,668
33740.8,1697,966
33740.9,712,1925
33741.4,1041,502
33742.4,1410,1389
33743.6,1926,134
33743.8,549,2105
33743.9,1861,2036
33744.0,109,1722
33744.1,1213,1486
33746.7,72,546
33748.4,1172,1095
33749.2,1494,874
33749.6,1154,1010
33750.8,125,888
33751.1,976,506
33753.3,1766,1748
33757.6,204,1738
33758.3,1992,1052
33759.1,556,211
33760.6,399,325
33762.0,251,1209
33762.0,943,2086
33762.4,1918,710
33763.0,347,1830
33763.8,1948,1416
33765.1,771,1157
33765.3,1329,867
33766.4,531,548
33766.8,1474,2017
33767.6,743,1867
33768.4,1483,1826
33769.8,196,675
33776.5,2134,1410
33776.8,408,1154
33777.7,1769,142
33778.0,1550,776
33779.0,1622,2003
33780.0,2070,1219
33780.2,64,1168
33781.0,1010,1509
33782.4,1274,1831
33784.1,229,1570
33785.2,1001,727
33786.2,988,535
33787.5,223,615
33793.4,1299,1271
33794.0,1719,1942
33795.2,1187,1685
33796.9,1823,1852
33797.8,279,2129
33804.2,2116,1779
33804.5,1696,321
33807.1,1333,1190
33809.0,1343,553
33810.6,264,470
33812.1,1373,1794
33812.4,1360,211
33812.5,1150,1886
33812.8,1996,1730
33813.0,805,2069
33816.1,1552,1446
33816.5,2021,1903
33817.6,1960,629
33819.7,553,83
33819.7,505,95
33821.7,399,1046
33821.9,1670,1704
33823.1,1618,746
33823.6,1318,2000
33824.1,1393,441
33824.4,175,1628
33825.2,57,2094
33825.2,1086,1446
33826.1,1981,751
33826.5,714,1981
33828.9,1200,1614
33829.6,526,1218
33831.8,812,183
33835.5,1414,470
33836.3,1903,636
33838.0,261,737
33839.4,1048,842
33841.2,962,1341
33841.5,1769,1897
33842.1,1832,1982
33842.9,871,1026
33845.9,532,1589
33847.9,1371,1974
33848.4,847,285
33848.4,1792,377
33848.8,1926,1955
33848.9,746,2088
33848.9,1691,349
33852.5,144,1971
33854.8,1615,1609
33857.5,1688,2037
33859.8,1118,1943
33860.0,369,1881
33860.2,697,1187
33862.0,1508,1597
33862.7,1003,206
33863.0,1426,807
33863.6,1522,591
33866.3,1334,1824
33868.0,1555,2005
33868.3,43,1943
33872.7,383,226
33874.0,720,2140
33875.5,1218,1889
33877.8,1097,1700
33879.6,294,751
33881.0,361,1066
33882.2,838,1658
33883.6,968,439
33885.4,1617,721
33887.9,1807,1367
33888.6,1221,1047
33888.9,156,1304
33889.0,1379,1610
33891.7,1642,891
33900.2,252,1613
33900.5,594,483
33902.5,220,1469
33903.9,1592,1060
33904.0,2090,1893
33906.6,227,1230
33908.9,2053,442
33909.0,1490,800
33911.6,1951,1009
33912.8,1494,655
33913.6,668,1298
33914.7,1607,1804
33915.5,250,1370
33916.0,2116,151
33916.9,746,1573
33918.0,393,1333
33918.5,749,1958
33918.5,521,1012
33918.8,429,868
33923.8,1601,2086
33924.8,1929,1072
33925.5,641,263
33925.9,1176,310
33926.4,1974,342
33927.9,276,1089
33928.2,1533,258
33929.8,1446,1694
33931.5,1937,1784
33932.9,1493,1376
33934.0,641,635
33934.3,1509,1480
33937.0,1323,2008
33938.4,1790,798
33938.4,619,605
33939.4,726,912
33941.4,1461,588
33942.4,1797,2039
33942.5,794,1436
33944.5,1679,1230
33945.4,641,1681
33946.3,1268,2043
33946.7,1134,1474
33947.2,1863,618
33950.1,1005,420
33951.9,503,1447
33953.5,201,1966
33954.0,1271,1436
33955.7,1386,455
33957.0,1310,43
33957.2,1722,1992
33958.3,1064,1038
33959.2,325,868
33959.9,1748,1543
33960.2,1573,1211
33960.8,1353,992
33964.3,958,1230
33966.4,1813,1132
33968.1,1672,937
33968.4,1964,605
33968.6,1762,697
33969.5,304,1412
33969.5,895,1986
33970.0,2042,1003
33970.4,1282,205
33970.9,674,472
33972.0,35,1308
33975.0,15,1034
33975.8,1706,108
33977.1,1749,671
33978.2,1104,1455
33982.0,1993,1846
33982.3,1678,1546
33982.3,1298,470
33983.5,381,1798
33985.3,1985,949
33985.9,1494,839
33987.1,1433,1844
33989.2,2072,1418
33992.1,1483,1854
33992.3,463,1036
33996.3,1081,1598
33996.4,1782,995
33998.7,1311,741
33999.2,1027,1955
34000.0,1137,970
34000.8,646,325
34001.0,2079,1122
34001.9,1820,1512
34002.5,297,333
34005.8,2126,1921
34006.3,2018,904
34006.5,767,165
34007.8,116,244
34008.3,50,1309
34008.7,464,1794
34009.0,1319,1492
34009.4,1321,275
34010.5,1135,1240
34013.8,1189,1674
34013.9,1922,422
34018.9,771,959
34019.3,226,1664
34019.8,828,1523
34022.4,797,1509
34023.6,1934,1285
34027.0,82,1621
34034.6,640,2063
34034.9,491,1652
34038.0,2007,2002
34039.8,1332,1927
34040.7,599,1950
34045.9,1904,1740
34046.3,1920,1866
34046.6,2111,1012
34049.1,1576,1687
34049.2,2046,2042
34050.0,1334,1372
34054.7,226,1197
34055.2,1490,189
34055.9,575,1637
34056.1,111,334
34056.1,1808,947
34057.7,604,1657
34058.3,1837,2116
34058.5,1186,1580
34058.8,1362,1246
34060.2,1438,1742
34061.1,277,1879
34061.8,832,1811
34062.0,1293,370
34063.6,1885,140
34068.7,2051,1245
34068.7,1348,1291
34070.5,9,1493
34070.8,1605,1387
34072.0,1954,581
34072.8,888,1519
34072.8,1857,98
34073.3,777,186
34074.0,1701,1836
34074.3,526,437
34074.7,992,1842
34076.7,750,1980
34079.2,2132,1366
34079.5,637,457
34079.9,698,1270
34080.0,1937,423
34080.9,10,1745
34082.3,144,1523
34083.3,136,1671
34084.3,2055,836
34089.1,1741,2113
34092.4,1734,1814
34092.7,1616,1743
34093.2,1694,188
34096.6,1944,1969
34097.2,1433,1457
34097.9,997,1339
34098.4,12,1304
34102.0,1810,1971
34104.9,535,1449
34109.7,1202,160
34109.9,2056,264
34109.9,1311,1332
34110.9,619,865
34111.4,2063,1195
34113.2,1935,610
34113.3,87,626
34113.7,467,67
34115.7,350,1514
34115.8,1912,1240
34116.8,478,1663
34117.4,2142,486
34118.1,469,352
34118.7,1502,1566
34123.1,365,946
34124.4,68,1128
34125.1,1459,184
34125.2,1277,1375
34126.2,138,564
34126.4,1956,94
34127.0,152,1574
34127.5,1260,991
34128.0,1426,2073
34131.7,922,1612
34131.9,891,1652
34132.4,573,674
34132.8,1332,2088
34136.0,398,1984
34136.0,904,965
34136.6,1215,753
34136.9,1666,1644
34138.5,144,166
34140.1,1064,1462
34140.4,74,1119
34141.9,1708,2030
34143.2,1295,427
34143.7,1542,448
34145.3,208,2056
34149.0,863,301
34149.9,56,2052
34154.2,1630,1664
34158.3,420,912
34161.1,941,1204
34161.7,444,739
34162.7,1494,223
34162.8,1033,1333
34163.2,1674,1577
34170.0,1514,1798
34170.3,634,1430
34170.6,442,521
34171.3,2050,1853
34172.0,662,1452
34175.3,1265,2000
34175.7,152,245
34177.0,2070,1848
34177.1,948,903
34177.2,1379,2031
34177.4,1737,150
34180.2,706,1567
34183.7,337,1085
34186.0,1034,1834
34186.1,1709,1363
34186.1,1085,1075
34187.9,1515,759
34188.7,1162,1413
34190.1,2048,587
34191.3,1696,1170
34192.9,1511,1052
34193.0,469,897
34196.4,1896,182
34196.8,2072,1986
34199.0,553,85
34200.2,787,1819
34200.5,1606,1332
34202.2,1279,711
34204.3,1707,9
34205.9,1990,1152
34207.2,495,1273
34207.9,1106,13
34210.0,1783,507
34210.2,783,1156
34210.4,1446,1398
34211.0,808,587
34213.2,1762,624
34215.4,851,1047
34218.9,1474,1411
34219.0,36,1440
34219.4,542,1482
34221.3,1971,1389
34221.3,1646,2061
34222.6,2091,1121
34223.9,704,54
34224.6,1928,294
34224.8,770,841
34225.3,755,867
34226.2,431,1016
34226.4,1924,648
34227.1,998,633
34229.8,513,1838
34230.5,1759,1798
34231.0,1375,2075
34232.9,506,1199
34234.8,1828,1875
34236.5,618,1185
34236.9,794,298
34237.2,2002,1419
34238.5,2027,643
34244.1,1651,1674
34244.9,18,1353
34245.3,1731,1798
34246.6,857,764
34246.6,309,1625
34246.8,845,439
34247.6,60,1398
34248.0,168,849
34249.0,907,775
34249.3,1306,392
34250.2,431,1630
34250.8,46,645
34251.2,553,238
34253.7,909,2051
34254.7,1496,794
34254.8,1448,1130
34256.7,987,1982
34257.7,386,1472
34258.5,1065,354
34261.0,345,88
34262.4,1746,50
34263.3,751,965
34264.8,1446,244
34265.3,155,578
34265.9,715,587
34266.4,2025,539
34266.6,1379,429
34267.9,599,1745
34272.0,406,1002
34272.5,1703,513
34272.6,1184,135
34272.7,1966,2033
34275.9,72,1616
34276.1,2144,263
34276.2,1956,1449
34276.4,1731,1620
34277.1,1532,203
34282.1,878,1715
34283.1,1602,671
34283.2,171,1812
34287.1,1929,802
34287.2,1857,338
34290.4,809,73
34290.7,41,635
34290.7,213,1397
34293.1,1602,725
34293.7,162,1975
34293.7,726,1165
34294.6,2103,1336
34297.4,1838,2143
34299.0,703,258
34299.3,1891,935
34300.3,1352,713
34300.5,848,708
34300.7,1857,715
34304.9,1343,1048
34304.9,1215,1019
34305.9,1211,2004
34307.8,1506,1194
34308.1,349,2072
34309.1,1275,1478
34310.2,1861,213
34310.3,711,1104
34312.1,887,1637
34312.7,2143,991
34313.6,1435,1472
34318.4,1497,69
34318.8,1377,999
34319.8,1478,158
34319.8,2047,1903
34324.2,222,771
34324.3,593,389
34325.6,318,929
34327.4,2049,9
34327.8,858,968
34328.0,1535,1722
34329.1,1083,75
34329.2,341,1279
34329.9,371,818
34335.6,855,1338
34335.8,1780,681
34341.2,1569,223
34342.7,848,316
34348.4,1131,534
34350.2,1632,928
34350.6,1552,387
34351.0,639,779
34351.2,261,1947
34351.3,1838,495
34352.4,1208,1296
34353.2,1024,189
34353.7,451,1482
34353.8,301,47
34353.8,1362,1691
34355.6,953,1466
34355.8,1708,925
34356.4,1511,356
34357.2,1770,977
34357.8,1080,448
34358.1,115,614
34359.7,1541,1961
34366.2,222,1625
34366.8,1734,88
34367.1,686,791
34367.6,1825,1803
34368.4,332,1232
34369.5,1504,1928
34369.6,1380,784
34369.8,2031,2020
34371.3,1424,668
34371.9,499,1293
34372.9,2140,472
34373.5,1021,404
34374.3,433,1299
34376.9,464,383
34376.9,665,1077
34377.1,1199,2051
34377.6,1492,1250
34381.8,1800,888
34381.9,835,1817
34382.0,1924,1080
34382.2,2,1678
34382.8,1315,1270
34385.8,1300,219
34386.8,1948,20
34387.0,30,500
34388.3,371,2019
34389.0,365,1890
34389.0,427,844
34390.4,150,464
34390.5,514,1851
34390.8,907,370
34392.2,2139,359
34392.9,121,1001
34397.2,1925,1559
34397.7,1728,1063
34397.7,260,261
34399.1,1299,1190
34401.5,1633,234
34403.1,1792,608
34405.5,307,503
34406.2,1147,842
34406.6,706,1240
34410.7,285,500
34411.0,1937,1298
34413.7,1621,1787
34413.9,597,519
34414.2,255,1742
34417.0,1203,517
34418.7,324,1731
34421.9,1071,1639
34422.0,2123,1424
34422.1,1384,609
34422.5,1730,1601
34423.0,264,2028
34423.4,1053,1330
34423.7,956,403
34427.3,1107,1288
34427.4,138,1325
34428.7,1179,423
34428.8,873,1948
34433.7,426,916
34435.0,1190,1741
34436.8,991,430
34438.5,48,2033
34439.5,186,1980
34440.5,1315,1854
34442.2,219,456
34443.2,931,56
34443.7,1321,1139
34444.9,2000,1255
34447.2,984,975
34447.6,912,1520
34453.0,1920,1018
34453.7,1957,141
34453.8,1747,2056
34455.7,639,1486
34458.0,313,1981
34460.0,1309,199
34460.3,16,877
34461.1,338,473
34462.1,1629,1833
34462.5,73,1468
34462.7,87,1341
34464.3,1451,133
34465.5,1978,627
34466.3,1093,1830
34468.0,1599,1631
34468.9,1624,841
34470.6,704,1179
34470.7,388,370
34471.8,1103,144
34473.9,1561,727
34475.6,2100,106
34476.5,220,1612
34477.4,824,364
34479.2,614,482
34480.0,1360,571
34482.7,608,656
34482.9,333,759
34483.5,1990,2041
34483.6,9,877
34484.6,1409,1756
34484.7,716,1886
34486.2,1069,376
34486.5,714,2034
34487.8,2025,772
34488.0,1292,2014
34488.4,2007,1041
34488.6,414,1267
34490.2,48,1034
34490.5,1799,976
34493.3,1068,458
34493.9,2081,1865
34494.0,1177,587
34494.5,1348,556
34495.9,1351,926
34499.7,8,1491
34500.3,2013,2024
34501.5,916,1619
34501.9,746,2001
34502.2,1426,1858
34502.4,2132,407
34503.1,292,522
34504.2,348,980
34504.7,417,301
34505.1,849,207
34505.2,1947,1344
34505.5,181,729
34508.0,1658,1142
34511.9,1181,424
34512.1,571,516
34512.4,696,136
34513.4,1021,2145
34515.2,1943,242
34518.8,1246,848
34519.9,429,1018
34520.7,1446,1800
34524.7,840,1964
34525.9,507,922
34529.7,457,1737
34531.8,761,575
34532.4,221,2112
34532.4,856,1828
34532.5,437,949
34532.6,1839,1235
34533.0,1009,12
34533.3,1139,1792
34536.0,947,505
34536.2,855,1824
34536.2,1024,1091
34536.9,1254,1500
34537.4,127,1800
34539.8,62,63
34540.3,952,1458
34540.8,2079,2124
34541.0,837,1080
34542.0,414,509
34543.9,112,733
34544.9,951,2119
34551.1,237,558
34552.7,1148,2015
34553.5,679,1395
34554.5,1450,897
34555.2,1520,1745
34557.1,410,1315
34559.8,961,886
34561.5,1827,66
34562.1,1704,2021
34562.2,1644,873
34564.0,954,371
34564.2,282,1764
34565.7,427,1361
34566.2,902,104
34567.3,2007,841
34569.0,779,1047
34570.4,943,1997
34571.3,316,1910
34571.3,880,1989
34572.4,865,112
34573.0,561,208
34575.9,1174,1519
34576.8,184,1953
34577.0,395,1602
34577.2,1107,1838
34581.8,1222,520
34582.3,1105,1958
34582.6,1475,1315
34582.7,1739,1345
34585.0,98,1373
34586.6,896,1575
34588.6,1806,490
34588.8,1844,650
34591.8,140,1415
34592.6,92,959
34593.1,1314,45
34596.3,404,1697
34597.3,1077,1137
34597.7,1337,1829
34606.3,325,1831
34606.7,759,137
34611.1,1066,227
34614.4,1480,347
34619.0,1515,1334
34619.7,1149,39
34620.7,713,198
34620.9,1612,2041
34622.9,994,145
34626.2,98,293
34626.5,1054,321
34626.9,136,1429
34628.6,213,1587
34629.9,78,295
34632.2,1113,1775
34632.8,2126,1054
34632.8,200,55
34632.8,1203,153
34632.9,1688,1043
34635.2,1031,1892
34635.9,864,1211
34637.5,1805,1437
34637.8,1664,77
34638.2,581,1155
34638.8,551,1295
34639.5,247,340
34643.8,161,1927
34645.0,324,365
34650.5,459,698
34651.9,437,1573
34652.5,1527,245
34653.5,481,1507
34654.5,92,1262
34654.9,1385,88
34655.6,289,2036
34656.0,1772,1124
34656.8,1983,1586
34659.5,415,163
34660.9,936,640
34662.5,498,1878
34663.1,237,664
34663.7,1539,408
34664.3,1040,1198
34664.8,1717,1158
34665.3,2068,737
34665.7,1262,344
34669.3,933,758
34670.2,275,360
34672.6,991,1818
34673.9,1113,1142
34675.7,643,1874
34677.4,1329,378
34679.0,1090,1226
34683.5,1252,81
34686.3,1267,1574
34686.8,1044,1659
34687.1,633,1184
34688.2,2060,2024
34689.2,1952,999
34690.0,1955,1712
34692.1,1925,842
34692.8,185,1317
34693.2,606,1436
34693.4,408,1861
34693.5,519,1828
34694.0,1782,1874
34694.7,1639,234
34696.2,334,493
34697.3,1494,670
34697.9,1036,516
34698.5,862,463
34699.2,2032,63
34700.2,1454,1722
34701.9,1832,1304
34703.0,107,1535
34705.4,1786,870
34707.4,1702,1986
34707.4,1241,1136
34709.4,1955,1971
34712.5,454,1112
34712.5,1844,1917
34716.2,226,552
34720.6,74,350
34721.1,1155,1048
34722.3,146,1313
34723.1,1326,541
34723.7,886,2009
34724.1,1094,1102
34724.6,1379,1939
34725.3,1679,862
34725.6,1385,1112
34730.1,13,1367
34730.1,1398,883
34732.0,1840,657
34732.8,1925,535
34733.8,585,1944
34734.4,1339,2078
34737.1,2039,246
34740.8,1116,645
34742.5,1746,1651
34742.5,1678,1735
34744.6,127,767
34746.5,1782,1254
34746.9,706,1169
34747.1,1476,189
34747.2,1974,1630
34749.3,1770,1453
34749.6,2030,1912
34751.0,1048,571
34751.4,434,1720
34757.8,264,457
34758.4,1754,1366
34758.5,1928,711
34759.0,720,1410
34759.0,1590,302
34759.6,1951,253
34760.4,2087,581
34760.7,1958,188
34760.7,259,805
34761.0,1261,75
34761.2,1967,1227
34761.6,1770,719
34763.3,1141,1152
34763.5,15,369
34765.0,1443,482
34765.1,714,1230
34765.8,1076,161
34766.2,438,637
34767.2,386,1077
34767.9,1463,1429
34768.0,336,594
34768.1,772,944
34769.1,243,1505
34770.3,1576,1770
34771.7,1039,631
34772.0,1188,773
34773.1,851,1972
34773.6,1175,651
34774.6,1228,1576
34774.9,1963,988
34775.4,1329,219
34777.1,39,734
34779.7,1945,559
34781.1,324,1859
34782.2,305,1642
34782.4,190,1351
34783.0,646,1738
34783.7,596,1138
34786.2,1250,2093
34786.5,1908,588
34787.2,1889,1996
34788.3,985,2089
34791.0,1099,324
34793.0,1786,1812
34793.2,1997,1966
34793.6,1571,341
34793.7,73,1814
34794.3,677,1544
34796.8,1560,1284
34797.1,1153,410
34798.8,1990,902
34798.9,2104,205
34799.1,1170,82
34799.5,32,1884
34801.5,282,551
34802.7,1146,1021
34804.6,1017,1869
34804.7,737,1729
34805.2,408,1192
34806.5,909,1464
34807.0,323,858
34807.5,258,325
34807.6,466,1324
34808.5,1512,1620
34809.2,922,375
34811.3,1954,235
34812.8,268,1888
34813.2,780,377
34816.2,1847,1472
34816.9,113,2046
34825.5,27,757
34829.1,1823,872
34829.9,966,1970
34832.0,181,341
34834.3,23,400
34835.6,1185,703
34836.3,314,647
34839.5,652,1069
34839.5,0,1703
34839.6,1561,1370
34840.0,1746,1650
34840.1,1282,348
34844.8,1109,1022
34845.3,169,1133
34847.5,341,262
34849.8,126,133
34853.7,1388,215
34853.8,1293,992
34857.0,460,1343
34858.2,1664,238
34860.5,618,1973
34861.1,780,1122
34863.1,2025,1985
34864.3,1708,203
34866.7,1051,2057
34869.0,1361,1540
34869.2,1934,1433
34869.2,1119,692
34869.5,1641,1068
34871.3,1584,1079
34872.6,2048,1699
34874.4,2015,1382
34876.8,433,2122
34877.0,2043,447
34879.0,1229,397
34879.6,1511,86
34883.3,2044,1352
34883.9,2007,172
34884.9,1644,2014
34886.6,1562,1335
34889.4,1075,1109
34891.0,374,1224
34894.0,1142,562
34895.2,1067,593
34897.0,2022,76
34897.9,248,1419
34900.3,265,1345
34902.5,931,1795
34903.9,1700,724
34904.5,1032,1819
34904.6,585,1043
34904.7,2068,476
34905.1,22,1823
34909.8,321,1798
34911.1,180,1757
34912.1,1084,900
34912.8,1934,631
34914.2,924,1914
34914.8,429,194
34915.3,497,1880
34917.2,1320,154
34917.3,2024,1771
34917.3,1872,1424
34919.1,454,24
34919.1,1838,1938
34920.1,733,2076
34920.5,1506,1485
34921.3,420,1752
34924.5,1975,187
34925.2,1999,537
34926.7,652,724
34927.7,952,1226
34928.8,480,1060
34929.1,618,453
34929.6,1853,723
34931.4,1987,909
34931.6,1899,1148
34933.6,222,2145
34935.0,418,698
34936.5,184,1414
34937.6,1096,1173
34939.1,1601,119
34939.2,676,1401
34941.0,528,249
34941.9,1699,393
34943.6,156,609
34944.2,157,286
34946.6,689,193
34948.3,1631,986
34949.0,927,1522
34952.3,1440,432
34952.8,1603,1794
34955.7,314,1784
34957.2,621,1662
34959.9,1422,1624
34963.1,789,1580
34965.5,222,543
34967.5,997,1538
34968.4,770,591
34970.5,606,728
34971.0,1130,1472
34971.0,80,1586
34972.2,75,1798
34973.2,1896,836
34975.4,2039,396
34977.6,819,1177
34980.4,229,208
34981.7,1790,1595
34982.1,1199,2110
34982.6,986,947
34986.5,23,1133
34987.2,922,1282
34989.5,1696,5
34991.0,2033,156
34991.6,1003,1926
34992.2,21,1165
34992.6,208,1289
34994.4,993,236
34994.8,60,518
34995.6,96,654
34998.0,1742,1076
34998.6,770,17
35000.0,195,1313
35003.2,204,484
35006.1,1342,2010
35006.6,1975,859
35009.5,2080,0
35010.5,737,1985
35010.9,1567,655
35011.8,2053,1333
35013.8,1820,670
35014.3,916,752
35014.3,573,1477
35014.4,1514,229
35014.6,1349,643
35014.9,330,376
35017.0,2089,1941
35018.4,1415,55
35020.0,500,853
35025.1,493,1094
35025.3,100,1469
35027.0,1185,417
35027.2,13,2017
35027.5,170,1125
35029.2,1530,277
35029.7,871,885
35031.8,630,1936
35032.4,595,1567
35033.5,1086,1835
35033.8,1906,831
35033.8,617,1514
35034.1,834,198
35034.7,209,1503
35035.4,1685,185
35036.1,609,1235
35038.3,504,833
35039.1,1216,354
35039.3,1281,284
35040.4,1762,1594
35041.5,776,1764
35041.9,1751,1433
35043.3,798,344
35044.7,1290,1146
35045.3,1723,480
35045.9,1309,445
35049.0,1562,953
35050.9,441,1833
35052.2,1961,1682
35054.1,982,189
35054.2,32,1151
35054.5,860,985
35056.6,2122,980
35056.7,1583,16
35058.5,1328,110
35059.7,628,2030
35059.8,23,99
35061.7,1004,1783
35065.0,1756,2109
35065.4,164,2046
35066.8,1592,175
35068.5,1900,1288
35069.3,2073,1714
35073.1,829,1692
35074.0,1461,840
35078.5,1988,792
35079.4,603,824
35079.7,176,1885
35079.7,695,1206
35080.5,206,1911
35081.1,2144,1622
35081.2,13,2076
35082.6,1695,770
35083.3,712,2070
35084.6,278,1735
35085.6,1586,46
35085.6,1634,2065
35087.0,2144,259
35089.6,653,1992
35090.8,1276,669
35091.3,1090,1545
35091.8,95,1729
35092.8,307,1841
35094.0,642,1169
35094.1,1869,1813
35094.1,505,169
35095.1,868,1082
35096.2,17,1416
35098.9,1058,1054
35101.9,1867,182
35105.5,1112,1010
35105.8,1705,1303
35106.8,1875,554
35107.4,748,409
35107.7,2065,121
35108.4,1730,1699
35108.9,1311,1951
35110.1,1243,911
35111.4,2042,35
35113.7,866,1823
35114.7,1369,987
35115.4,519,1713
35117.1,2033,94
35117.5,328,1366
35119.4,1310,1993
35120.4,403,962
35121.7,1800,820
35123.3,1162,684
35127.8,489,1957
35129.2,1588,563
35129.6,1128,1032
35130.0,455,2034
35134.7,651,1841
35135.0,159,1441
35136.3,1956,1673
35137.0,131,1265
35139.2,1804,2133
35139.6,1642,1036
35142.5,470,1360
35143.2,1205,1664
35147.7,568,478
35148.8,1989,2093
35150.2,1750,1404
35151.4,1294,1407
35152.8,1231,613
35153.2,1728,1646
35154.0,731,224
35160.4,663,554
35165.5,1720,1934
35166.7,178,1775
35168.1,405,1287
35173.8,1064,426
35174.1,670,1795
35175.7,955,1667
35177.1,895,969
35178.3,831,1598
35178.5,1466,1035
35179.2,2052,1725
35179.5,1688,1764
35184.6,247,928
35185.2,1527,2036
35185.5,212,1278
35185.8,324,1250
35188.1,659,1681
35188.3,949,1497
35188.3,1633,128
35188.3,316,608
35190.5,1689,1168
35193.0,148,1777
35193.1,148,342
35193.1,435,1760
35193.7,1323,1265
35194.2,1273,1018
35194.3,393,1943
35197.0,1100,1638
35197.2,2010,1221
35199.7,640,17
35202.7,1289,740
35204.9,534,1392
35206.3,2074,1874
35207.7,808,231
35208.6,812,646
35208.7,1625,1529
35210.9,1637,434
35211.0,1832,242
35212.2,1654,269
35214.7,2026,381
35215.0,1035,3
35216.3,1464,137
35220.1,1667,1104
35220.4,1877,1722
35223.4,1053,1004
35223.8,1255,1695
35224.3,1765,1458
35224.4,1310,788
35224.9,2008,1078
35225.0,1684,60
35225.2,1531,1443
35225.4,2041,1406
35226.0,2021,1296
35227.0,767,243
35227.4,285,1410
35230.1,670,674
35231.9,203,405
35232.6,1121,946
35232.6,1008,548
35233.8,2027,1875
35235.3,1207,1176
35235.6,595,1266
35236.2,1870,1755
35239.9,2043,1156
35242.5,220,1208
35249.9,1935,1861
35250.1,1611,1122
35253.2,1969,615
35255.1,2088,864
35256.5,1211,420
35257.5,41,1679
35258.3,305,89
35258.3,1811,1194
35258.8,711,2080
35259.0,1014,270
35259.6,1063,537
35259.8,2059,518
35260.4,2072,1428
35264.5,1924,206
35268.8,737,1164
35269.7,292,7
35270.3,1489,1923
35271.3,362,1481
35273.2,1069,936
35273.5,1436,1551
35274.1,479,603
35280.5,913,1174
35280.8,1086,1127
35280.9,1914,109
35281.8,82,1697
35284.2,886,291
35287.7,980,1346
35288.9,1197,977
35289.4,1842,1103
35291.9,84,1935
35292.2,505,639
35293.1,300,412
35295.1,747,1611
35295.6,623,387
35300.1,2092,322
35300.6,1075,2030
35305.2,2069,890
35307.0,1866,212
35307.9,1515,115
35308.6,1519,81
35309.9,533,1576
35311.3,759,1817
35311.9,1045,828
35312.1,1370,1855
35312.3,2031,215
35312.7,2011,164
35313.5,989,1806
35314.7,2118,2042
35315.5,1346,667
35317.1,781,1780
35319.3,799,1592
35320.4,445,2126
35320.8,1135,1096
35321.0,919,2076
35324.1,1852,629
35325.0,1637,601
35326.7,73,412
35327.4,1441,428
35327.9,1284,679
35328.7,1163,1828
35331.1,2023,404
35331.7,1357,917
35332.0,838,289
35336.7,1826,932
35336.8,873,1223
35338.9,1349,1568
35341.6,1732,388
35344.0,1554,1477
35345.3,583,461
35347.3,83,177
35347.6,1737,1260
35349.0,1461,2137
35350.4,1900,231
35352.2,1437,494
35353.5,1333,931
35354.4,218,1727
35354.6,11,1355
35357.6,2031,1569
35363.0,852,698
35364.6,1915,687
35366.2,2039,1175
35367.6,1576,767
35367.8,2111,1948
35368.3,363,314
35370.0,1425,669
35371.4,845,2015
35371.6,107,1820
35372.1,789,397
35372.6,1227,1028
35373.9,1096,471
35375.1,1538,1106
35375.5,1574,720
35376.8,829,1138
35376.8,577,2019
35377.5,304,1453
35378.3,936,1695
35379.2,22,1821
35379.3,449,639
35379.9,485,125
35383.4,367,1779
35384.1,77,1953
35384.7,431,1121
35385.1,1528,1696
35385.8,316,1671
35387.9,1880,1541
35389.9,377,1363
35389.9,1107,960
35390.3,6,332
35390.3,759,1606
35391.7,1401,1857
35392.3,1245,1890
35392.9,1617,1485
35394.6,788,570
35395.7,1952,1964
35400.3,342,240
35400.8,1774,2128
35401.3,86,622
35401.7,223,1216
35404.5,1745,761
35404.6,1987,95
35407.1,400,1536
35410.9,1369,902
35413.3,1895,900
35415.6,51,1318
35415.9,1213,675
35416.9,0,2010
35418.4,287,1711
35418.6,829,255
35422.1,1547,456
35422.6,230,1961
35422.8,206,1768
35423.4,1627,223
35423.7,1882,236
35424.2,240,1102
35424.4,1884,1922
35425.1,1764,830
35425.3,1167,1689
35426.0,1586,199
35427.0,1110,1721
35429.2,609,612
35430.4,2094,896
35430.4,2007,2117
35430.9,1921,1852
35433.3,2082,2067
35433.5,887,1864
35434.0,1651,1604
35435.0,1764,724
35435.7,1038,2057
35436.0,959,50
35438.6,146,1803
35438.7,1328,1054
35439.5,1363,1453
35439.5,796,885
35440.1,620,359
35440.2,1341,1564
35441.0,2137,270
35441.4,652,747
35445.1,1661,1263
35448.6,487,982
35449.4,1720,1335
35449.4,1140,686
35450.8,887,433
35451.4,1672,965
35452.2,351,912
35452.3,256,1493
35452.5,305,988
35453.1,95,107
35453.5,1802,197
35454.0,1250,1152
35455.1,245,1421
35456.6,265,1345
35456.7,912,1044
35459.7,2025,381
35469.7,297,657
35470.5,222,86
35471.7,1744,204
35473.0,2140,297
35475.8,1193,1262
35478.3,1756,1747
35480.8,1592,393
35481.0,1911,623
35483.3,1139,668
35487.7,1676,1920
35487.8,122,1402
35489.5,1411,629
35489.9,47,1044
35491.1,1964,1984
35492.7,1320,1983
35492.9,27,137
35493.2,808,342
35493.8,2129,1694
35493.9,1423,1782
35494.2,623,1270
35495.4,1917,1717
35495.8,411,1107
35496.9,1418,2072
35500.3,741,1486
35500.4,155,338
35500.4,1652,951
35500.7,548,593
35501.4,1991,1939
35501.5,1340,1253
35503.9,677,1731
35504.8,961,1476
35506.5,1081,813
35508.0,1048,744
35508.1,2140,17
35508.2,1283,1388
35509.1,1132,408
35510.5,1518,420
35510.8,1484,1509
35512.8,1017,643
35515.8,838,1927
35516.4,2065,883
35517.6,992,480
35518.3,683,1309
35518.5,902,602
35519.0,1028,592
35519.1,837,1431
35521.1,1976,1771
35521.6,1790,679
35522.6,2010,808
35525.3,1531,77
35525.4,1060,1334
35527.2,2143,181
35536.0,1248,2123
35536.2,1198,170
35537.0,652,2127
35537.6,1496,1422
35538.5,736,775
35541.1,1850,95
35542.9,644,1479
35545.5,1896,891
35546.1,2144,247
35546.6,544,556
35547.3,830,338
35551.8,1884,1528
35554.2,260,345
35554.8,555,1840
35556.5,880,1231
35558.4,1169,1817
35559.2,1382,1555
35561.6,2086,1726
35561.9,1997,367
35562.2,1800,1935
35562.2,127,1363
35562.6,754,308
35564.6,614,913
35569.9,1598,1352
35570.6,1489,799
35572.4,1993,1593
35572.8,1180,1360
35573.0,1342,1570
35573.2,692,627
35573.2,841,1149
35575.0,1050,1101
35577.1,538,1583
35577.2,2120,232
35578.0,1540,181
35581.1,1771,829
35582.3,1077,1392
35582.4,1574,817
35583.3,622,577
35583.4,596,2114
35595.4,1547,60
35595.9,759,1985
35596.8,2029,433
35598.5,1005,1726
35599.9,51,1475
35600.5,1364,1700
35603.5,1294,141
35605.0,1570,1229
35605.1,877,1307
35605.3,6,2107
35607.1,2125,1571
35608.9,280,375
35611.7,14,1885
35611.8,714,836
35613.3,105,1001
35615.2,1695,2094
35615.3,1366,2070
35615.7,1114,857
35617.7,1998,550
35619.6,812,711
35620.3,2024,2030
35622.8,870,916
35624.7,297,310
35626.1,2065,224
35628.1,954,2099
35630.9,985,191
35632.8,1920,1999
35633.3,1539,2099
35634.9,1070,723
35635.0,497,134
35635.1,1935,1143
35635.9,374,935
35636.1,653,1582
35636.6,1805,1266
35637.2,889,234
35637.4,870,437
35637.6,2004,464
35638.3,69,1263
35638.6,1001,575
35639.4,1289,376
35642.0,1300,683
35642.1,895,99
35644.5,476,1560
35645.1,1857,685
35647.7,366,421
35647.7,1409,922
35647.8,174,76
35652.4,284,1882
35653.6,740,1326
35653.7,1625,695
35653.9,73,307
35654.2,1838,131
35654.4,372,1276
35654.4,1135,1589
35655.6,337,967
35657.8,146,1906
35658.6,2010,641
35658.7,1156,1492
35658.7,29,1777
35660.4,838,1437
35660.7,847,1484
35660.8,1647,767
35661.5,1333,279
35661.5,1114,1547
35665.0,1987,1000
35665.1,1487,305
35667.2,1384,411
35667.4,514,120
35668.6,1815,831
35668.6,613,1201
35673.3,1956,1267
35673.4,825,1384
35674.5,1718,1699
35675.0,968,204
35675.3,1572,922
35676.7,2119,1482
35677.5,821,906
35678.7,1311,2065
35678.7,47,113
35680.7,1222,417
35681.3,1544,1999
35681.9,378,1270
35682.6,987,496
35683.0,1485,22
35687.2,72,922
35688.3,1516,1477
35689.2,1189,1591
35691.7,1177,660
35691.8,2056,432
35693.6,87,575
35693.9,8,388
35694.5,1425,430
35695.6,28,1662
35697.4,459,1993
35699.2,132,1869
35703.6,491,661
35704.2,1890,1938
35705.5,85,1149
35706.1,1603,653
35707.5,2110,1162
35713.5,1766,1416
35714.2,2044,674
35714.2,14,1053
35716.6,1991,329
35719.3,931,1570
35721.3,1390,931
35721.7,1542,1209
35721.8,1193,584
35723.4,1921,471
35724.9,1793,1210
35725.4,263,1214
35726.0,1508,1454
35726.0,208,203
35726.2,75,1747
35727.8,1433,1249
35728.6,1290,1739
35731.6,1041,553
35733.7,569,1041
35734.0,380,155
35737.9,101,2132
35741.4,1069,1324
35741.5,2136,476
35741.9,1763,1217
35742.6,617,811
35743.3,1800,1210
35743.5,242,1752
35743.5,710,1486
35743.7,1323,828
35745.1,328,770
35745.5,382,1843
35746.1,764,115
35749.1,1418,1225
35752.4,2014,1515
35752.8,129,394
35753.4,1839,148
35754.0,1098,674
35755.0,1825,769
35756.2,865,1663
35757.4,423,107
35759.2,670,1733
35760.5,1449,1777
35764.4,559,249
35766.3,1567,1166
35766.9,1674,1964
35767.5,1898,1456
35768.1,1355,195
35769.1,1445,237
35770.8,318,1252
35771.2,635,1458
35772.0,63,698
35772.9,490,33
35773.1,1410,1371
35774.9,438,1027
35775.3,627,1320
35776.7,577,45
35777.1,1676,1381
35779.3,482,500
35781.8,144,1429
35782.1,840,174
35784.5,1387,797
35784.5,1773,2002
35784.8,61,921
35786.9,929,1185
35786.9,1764,1944
35787.7,1645,582
35789.2,266,503
35790.9,1345,52
35793.2,415,1876
35793.3,1449,1986
35793.7,1255,1426
35797.2,1136,100
35799.6,476,1267
35799.9,1862,1777
35800.7,1250,1006
35800.9,1300,1526
35801.6,1739,1288
35802.7,1891,669
35803.8,737,1675
35804.1,1949,894
35804.3,1083,935
35805.2,175,780
35806.6,322,165
35807.1,1660,1315
35808.5,447,1087
35808.6,956,1262
35808.9,1836,1626
35809.8,944,615
35813.6,2076,1818
35814.2,351,1767
35814.2,1450,355
35815.3,1928,30
35815.5,1097,762
35818.1,1752,984
35818.8,880,1894
35819.2,185,275
35819.5,308,1076
35819.7,307,771
35820.3,1972,488
35822.3,585,1695
35822.5,445,1175
35823.3,698,103
35824.0,1045,1889
35825.0,937,1408
35825.5,1149,1325
35828.8,1710,1250
35829.6,794,263
35830.9,1623,2096
35831.9,721,1656
35832.5,1939,77
35832.6,2140,1099
35832.9,796,185
35833.0,1498,1941
35833.9,426,1657
35834.5,1775,40
35835.4,193,1083
35838.3,2081,154
35840.1,531,1152
35840.5,1647,756
35841.5,698,1770
35841.6,840,1074
35843.1,139,1873
35843.4,1777,825
35843.5,799,383
35844.4,778,1849
35847.5,621,825
35848.4,28,1251
35848.9,938,13
35850.8,941,1135
35851.8,331,1645
35852.3,1689,1044
35853.4,1954,809
35854.4,1667,392
35854.7,957,1945
35856.0,660,1996
35858.1,422,307
35858.7,850,759
35859.2,2063,1020
35859.3,716,361
35859.6,1993,259
35860.2,976,1000
35861.1,297,1939
35862.9,1863,1653
35862.9,2092,2019
35863.4,58,1933
35863.6,1027,2084
35863.7,1386,124
35864.1,360,1709
35864.9,305,711
35865.8,996,1819
35867.0,906,1347
35870.0,914,237
35871.9,635,752
35873.8,2117,394
35874.2,1426,1023
35875.4,1003,1727
35876.5,608,995
35880.2,714,175
35880.9,1230,2095
35881.6,350,1395
35882.3,652,946
35888.6,1592,2041
35889.6,264,1144
35890.3,153,346
35890.7,317,616
35891.7,3,1045
35892.1,430,649
35892.2,825,1719
35892.4,1828,1259
35893.2,1649,761
35893.5,1837,1743
35895.1,1964,906
35897.1,532,1851
35897.9,1668,103
35899.4,771,1359
35900.7,983,1669
35901.7,201,1747
35902.3,1943,1195
35902.4,1691,1028
35903.7,1700,1657
35907.1,998,1010
35907.9,1521,1705
35909.8,2077,1115
35910.4,1403,1973
35911.1,2031,1483
35912.2,1132,1389
35913.1,1695,301
35914.0,2101,785
35914.7,1278,680
35915.0,1545,153
35915.4,1100,1093
35915.9,747,1439
35918.2,1597,2033
35919.5,636,493
35924.9,2117,708
35926.1,293,1630
35927.9,13,959
35928.6,1683,853
35930.4,1195,10
35930.7,2080,126
35931.2,2010,1046
35931.3,642,1790
35932.5,39,2099
35934.1,1305,1306
35936.6,62,1692
35938.5,416,1894
35941.6,12,2031
35944.0,2057,847
35945.3,846,327
35945.6,1245,132
35945.8,1929,1503
35946.9,743,1470
35949.9,270,1652
35950.5,1492,1494
35950.9,1234,2135
35951.5,608,291
35956.1,2029,13
35958.0,1615,242
35960.6,1381,1288
35961.4,2143,1162
35961.6,1657,27
35963.5,1767,1554
35965.7,1671,273
35967.0,793,324
35967.8,1662,85
35969.8,673,1201
35970.3,1534,1542
35971.4,374,2090
35971.5,872,942
35973.3,1585,1849
35973.8,1361,1482
35974.2,68,1574
35975.2,1099,739
35975.9,1526,796
35976.3,644,1270
35977.4,1782,1639
35978.0,205,472
35978.9,1311,2119
35980.0,1181,442
35980.4,80,790
35981.1,913,1252
35982.0,1065,1366
35982.2,1598,495
35985.2,987,1843
35986.4,674,647
35987.7,853,90
35988.9,1192,1205
35989.2,287,668
35989.3,808,1125
35995.6,1325,1353
35997.9,125,167
35998.7,1403,1642
35999.3,1987,537
36002.8,235,1562
36004.1,1716,1427
36004.9,811,1810
36006.4,1516,447
36010.6,215,1166
36010.7,1634,1989
36011.5,1555,1993
36012.7,826,526
36014.3,543,1111
36016.8,1568,1963
36017.2,325,1727
36018.0,1345,1849
36019.1,484,541
36019.1,1252,1370
36019.5,97,668
36020.5,1137,1221
36020.7,566,1544
36023.1,1830,1653
36024.1,495,964
36025.5,1584,1994
36025.9,2133,1746
36028.3,1600,33
36029.2,1961,2122
36029.9,322,1216
36030.0,980,1325
36031.1,1168,216
36032.6,1192,1066
36033.4,762,1876
36033.5,564,1483
36033.9,1407,616
36034.7,1687,261
36034.8,1368,1034
36035.6,668,1946
36036.0,224,1869
36036.5,370,1006
36037.7,1034,1563
36039.7,979,1838
36040.7,126,935
36041.2,2143,471
36042.6,76,1524
36043.5,1967,1880
36043.5,1923,1467
36043.6,783,882
36045.9,710,1320
36046.5,1850,1958
36048.0,1247,1615
36050.1,376,1962
36052.0,274,2124
36052.7,1664,1800
36054.3,1684,286
36055.0,952,927
36056.8,1606,850
36058.8,488,990
36058.8,810,583
36060.5,1679,531
36061.0,2112,1725
36061.4,1035,1648
36062.1,1133,1992
36062.8,1281,921
36063.4,1101,1017
36065.6,1378,1176
36065.7,446,1904
36066.3,198,128
36068.7,723,1022
36071.6,2079,669
36072.5,96,667
36074.7,1455,1008
36077.2,1316,106
36077.6,1453,1635
36078.5,1715,161
36078.6,326,693
36081.2,770,366
36083.2,1294,544
36085.2,59,1115
36088.0,503,1283
36089.3,1339,2105
36090.8,595,1893
36091.5,1709,381
36092.8,714,1967
36093.6,808,989
36093.9,1346,1785
36097.4,1272,633
36097.4,1096,1050
36099.4,1833,1612
36103.6,343,1696
36106.1,717,1490
36106.2,1697,1152
36106.3,875,318
36107.3,258,1994
36110.0,739,1670
36110.6,575,868
36111.0,1753,1513
36112.5,1482,1152
36113.2,260,522
36115.3,252,902
36117.2,1148,1684
36117.9,710,1784
36118.3,212,311
36120.9,2101,708
36122.4,2089,469
36125.2,860,1367
36130.3,1391,1073
36132.5,1404,1760
36132.7,1731,9
36133.5,2093,346
36135.8,1016,2075
36136.2,1862,1364
36138.6,1002,1053
36140.5,1897,1119
36141.7,2060,1299
36141.7,567,1066
36141.8,1416,1291
36143.6,1710,1439
36143.7,243,1644
36144.9,1764,445
36145.1,1428,1860
36145.4,1800,637
36145.9,4,950
36146.0,1117,1550
36146.5,1025,1111
36149.3,523,67
36150.8,1041,69
36150.9,675,863
36151.0,1453,195
36154.9,2033,995
36155.0,1401,773
36156.1,155,982
36157.8,856,762
36159.6,651,1590
36159.8,1355,1492
36161.6,1506,1418
36165.1,1567,604
36167.9,1235,2039
36168.5,1413,1812
36169.5,899,939
36170.6,1184,850
36170.7,1438,325
36175.2,2066,2082
36175.7,1822,1801
36176.7,765,61
36178.1,1393,1975
36178.4,2087,992
36179.5,2123,813
36179.5,291,1770
36181.7,2140,1197
36182.3,72,1846
36184.1,1398,1718
36184.3,1308,1544
36185.6,14,856
36188.6,1832,407
36192.2,2079,1831
36192.7,1851,1344
36192.8,130,541
36192.8,1398,519
36192.9,1639,192
36195.7,1177,852
36196.7,1633,1063
36199.9,1029,1966
36206.8,778,687
36206.8,1220,1046
36209.0,1101,53
36210.5,964,414
36211.5,330,1
36211.7,740,237
36213.5,1628,2000
36216.5,294,1617
36217.7,1034,513
36220.5,338,1606
36221.2,1721,1124
36222.0,119,2001
36223.5,900,1419
36223.8,1399,1721
36224.4,102,1015
36224.5,789,46
36225.8,308,1582
36225.9,906,731
36226.1,648,191
36226.1,2016,1209
36226.2,1569,1546
36227.8,1096,863
36231.6,1547,99
36233.6,607,963
36233.7,2010,574
36234.0,1231,1564
36236.3,1032,1150
36237.1,156,1559
36237.2,1611,251
36237.9,970,2012
36240.9,673,296
36241.3,482,161
36241.4,659,104
36242.2,1053,1928
36243.5,190,428
36244.8,1868,249
36246.5,1600,1111
36247.3,1755,1355
36248.2,1517,1861
36250.0,1842,87
36252.8,921,1632
36254.0,1311,1144
36255.8,340,84
36258.0,890,1978
36258.9,1647,1288
36259.2,176,18
36259.6,876,792
36260.0,868,101
36260.4,713,106
36262.3,132,8
36262.4,1608,1919
36262.9,1072,1829
36263.4,1778,1190
36265.4,366,1738
36265.7,571,1398
36265.8,1929,577
36268.0,828,215
36268.2,1429,2076
36268.5,1944,717
36273.5,922,1016
36276.0,216,1057
36277.1,53,2111
36278.6,323,439
36278.9,1504,2056
36278.9,1247,948
36279.0,1304,1902
36282.2,519,379
36282.3,1823,438
36283.8,2115,432
36283.8,388,1859
36292.9,1756,954
36296.0,527,349
36296.5,1713,1982
36296.8,1849,469
36296.9,1851,26
36300.3,1681,1774
36300.7,1258,413
36301.2,963,1433
36303.8,1273,1751
36304.8,1374,784
36306.1,1195,760
36306.6,1300,1881
36307.3,1555,2012
36308.9,905,1531
36309.0,1580,139
36309.4,659,1020
36310.7,123,408
36311.1,69,1445
36312.7,253,1801
36314.7,314,1438
36316.0,399,1556
36317.6,911,576
36317.9,1257,1997
36321.0,618,1379
36322.6,1714,308
36324.1,1480,1411
36325.6,941,942
36327.6,2068,1192
36327.7,514,70
36328.4,2084,356
36328.9,1673,1628
36329.0,790,109
36333.4,237,1439
36337.0,2138,882
36337.4,819,1122
36339.5,838,1668
36339.9,1782,250
36341.4,2139,2042
36342.1,1019,1164
36343.0,1207,1067
36343.1,1738,1899
36343.7,386,2010
36345.4,988,84
36346.6,1171,2047
36347.1,823,573
36347.7,967,1236
36348.6,99,705
36349.7,1374,426
36350.4,691,165
36351.5,1427,1084
36352.4,632,1546
36352.6,1952,842
36352.9,766,1382
36353.8,535,1904
36354.5,1648,913
36354.9,1049,427
36356.1,1033,1070
36359.3,1915,1742
36359.8,745,528
36360.3,1642,2113
36362.3,470,1688
36363.4,272,1952
36364.0,1889,427
36364.3,588,1216
36364.8,1860,119
36366.4,1339,29
36367.6,1451,1800
36368.0,1362,178
36368.9,1718,1279
36369.8,2120,1221
36370.0,1022,487
36370.2,1784,190
36371.1,962,804
36371.6,1172,722
36372.9,522,1049
36373.5,1175,486
36374.1,63,774
36376.8,1017,1266
36376.9,1736,1445
36377.4,436,1073
36377.5,447,133
36378.8,1199,1894
36381.4,325,693
36383.6,2074,963
36387.1,1283,2129
36387.5,33,405
36387.7,1944,300
36387.9,1812,2006
36389.4,1317,1577
36390.7,1384,797
36392.9,18,393
36394.3,1154,1111
36395.2,1033,57
36398.3,8,787
36398.3,655,682
36399.3,183,1648
36399.7,396,1593
36400.2,1210,134
36400.4,1003,1902
36401.1,1318,519
36403.3,1306,1854
36407.6,58,690
36407.9,1576,1311
36408.6,1695,179
36414.1,33,1495
36415.2,105,492
36417.7,2094,55
36417.7,1013,0
36417.7,799,1868
36418.7,1627,2145
36420.4,656,633
36420.4,780,41
36421.2,251,256
36424.1,1737,696
36427.6,839,1914
36428.2,1603,685
36428.4,1102,283
36428.9,277,243
36429.7,519,1860
36431.3,682,1262
36433.7,633,1674
36434.0,973,1254
36435.1,1599,820
36436.2,1996,1103
36437.4,1438,362
36437.4,576,940
36441.0,1472,1487
36443.4,2065,1427
36444.1,608,2111
36445.4,1075,1638
36446.8,2112,399
36449.5,334,109
36450.1,1999,1497
36450.4,612,1676
36450.5,233,1219
36450.6,1916,1342
36451.8,642,172
36452.1,2080,392
36452.5,1078,331
36454.6,495,1938
36455.8,2102,1145
36456.3,2113,1232
36457.3,1981,1107
36458.4,175,180
36459.5,713,1723
36459.8,2116,1629
36460.3,90,2020
36461.6,87,228
36462.7,92,1456
36463.4,84,329
36464.5,2038,1168
36467.0,1318,1828
36467.5,601,527
36468.0,1530,1727
36468.9,1099,1738
36471.0,54,5
36471.2,455,523
36473.1,1557,624
36473.5,766,1201
36474.7,1169,1980
36476.1,19,554
36480.7,1412,475
36481.8,162,1610
36484.6,1836,569
36485.1,1103,1740
36485.1,1472,1937
36486.6,652,1176
36487.6,1984,1183
36488.3,994,222
36492.0,870,1365
36492.7,121,387
36495.2,232,151
36496.7,1710,1023
36497.1,1884,1259
36498.4,329,2068
36498.4,1081,551
36498.5,630,642
36498.7,1294,1952
36501.4,1870,1020
36501.7,1772,766
36505.0,1966,1548
36505.6,1840,1474
36507.2,1421,568
36507.7,1694,1326
36511.3,1474,100
36512.9,1745,1574
36513.3,2051,1953
36514.2,1641,1269
36516.8,2089,1937
36517.0,184,210
36517.1,1406,1443
36517.4,1085,1394
36519.8,977,1170
36520.6,2087,1430
36520.7,1087,2083
36521.2,1864,24
36521.6,484,1275
36522.2,1347,1579
36522.5,802,1975
36522.5,1371,433
36524.9,2140,427
36526.1,494,810
36527.0,1805,1490
36528.4,1426,1334
36529.4,669,729
36530.5,422,782
36530.9,621,1182
36531.0,1885,1892
36532.6,331,2129
36532.6,442,1545
36533.3,1887,1206
36536.9,793,1552
36536.9,1081,10
36539.5,2128,1359
36540.6,1796,406
36547.2,914,1702
36548.3,1111,1926
36548.7,841,1252
36550.6,1599,2116
36551.5,869,2071
36552.2,1601,371
36553.7,1968,1881
36554.3,1295,2144
36555.8,1199,774
36555.9,1696,1302
36556.1,275,1831
36558.4,148,113
36560.8,793,265
36561.0,1719,81
36561.6,2007,1225
36561.7,1236,1376
36562.9,1809,1734
36564.0,1533,385
36565.3,1702,2112
36565.4,142,2031
36566.3,1847,858
36566.5,2130,990
36567.0,1257,446
36567.2,966,1071
36567.7,706,826
36568.0,1514,2114
36568.1,741,1183
36568.6,2047,317
36571.7,1569,733
36573.8,1905,1105
36575.7,1363,420
36578.7,1159,514
36579.6,1686,823
36579.8,224,630
36580.1,1903,1050
36581.4,136,531
36582.3,304,182
36586.4,11,1984
36587.1,1215,1121
36587.4,1146,1700
36587.4,1537,852
36587.7,1501,1630
36588.1,1652,734
36589.3,2028,154
36591.4,1354,617
36591.5,361,1101
36592.9,932,1437
36595.3,390,1944
36595.5,810,1561
36598.7,1498,178
36599.1,1277,1489
36599.4,210,580
36601.5,1006,1367
36602.0,1927,629
36604.6,1050,145
36607.4,1475,971
36607.5,1661,314
36611.6,924,69
36611.6,1497,553
36612.4,676,804
36612.8,2074,2014
36612.8,1532,1715
36613.9,923,896
36614.4,1465,1645
36614.7,1518,259
36615.6,630,1067
36618.4,1797,1216
36619.3,1595,173
36619.4,1414,1472
36620.2,854,829
36623.2,13,1887
36624.4,515,1663
36625.7,3,1183
36625.7,1031,1867
36628.4,1516,107
36628.6,1288,63
36629.1,1604,1421
36631.0,2112,159
36632.3,1323,1625
36634.8,2035,545
36635.1,693,1185
36635.3,1032,983
36635.3,1635,979
36636.8,430,152
36639.0,1922,412
36640.7,1008,1563
36642.5,1392,321
36644.3,372,1233
36649.4,602,202
36654.1,630,1629
36654.2,591,885
36654.4,1684,494
36654.8,539,1177
36658.2,1220,558
36658.4,639,699
36658.8,91,608
36659.1,538,228
36659.2,395,781
36659.3,701,659
36659.7,965,1363
36659.8,2000,392
36661.4,955,1374
36661.7,662,1321
36666.3,477,1985
36673.8,752,1149
36676.6,2127,1125
36677.3,1999,1539
36677.7,1860,1877
36678.8,1486,882
36679.4,1126,14
36680.4,1,1904
36680.4,220,1606
36680.8,972,1543
36680.9,1987,768
36683.9,1369,1732
36684.7,671,1726
36684.8,810,1758
36685.0,596,1193
36685.5,1927,1845
36688.1,800,746
36689.5,795,2058
36689.8,1144,1770
36690.0,655,678
36690.2,657,913
36690.5,338,806
36691.4,1332,723
36693.0,890,1383
36694.2,114,1576
36694.4,112,1193
36697.5,173,392
36705.9,1225,304
36706.1,1386,657
36706.4,634,1030
36708.5,1588,1813
36709.9,2139,903
36711.0,928,1427
36711.0,1699,640
36712.5,774,805
36713.8,1880,1140
36714.0,805,1400
36715.0,959,848
36716.6,1830,2082
36717.9,1495,326
36719.5,88,1394
36719.9,132,1097
36720.4,1975,1480
36721.5,242,2083
36723.0,758,1414
36725.0,1953,528
36725.4,782,57
36725.4,18,1725
36728.0,286,1784
36729.1,1243,2060
36731.4,1613,1869
36731.8,1433,688
36733.5,401,1101
36734.5,1502,1559
36737.1,169,1560
36738.1,570,1876
36740.5,2,707
36741.0,533,1511
36743.0,1082,423
36745.0,254,1507
36745.6,1681,728
36746.9,293,585
36747.6,1671,1825
36748.3,2078,107
36750.2,1086,202
36751.9,1647,1237
36752.8,1017,820
36753.5,1092,698
36755.8,1330,813
36760.6,638,96
36761.3,1108,921
36761.5,1671,275
36761.9,903,1222
36764.5,850,1959
36764.6,611,1091
36764.9,490,176
36766.0,1372,1684
36767.0,123,1495
36767.4,319,763
36767.6,1488,669
36769.3,1645,1129
36770.4,1153,1794
36771.4,252,1781
36772.1,1561,1189
36772.5,2073,1694
36773.8,953,151
36774.6,122,1884
36775.5,162,283
36777.2,447,553
36777.6,1187,2145
36779.5,1523,1604
36780.6,1217,527
36780.8,2085,1975
36781.2,80,104
36781.6,284,223
36783.0,252,1799
36783.2,787,292
36784.9,1201,708
36793.9,1160,851
36793.9,1696,1184
36794.0,1085,350
36794.1,241,1877
36794.2,1124,847
36794.3,1425,1517
36796.2,888,361
36796.8,2138,2103
36797.6,1296,159
36798.2,63,1763
36798.9,1465,474
36799.3,1084,2139
36799.6,294,1360
36800.3,1438,493
36800.7,538,1875
36801.5,639,266
36802.0,943,1590
36802.2,1371,500
36802.3,1779,713
36804.9,1928,394
36805.2,1514,789
36805.6,146,1609
36805.7,1727,1333
36805.8,1043,2043
36806.0,1300,1424
36806.3,147,2034
36806.6,304,765
36806.8,1796,594
36807.3,130,1254
36807.8,724,1231
36811.1,2119,1789
36812.7,141,1755
36814.1,525,1300
36815.9,943,961
36816.6,406,61
36819.8,973,304
36822.1,402,1101
36823.9,105,2068
36824.1,1850,453
36830.5,555,756
36831.4,1832,1252
36833.1,1373,1052
36834.3,1457,1084
36835.6,1220,1354
36837.8,608,1659
36838.5,711,1962
36838.8,1775,1612
36841.1,1140,256
36843.8,153,1369
36843.9,700,555
36845.4,1918,607
36847.5,774,78
36849.2,2018,1928
36850.1,2116,956
36851.4,1865,1879
36852.3,47,2020
36852.3,551,1029
36856.4,2061,913
36857.7,340,896
36858.0,397,1455
36858.7,730,224
36859.8,1019,1770
36860.4,1586,671
36860.4,1827,618
36861.5,1332,479
36862.9,1562,1643
36863.0,1714,1733
36864.9,358,81
36865.9,6,980
36867.2,739,1955
36867.8,1980,886
36869.6,84,1709
36869.9,846,895
36872.0,1419,180
36872.7,1656,2020
36873.4,1394,1450
36873.4,108,151
36873.9,199,218
36874.9,176,1704
36876.1,765,1477
36876.2,2068,146
36876.8,1518,1765
36880.1,1276,318
36881.2,1179,276
36883.5,1070,865
36884.2,1607,197
36884.8,737,173
36885.5,377,481
36887.3,2067,448
36889.0,1271,862
36889.7,2137,1079
36890.9,970,548
36893.2,383,1842
36893.9,383,487
36895.8,1783,1797
36896.3,95,166
36896.7,2022,1388
36898.0,815,430
36898.5,1825,1451
36899.8,541,726
36901.0,214,1014
36903.2,1612,146
36906.2,241,872
36906.9,1192,1758
36907.6,1474,1620
36908.4,1504,833
36910.3,1331,307
36913.0,1017,1059
36914.4,2022,1165
36914.7,559,2033
36914.7,428,699
36914.8,183,105
36915.1,364,8
36915.2,1020,586
36917.3,22,2059
36917.5,980,1053
36920.5,1658,39
36921.6,100,1900
36922.1,2130,1448
36922.3,1640,1632
36922.4,75,2042
36925.1,1067,1279
36925.5,196,1149
36925.8,1183,1632
36927.4,1778,578
36927.5,691,1909
36929.0,1818,541
36929.7,76,1394
36930.1,154,693
36931.8,79,737
36932.7,1238,1688
36933.2,1356,582
36936.2,1298,1569
36937.2,1641,1024
36939.8,889,786
36941.2,1842,1124
36941.7,259,174
36941.9,1204,1805
36942.6,1244,1243
36943.0,919,1807
36945.9,1547,151
36947.2,253,2097
36947.7,1390,912
36949.6,1916,1253
36950.3,885,428
36951.2,892,1044
36951.5,65,53
36951.7,679,1995
36952.7,1400,643
36955.0,1209,1636
36956.7,321,1299
36956.8,653,456
36958.5,1746,2014
36959.2,18,2142
36962.6,1674,181
36962.7,1548,1749
36965.3,2071,1825
36966.2,655,1271
36966.3,1513,1726
36966.9,535,895
36967.9,1350,1026
36969.5,170,1231
36971.1,1379,72
36972.5,1635,793
36973.5,813,1039
36974.1,1597,92
36975.0,1054,1205
36976.2,1602,178
36976.4,1656,1354
36982.0,750,913
36984.5,1411,824
36984.5,68,1909
36987.3,427,173
36989.3,2032,2115
36990.0,93,310
36990.6,2111,925
36993.7,977,1135
36995.7,288,734
36996.9,610,1030
36997.5,356,2080
36997.7,2032,2133
36997.9,2012,1259
36998.1,1433,96
36998.9,1263,910
36999.8,544,187
37002.0,1456,243
37003.3,227,1815
37004.2,1831,1828
37006.7,1368,2
37006.8,1314,778
37011.3,1305,1983
37013.3,1571,244
37014.6,1607,1852
37014.9,1593,278
37015.3,1037,1932
37015.7,1459,381
37017.9,917,613
37019.2,1788,1702
37020.7,1127,2082
37023.4,640,1083
37024.7,1706,1235
37025.7,307,1817
37026.7,1841,1481
37028.4,1941,831
37028.5,1584,279
37028.8,1601,120
37028.9,1044,352
37030.1,1255,105
37033.0,246,251
37035.2,635,1341
37035.8,2092,828
37038.8,1351,1747
37041.0,1827,2131
37041.4,1940,1956
37042.2,1345,1067
37042.2,919,1219
37045.7,1929,497
37046.1,468,791
37046.9,26,523
37047.9,669,1712
37050.0,1767,1400
37050.3,912,1541
37051.1,1591,732
37051.8,1031,1396
37053.3,1058,56
37053.6,1249,2089
37055.4,1010,1838
37055.9,1466,1348
37056.3,1222,694
37056.5,201,1073
37057.3,1358,1052
37060.0,2027,1629
37060.5,822,45
37060.6,1918,1577
37062.5,673,1827
37062.6,983,2094
37063.6,601,2127
37064.3,1446,2120
37064.6,1091,920
37064.7,1909,983
37065.7,1272,1107
37068.3,723,1148
37068.4,1063,30
37068.8,1737,2111
37069.7,191,1848
37070.4,1044,713
37071.2,1258,1798
37073.3,424,456
37073.8,1868,792
37074.7,348,1398
37077.4,502,1653
37077.7,2002,866
37078.3,1940,351
37078.6,2028,808
37078.7,82,882
37081.6,480,1629
37082.3,492,1737
37082.6,1626,2141
37084.2,1767,1964
37086.9,1610,705
37090.3,311,2057
37090.5,1278,1902
37091.6,742,515
37091.9,1658,1735
37092.7,1867,419
37093.3,1815,376
37094.6,2125,1471
37095.4,577,1367
37096.1,1517,706
37096.4,1292,619
37097.5,225,106
37099.5,774,1197
37101.3,912,1808
37101.6,1397,1103
37101.8,1171,1959
37104.0,392,268
37104.6,1288,2121
37110.6,740,271
37111.7,1364,345
37112.4,7,1847
37114.6,1780,1868
37115.4,1750,808
37117.6,479,858
37117.7,1602,1219
37118.2,804,791
37118.9,1212,660
37119.4,33,913
37123.5,1002,995
37125.0,716,362
37125.0,657,1381
37128.7,1652,1847
37129.2,282,1196
37130.3,1467,1839
37131.1,952,390
37132.7,1966,7
37133.2,515,1514
37134.2,764,168
37134.3,1088,886
37134.8,1519,1590
37136.9,790,1622
37139.5,2090,2111
37141.0,943,1789
37141.8,963,1717
37143.1,1230,1277
37144.7,2079,479
37144.7,1653,794
37146.5,1689,1836
37148.3,571,111
37148.9,94,1125
37149.1,1206,601
37150.3,574,312
37150.4,716,1090
37151.2,870,1397
37151.2,1979,694
37151.3,848,2058
37152.1,486,386
37152.3,75,882
37153.2,2069,786
37154.3,167,429
37154.9,10,1505
37156.1,1220,2007
37161.4,322,1780
37162.4,249,1590
37163.3,972,156
37163.8,126,25
37166.3,1338,1106
37168.9,2133,69
37169.0,821,485
37171.1,1123,865
37174.3,1705,3
37177.4,2021,1073
37177.7,419,441
37177.8,1409,1089
37178.9,532,335
37180.7,1941,441
37181.8,193,272
37182.2,1199,269
37183.0,1705,1298
37186.9,527,74
37189.9,1509,1239
37190.9,835,1629
37190.9,111,305
37191.6,2129,55
37191.8,336,1393
37194.6,887,1705
37194.6,1576,1195
37194.9,1226,1490
37196.2,801,1092
37199.0,2018,850
37199.2,12,1695
37199.2,477,1522
37199.5,825,118
37200.1,733,1408
37204.3,707,1262
37205.7,71,1230
37212.2,2029,176
37212.6,1131,1353
37213.1,398,1656
37214.2,861,667
37215.8,129,1363
37218.6,1845,1184
37218.7,839,1513
37219.0,402,6
37219.3,301,1623
37221.5,1639,2038
37222.2,108,1475
37222.4,2078,1360
37223.8,1551,175
37224.2,774,1066
37224.4,57,133
37231.6,2108,585
37232.1,1328,1982
37233.0,818,184
37233.2,97,877
37234.0,844,338
37234.2,1508,1677
37235.3,1252,2127
37235.8,252,1871
37236.2,1879,318
37238.2,1049,91
37239.8,1429,481
37243.1,58,1308
37243.2,294,413
37243.5,1582,307
37244.4,137,9
37244.4,1131,2108
37246.6,1246,447
37248.2,553,787
37249.6,2073,424
37249.6,1164,1332
37249.8,1338,1019
37251.3,1577,598
37251.8,1479,1766
37251.9,1101,414
37255.4,1824,250
37255.5,239,781
37256.9,496,1365
37257.1,1047,441
37257.9,1766,448
37258.1,1261,2109
37262.5,645,1026
37264.2,154,1663
37266.0,555,1684
37268.1,539,505
37268.7,1691,1222
37269.6,247,7
37269.7,674,848
37270.0,93,502
37270.7,1562,1381
37275.8,1598,1903
37278.7,764,906
37279.7,787,1590
37280.6,407,1201
37281.0,1153,1610
37283.8,717,2069
37283.8,1993,1080
37285.2,228,1285
37290.2,2098,55
37290.7,1504,30
37291.9,1107,662
37292.8,281,1785
37293.8,1627,624
37294.3,1825,2014
37294.6,107,2055
37295.4,1912,1174
37299.3,500,206
37301.6,1526,325
37304.7,1432,1886
37307.6,2084,344
37308.2,1376,373
37309.2,1463,1507
37309.5,1737,1048
37309.8,1300,575
37310.0,1982,812
37310.2,1251,579
37310.6,1964,702
37311.6,244,663
37311.7,634,311
37313.0,1879,705
37313.6,435,999
37315.2,596,134
37315.6,1374,2009
37316.6,455,1000
37316.7,1486,1555
37316.9,1527,930
37317.0,247,567
37317.4,267,899
37317.4,473,463
37317.7,1153,1737
37318.2,1259,757
37318.3,1017,1904
37319.6,2056,113
37323.8,1520,1375
37325.1,565,545
37327.9,1942,96
37331.5,519,1750
37331.6,1252,1910
37332.2,1937,2122
37335.7,752,1439
37336.4,1786,1252
37336.5,867,1424
37336.5,1834,1779
37338.4,1557,1850
37338.7,1831,1650
37338.9,1682,2072
37339.0,164,1814
37339.1,434,1157
37340.0,195,1458
37341.3,524,186
37341.4,589,1980
37343.5,33,1154
37343.7,1512,915
37344.0,566,861
37345.9,351,1247
37346.2,457,1664
37349.0,304,1766
37354.3,1931,1259
37355.7,1692,1992
37355.8,468,458
37357.0,1353,278
37358.9,482,1515
37359.8,1858,525
37360.1,245,807
37361.0,1318,1511
37364.5,2112,1641
37364.5,1647,1234
37364.6,1651,728
37366.3,1238,1388
37368.3,1169,1541
37370.0,845,1826
37370.1,1151,1891
37371.4,2035,1418
37373.9,2126,94
37374.5,1882,268
37374.5,2038,1057
37375.8,1143,201
37375.9,1996,1066
37377.8,1046,696
37378.2,946,1808
37379.3,839,1663
37380.0,213,1173
37380.4,1627,1878
37380.6,311,1667
37380.7,691,2006
37382.3,902,1211
37384.4,1899,1180
37385.6,1794,2121
37387.3,1535,513
37388.1,962,992
37389.3,419,2115
37391.6,2129,428
37392.1,2029,1339
37394.5,495,874
37396.5,1135,1441
37397.0,1794,1870
37398.3,122,1885
37399.4,249,1950
37402.2,226,1264
37403.5,1528,1381
37407.9,109,80
37408.0,802,425
37409.8,1073,427
37410.1,704,1439
37411.2,444,751
37412.2,1463,1564
37413.0,520,1058
37413.1,1499,1400
37415.0,665,1337
37417.4,428,2040
37418.2,1454,1765
37418.7,1652,1261
37421.8,1104,884
37422.5,632,2069
37424.2,630,96
37424.5,210,1127
37424.6,1713,1198
37427.5,1662,171
37428.3,1540,1394
37428.5,252,437
37430.1,2103,1889
37430.8,1684,1848
37434.6,1798,697
37435.2,225,977
37441.2,480,1402
37441.8,799,734
37441.9,4,1730
37443.5,170,1625
37446.3,1590,464
37447.8,1375,2129
37448.1,1438,518
37448.4,1024,1082
37448.5,111,136
37450.5,698,135
37451.5,1537,2013
37452.1,139,1218
37452.2,1687,588
37452.6,763,395
37454.9,490,1909
37455.3,1541,1936
37456.5,732,1670
37456.5,2142,1762
37457.0,330,1108
37458.5,867,1107
37461.4,735,134
37462.2,191,1174
37462.5,185,1865
37463.3,679,587
37464.3,1039,1361
37467.4,788,1639
37468.3,1200,673
37469.2,1628,135
37469.3,1605,1929
37470.7,1844,874
37473.7,2113,234
37473.9,261,846
37473.9,1433,705
37475.4,616,851
37476.3,1491,673
37476.5,1906,2022
37477.0,1104,1173
37479.0,122,1628
37480.4,766,1081
37480.8,1634,1025
37481.4,1141,449
37484.7,693,1712
37484.9,1500,1330
37486.1,531,1913
37487.2,804,1920
37487.3,494,1219
37488.7,317,1579
37489.9,142,1277
37490.7,1556,298
37490.8,1750,1502
37491.2,338,182
37492.9,1086,812
37493.8,135,683
37495.0,1697,1877
37498.3,134,1352
37498.3,1316,1693
37500.2,689,973
37503.9,765,1123
37504.6,1099,1333
37509.6,1627,39
37510.1,1463,353
37510.2,128,1657
37510.7,1609,963
37510.9,762,1655
37511.8,291,472
37511.9,2012,2083
37512.4,736,1423
37513.5,701,1860
37513.8,316,1660
37514.9,571,597
37515.1,581,1426
37515.5,1053,289
37516.5,1353,1959
37520.8,1598,354
37521.6,1533,1984
37521.8,1058,1491
37524.1,2131,964
37524.9,57,2046
37526.0,885,962
37533.3,1157,195
37534.2,796,1932
37535.1,1607,460
37535.7,747,1593
37536.4,1662,1566
37537.7,96,90
37538.5,1512,1708
37539.0,208,103
37539.1,586,1984
37547.5,55,826
37549.0,64,1150
37549.8,23,636
37550.8,961,909
37551.6,356,1084
37551.8,456,884
37553.8,1182,1841
37556.0,2043,932
37557.1,589,1669
37562.8,2061,1140
37565.5,1342,1065
37565.7,1706,515
37566.9,1009,1618
37568.5,2092,877
37568.7,1267,121
37570.1,712,2109
37570.3,1415,2057
37570.4,1705,308
37571.8,104,2073
37573.9,126,255
37574.3,851,946
37574.9,724,1792
37575.1,1100,1237
37575.6,520,760
37576.5,1060,557
37577.1,952,548
37578.6,1983,735
37578.8,604,417
37580.9,1426,975
37581.1,205,394
37581.7,768,761
37582.7,1812,1038
37583.3,349,1616
37583.8,280,1728
37583.8,1634,710
37585.7,1213,1331
37588.4,920,816
37589.5,1745,19
37593.2,1396,1901
37593.7,610,1663
37594.3,1248,1961
37594.4,382,2097
37594.5,551,15
37595.3,791,486
37596.4,357,1077
37601.0,1350,1494
37603.5,1682,890
37604.2,2083,1393
37611.5,259,1549
37612.2,1722,1477
37612.8,308,1552
37620.7,1689,1813
37621.4,752,564
37621.7,1125,1254
37622.7,1423,426
37625.1,960,1844
37626.5,1101,807
37629.2,1031,635
37629.7,424,1712
37629.9,809,490
37630.8,1922,1112
37632.3,1119,605
37632.6,404,761
37634.0,537,441
37636.1,1964,785
37640.7,379,115
37643.8,1054,1817
37644.1,1858,1338
37644.2,723,1496
37645.2,1339,60
37646.1,842,963
37646.3,414,99
37646.8,848,1321
37646.9,891,1301
37648.2,826,1207
37655.2,268,1800
37659.4,264,1559
37659.7,801,1426
37660.1,348,1468
37662.7,864,995
37666.2,2072,681
37666.7,441,1985
37668.7,576,602
37668.7,544,1043
37669.3,170,711
37672.6,1243,1419
37673.4,1710,409
37675.1,2106,349
37675.9,720,1512
37679.4,800,437
37682.6,1319,1019
37684.3,1387,408
37684.5,2118,1776
37684.7,913,1696
37685.5,1191,1581
37685.6,411,1758
37687.8,1305,1116
37688.1,1854,81
37689.0,970,1566
37689.8,520,2040
37691.3,1981,16
37692.0,1535,980
37694.0,713,442
37694.8,1239,1
37696.2,1588,1847
37696.4,1745,1828
37701.7,215,1117
37701.8,1761,695
37703.0,266,433
37704.3,1817,1852
37704.8,1577,1056
37705.7,1058,58
37708.4,479,589
37709.7,1411,1010
37712.4,1855,1371
37712.9,4,1066
37713.5,421,1779
37713.6,958,1113
37713.7,1908,514
37716.0,1952,1377
37716.5,1802,1712
37718.6,235,1205
37718.7,530,1457
37722.2,253,1444
37722.8,1673,230
37723.1,1352,1319
37723.3,2141,762
37723.6,860,608
37724.8,1751,1991
37725.7,1264,830
37729.1,1494,442
37731.7,1897,1909
37732.4,2098,1482
37733.3,1604,606
37733.4,1104,928
37734.3,1667,803
37735.0,723,2058
37735.8,314,1890
37738.0,1790,1519
37740.4,1402,1363
37741.0,799,1103
37744.2,195,1740
37745.6,2135,1379
37746.5,526,1079
37747.5,964,250
37748.7,1891,616
37749.6,1332,1133
37749.7,837,1225
37752.8,348,1278
37755.7,486,1078
37755.9,291,1459
37756.3,135,1644
37757.0,1594,602
37757.5,584,1477
37758.4,135,1266
37758.4,1515,650
37760.1,1986,1905
37766.2,80,823
37766.8,1891,1765
37767.4,948,204
37771.6,1808,2000
37772.1,1,115
37772.7,1448,403
37773.9,1158,94
37774.8,935,1148
37778.6,1671,420
37779.1,171,1113
37779.3,256,2044
37779.3,626,620
37779.5,587,1301
37779.6,862,116
37779.7,1457,183
37779.7,383,1244
37780.5,1825,722
37781.7,224,1423
37790.7,1318,518
37791.0,2064,769
37792.5,114,1034
37793.7,2025,1412
37794.6,1199,1283
37795.1,1159,1161
37795.3,1565,949
37795.6,1006,1259
37798.3,1697,1403
37798.4,172,848
37800.0,818,217
37801.0,1206,365
37801.3,481,1729
37803.3,1661,1043
37804.7,1077,168
37805.0,995,1190
37808.3,486,1987
37809.7,796,835
37810.1,957,173
37814.1,1859,454
37815.1,622,409
37816.3,653,376
37818.4,69,1776
37819.7,675,900
37819.8,1540,1889
37825.8,2134,464
37827.2,111,248
37827.4,964,987
37830.2,1964,25
37832.1,575,1457
37832.8,1296,982
37834.7,1732,1268
37835.1,261,284
37836.3,775,1428
37836.7,1848,757
37837.7,1019,1606
37837.9,68,642
37838.2,1074,589
37838.3,288,1945
37839.6,308,1070
37840.0,181,96
37841.4,1495,1963
37841.6,1541,989
37842.8,964,367
37842.8,1969,927
37843.1,2128,754
37843.9,1310,886
37847.6,1210,214
37850.1,1228,1594
37850.7,701,964
37854.8,1483,1413
37856.5,747,111
37856.6,458,1491
37858.0,1240,1262
37859.0,1269,2012
37860.1,16,1829
37860.5,1500,429
37862.5,1909,57
37867.1,551,696
37867.3,1851,1868
37867.8,223,548
37868.3,1028,987
37869.4,106,855
37869.6,1123,433
37871.2,940,1993
37871.4,276,224
37876.9,1859,705
37878.0,1835,1338
37884.4,468,637
37885.1,1897,228
37886.4,2022,1746
37888.3,866,851
37889.8,740,648
37890.3,1912,1585
37891.0,713,483
37894.0,2003,1170
37894.7,404,851
37895.0,1492,1423
37896.0,1505,1629
37899.5,1629,653
37899.6,700,1335
37902.0,134,1244
37904.6,307,1222
37905.4,852,1798
37906.1,802,1850
37907.9,718,1428
37912.0,1196,2080
37912.6,1754,1276
37919.3,1789,1710
37920.4,1324,2034
37921.3,18,1317
37921.4,1666,1496
37925.0,214,1623
37925.8,1693,1147
37928.3,272,407
37928.9,21,1282
37930.1,1357,1690
37931.0,11,1271
37933.6,1739,1074
37934.2,2046,1462
37934.2,192,1226
37935.7,1668,27
37937.2,1596,902
37938.1,751,2066
37938.6,1211,418
37939.3,1903,1352
37939.3,666,113
37940.6,646,739
37941.1,450,755
37943.0,918,51
37943.2,1153,1087
37944.7,1565,550
37947.6,1548,997
37948.1,392,1202
37949.0,1079,1930
37950.2,1290,399
37950.4,1346,1129
37951.0,984,1282
37951.3,929,1357
37952.2,1201,272
37952.9,1423,912
37956.5,1391,586
37956.7,1939,1317
37956.8,28,180
37956.9,367,2033
37958.3,1873,1021
37960.1,501,325
37960.6,1733,978
37960.8,104,394
37964.2,220,1288
37965.6,1154,1319
37966.8,1595,417
37968.0,1852,1102
37968.0,1483,2010
37968.6,2129,851
37969.0,1191,1464
37970.2,1116,688
37970.3,1227,667
37970.3,2084,1205
37972.4,2104,765
37973.4,1667,1312
37973.8,147,1905
37974.8,712,1328
37975.3,1528,1273
37975.5,494,197
37976.5,1875,1514
37978.8,1908,9
37983.9,1813,1552
37985.2,121,1646
37985.4,1735,1128
37985.5,1495,411
37985.8,1075,839
37986.4,1282,1474
37987.5,1492,655
37988.3,252,1676
37989.4,538,558
37990.1,452,1534
37990.7,1031,117
37991.4,85,2145
37992.7,2037,1739
37992.9,44,695
37994.5,1450,315
37995.8,111,1060
37996.4,1571,449
37996.9,1922,841
37998.4,1070,797
37999.5,1733,820
37999.8,1468,2096
38001.3,1100,348
38001.6,1939,2039
38004.2,462,2112
38004.3,358,491
38005.9,957,1938
38007.1,654,853
38007.4,1089,963
38007.6,333,1811
38007.6,1905,402
38007.8,2061,1987
38009.7,1704,982
38010.0,2088,1987
38011.8,167,2099
38013.5,786,705
38013.7,206,2078
38017.2,741,221
38017.7,2126,1203
38019.0,979,1302
38019.2,2010,2109
38021.1,401,1701
38023.7,1446,1948
38023.9,140,1191
38028.4,1395,69
38028.4,763,2093
38028.9,545,1126
38030.7,2042,179
38032.2,914,391
38032.6,2016,1129
38032.9,143,918
38038.4,242,1398
38040.0,1937,698
38040.6,372,2039
38040.9,1007,1423
38041.8,952,1673
38042.7,664,192
38042.8,1370,638
38044.0,1992,1713
38045.0,1178,1654
38045.2,378,1578
38049.1,35,219
38049.8,178,2105
38050.0,433,543
38050.3,1872,1546
38051.1,1383,872
38051.7,523,476
38053.5,1004,1362
38053.5,411,429
38053.9,1049,1544
38054.8,1336,110
38056.0,338,1168
38056.9,1050,1458
38057.3,1138,1798
38057.5,1207,1909
38059.8,225,1183
38060.6,1255,514
38062.1,1834,1477
38062.7,1053,7
38066.3,1573,1333
38066.4,1161,1233
38066.8,1722,1487
38067.7,2116,279
38069.7,1303,655
38070.2,2095,2092
38071.1,1613,1220
38071.7,70,939
38074.6,1024,975
38079.6,1948,1203
38079.8,973,401
38080.1,1789,2044
38080.6,896,879
38081.5,1981,542
38083.2,1807,499
38091.5,1029,620
38091.7,473,672
38098.6,6,833
38101.0,862,1126
38102.7,762,1179
38103.6,739,940
38108.2,1864,598
38108.2,1218,281
38109.4,1415,886
38111.6,201,212
38114.0,967,660
38114.4,2005,1867
38114.7,1527,652
38114.8,2,1398
38117.9,774,1884
38118.5,734,1700
38122.1,651,358
38123.1,1151,1513
38125.7,249,2143
38126.3,2078,2113
38130.8,382,501
38133.9,1107,742
38134.9,2035,963
38135.3,8,1686
38135.7,821,1307
38136.2,1264,800
38136.5,1858,404
38138.3,1821,522
38139.6,1107,206
38141.8,883,758
38142.2,1134,802
38144.5,130,100
38145.6,331,1882
38146.0,1540,789
38146.3,1201,931
38146.3,2112,2039
38148.1,699,1252
38148.5,2059,979
38150.8,116,1990
38150.9,554,342
38154.0,684,1498
38154.8,1768,319
38154.9,1242,456
38156.0,2060,733
38156.8,666,1150
38157.2,1474,722
38167.0,1804,1572
38168.1,315,1456
38168.3,862,349
38168.4,1898,2019
38169.3,1461,437
38170.0,1467,230
38173.3,197,215
38173.9,1215,85
38175.7,1911,1792
38176.3,479,517
38176.6,1593,563
38177.1,1930,1506
38177.3,137,79
38177.6,1683,1428
38178.4,1278,979
38179.5,1944,969
38180.5,1847,373
38182.2,1103,1499
38183.1,1590,929
38185.6,722,438
38185.8,318,651
38186.1,793,1943
38190.6,1352,463
38190.7,2135,128
38192.4,842,354
38192.5,1559,626
38192.8,100,1486
38192.9,1861,1207
38193.9,714,1435
38194.1,624,654
38194.6,1611,1378
38198.5,1141,2024
38199.1,314,1771
38200.2,1216,1517
38200.8,219,845
38201.4,922,1454
38210.2,1155,649
38212.4,835,1806
38212.6,1047,1789
38213.3,1572,514
38213.6,1973,1596
38213.7,1245,1803
38214.8,1136,1456
38221.5,1373,680
38223.2,1205,699
38224.7,1474,1748
38225.1,603,1500
38225.5,1842,215
38226.1,939,1975
38226.2,1630,163
38227.7,774,1188
38230.1,2095,1989
38233.2,909,283
38233.3,190,503
38233.9,1405,960
38236.6,1517,758
38239.9,392,1302
38240.4,751,1044
38240.4,1422,93
38241.8,1069,875
38244.1,1905,249
38245.6,1703,109
38246.6,2096,986
38247.1,1512,1442
38252.5,919,1749
38252.9,1076,1836
38253.5,1838,1978
38253.8,1431,1197
38257.0,236,1242
38257.3,686,1955
38257.8,2109,1047
38259.0,2026,1342
38259.0,1855,2140
38261.5,1765,1971
38264.8,1300,952
38264.9,2095,438
38265.4,23,1655
38269.6,2139,1071
38270.2,440,911
38271.6,650,1160
38272.3,290,632
38273.0,700,886
38273.8,432,83
38276.4,601,1507
38279.0,1579,780
38279.5,1990,1437
38280.2,1500,835
38282.3,170,1006
38282.9,906,82
38283.0,1276,1668
38283.4,443,1975
38283.6,1183,290
38285.0,865,1750
38285.8,58,1587
38286.9,909,629
38288.5,1090,163
38288.6,374,1868
38288.7,776,138
38290.4,1984,114
38291.6,415,1083
38292.3,1879,233
38293.3,1950,958
38294.1,432,1704
38296.2,586,1832
38296.7,693,2008
38297.2,193,345
38297.2,1637,1812
38298.0,211,6
38299.1,1892,225
38299.2,882,541
38299.8,1631,1561
38301.5,292,35
38302.1,13,1387
38304.1,1858,167
38304.1,255,84
38304.2,613,575
38304.4,478,693
38305.9,893,171
38306.4,146,499
38309.6,313,279
38311.3,802,1100
38312.9,458,21
38314.9,1897,1787
38316.1,1953,265
38316.1,450,1153
38317.3,325,334
38319.3,1743,939
38321.6,613,621
38322.1,1561,1053
38324.0,1349,2076
38325.3,497,1772
38326.0,444,257
38328.9,1985,80
38331.4,638,1338
38331.8,1234,1599
38332.3,147,643
38333.8,641,342
38336.2,581,1333
38338.4,1078,206
38338.9,1911,1414
38340.1,1346,8
38345.3,698,1205
38345.5,1031,566
38346.1,1003,1535
38346.4,472,1896
38347.6,1177,2061
38348.4,511,795
38348.6,633,68
38349.2,845,533
38349.2,433,1701
38350.0,1893,1147
38350.5,684,728
38351.4,2003,44
38352.2,799,253
38352.3,1225,1771
38352.6,1583,1709
38353.2,1839,1789
38353.5,1549,129
38354.8,1778,1277
38357.1,287,170
38357.5,2018,503
38362.7,1219,1342
38365.2,1313,2056
38367.6,1247,1667
38368.1,1891,483
38368.5,1844,455
38369.0,1043,685
38369.8,867,714
38370.7,1901,880
38370.9,710,1918
38372.8,1745,1312
38373.1,1185,524
38374.0,1249,1186
38379.0,1250,1403
38380.2,240,774
38383.0,123,114
38383.2,410,1229
38383.6,1702,1336
38385.4,1203,1470
38388.3,824,705
38393.4,880,558
38398.3,1251,1363
38400.0,894,1429
38400.6,2108,663
38405.9,2145,1701
38408.1,1983,1509
38408.5,609,21
38413.1,905,2
38413.2,953,1911
38414.5,299,319
38417.4,1871,1973
38421.9,406,1272
38424.5,471,323
38425.1,442,1558
38427.4,867,283
38427.9,1119,657
38428.9,463,1467
38429.9,1658,1383
38430.0,262,1541
38430.2,1837,1492
38430.3,1798,561
38430.4,1518,263
38430.5,378,254
38430.5,1084,1207
38430.8,145,569
38431.6,922,566
38433.4,1536,1375
38434.0,1184,598
38434.7,1691,772
38435.8,709,1567
38438.3,675,1612
38440.4,1708,927
38441.9,411,359
38442.3,324,251
38443.1,936,2060
38445.6,1948,321
38446.0,1090,761
38446.7,1195,548
38447.9,125,1541
38449.3,1053,1562
38452.0,1152,814
38452.9,826,2073
38455.5,259,1691
38456.4,550,1281
38459.4,209,1457
38460.3,1943,1063
38460.7,1199,2001
38463.3,547,2081
38467.1,1983,663
38468.4,1366,1876
38471.5,731,766
38474.8,1178,1392
38475.3,1208,108
38476.9,1145,620
38477.1,38,461
38477.5,1636,485
38477.7,1938,1824
38478.6,1145,1522
38478.9,128,1418
38479.7,1557,1574
38483.1,1765,723
38485.5,880,970
38486.5,988,34
38486.6,523,1418
38488.2,800,1370
38490.7,750,1512
38491.4,844,1861
38493.7,1996,893
38493.8,1469,647
38494.3,2004,130
38494.5,389,479
38494.6,1437,499
38495.4,844,1494
38496.4,1684,581
38499.2,722,509
38499.8,1391,1756
38500.8,1275,902
38501.9,1948,286
38502.6,280,946
38503.1,883,1427
38506.0,2103,343
38509.1,1432,1141
38510.0,713,1354
38510.7,1982,872
38511.9,1149,815
38513.3,827,510
38514.1,631,0
38515.4,578,1723
38516.7,1948,1201
38516.9,1933,1971
38517.4,1288,910
38518.1,1801,560
38518.1,1800,1448
38518.2,1572,1538
38519.4,425,526
38526.6,1285,1621
38527.5,1127,1193
38527.7,1169,969
38527.9,343,356
38528.4,1301,1278
38532.6,696,1584
38534.4,512,407
38535.3,1610,40
38536.9,1674,1023
38537.1,1512,501
38538.1,703,592
38539.2,364,1751
38541.4,1634,382
38541.7,253,1803
38543.4,984,2111
38547.3,321,1191
38548.2,1316,1109
38548.6,814,121
38548.6,1197,1380
38550.8,1846,2001
38551.5,1191,496
38552.9,1202,1720
38555.0,1418,410
38555.9,397,1644
38556.3,716,1502
38556.6,992,1775
38556.9,1361,1870
38558.5,1897,2071
38560.6,1654,228
38561.4,239,765
38563.6,1378,95
38564.4,1563,1751
38565.1,1583,1462
38565.1,1478,606
38565.8,193,1723
38566.7,1678,1525
38567.3,856,556
38567.9,1043,2033
38568.3,439,1063
38568.4,1114,57
38569.8,1064,800
38570.8,2131,1161
38571.7,861,1303
38572.8,1588,205
38572.9,275,636
38572.9,2103,1999
38573.0,887,498
38574.1,594,1952
38574.2,389,2072
38575.4,902,433
38579.2,1957,526
38579.4,1361,11
38579.5,303,1906
38581.2,1870,1724
38582.9,420,2094
38582.9,2129,1765
38584.5,1308,512
38584.7,537,1254
38585.8,354,1367
38586.0,2123,920
38586.2,439,1653
38588.8,1380,329
38589.7,2003,822
38589.8,341,1887
38592.7,1007,473
38593.0,563,2002
38594.4,1747,746
38596.4,1411,1403
38597.6,2014,1732
38598.9,256,380
38601.4,522,1312
38602.2,1736,1382
38602.3,878,449
38603.1,1920,391
38604.9,1031,795
38605.6,380,799
38606.0,959,1367
38606.0,826,1160
38606.7,1939,1274
38612.7,1703,2068
38613.5,1826,1235
38614.8,1211,1752
38616.3,1247,1036
38617.3,470,2110
38619.6,2000,891
38620.8,724,433
38622.6,1351,1335
38623.5,2005,1929
38623.9,163,1439
38624.0,266,1394
38624.1,1271,1553
38624.7,1703,1323
38626.2,1756,897
38627.2,1091,1200
38628.0,2015,320
38628.3,355,677
38628.8,976,2124
38631.1,1019,1079
38633.6,357,104
38634.3,1878,554
38635.5,1824,1726
38637.8,1501,1727
38639.6,174,1724
38641.8,201,967
38644.6,954,876
38649.4,1804,1994
38650.2,1275,388
38650.2,1031,831
38651.4,499,458
38652.3,225,50
38652.6,1127,144
38653.8,1005,1373
38655.5,2093,750
38656.3,464,1989
38656.6,553,217
38656.9,44,1790
38657.5,1152,1784
38659.1,395,2054
38662.4,1945,2083
38664.4,2041,1912
38665.4,2097,1247
38665.9,2050,2013
38667.1,1456,1905
38668.6,1954,349
38668.8,354,1876
38671.9,1203,1706
38672.0,221,1538
38673.1,724,922
38674.4,1451,394
38674.4,836,544
38676.2,2116,1629
38676.9,1743,1235
38677.1,85,937
38677.3,1578,1355
38677.4,935,203
38680.1,572,1071
38680.2,1116,689
38680.2,1814,1667
38680.8,389,913
38681.1,728,1156
38682.3,1951,1790
38682.4,1710,289
38688.8,1107,674
38690.5,1957,220
38691.0,1299,843
38691.9,1737,1819
38692.6,587,1837
38693.2,1543,623
38693.4,803,1373
38693.8,1314,1654
38695.6,1149,928
38701.1,493,1410
38702.8,2097,783
38704.2,1245,1485
38704.6,271,730
38707.1,206,130
38708.1,1358,174
38708.5,120,718
38708.9,1847,131
38709.3,1030,750
38712.0,2010,1016
38712.3,837,1224
38714.4,610,1275
38714.5,1801,507
38716.5,1975,1611
38716.8,306,1967
38718.7,1921,1205
38720.3,727,403
38720.4,424,2027
38720.6,1095,546
38720.7,1395,355
38723.6,1380,81
38725.3,2008,1727
38725.6,921,588
38726.0,247,1124
38727.1,328,1719
38728.6,1306,377
38729.8,1606,703
38730.7,1131,1437
38731.5,1737,1296
38734.8,1775,2078
38735.5,877,1809
38736.4,1837,1894
38736.5,1896,503
38736.8,798,353
38737.6,1959,4
38739.0,2004,46
38739.0,701,1796
38740.1,1736,658
38741.8,1253,1379
38742.0,2071,1188
38745.8,0,43
38746.1,2035,2050
38747.4,163,1720
38752.9,1174,1735
38755.8,1394,1259
38757.5,359,1698
38758.4,1245,2093
38759.3,1113,792
38760.8,31,858
38762.4,578,683
38763.0,1649,2052
38763.8,847,1926
38764.4,2011,1507
38766.3,1175,1342
38767.2,1583,1328
38767.5,587,1067
38769.2,1714,1179
38769.5,2069,457
38769.8,614,709
38770.3,1886,1518
38770.4,311,565
38770.6,1610,1253
38772.3,1529,12
38773.4,1291,1514
38777.7,1816,951
38777.9,617,1736
38778.6,595,1037
38779.4,1755,9
38779.7,623,2057
38779.8,287,249
38779.8,1044,1294
38780.8,1755,1117
38780.9,1883,980
38782.1,1593,1959
38783.2,916,831
38783.6,801,802
38784.5,1759,2098
38784.8,1632,2138
38785.9,612,1415
38786.8,1832,861
38787.9,1776,419
38790.9,1551,1427
38791.2,581,1021
38791.7,2011,965
38792.5,2009,953
38794.2,1474,545
38794.3,2141,102
38794.9,2115,1047
38798.2,1654,124
38799.5,854,1185
38799.8,1437,235
38800.8,1899,630
38808.4,631,1672
38809.7,1777,758
38810.7,231,1841
38811.3,1871,1819
38813.4,1692,1815
38814.8,937,1974
38814.9,276,185
38815.5,1793,1084
38818.5,2053,932
38818.8,1480,882
38820.3,1149,175
38821.7,646,1049
38821.8,480,226
38823.4,989,620
38823.8,1934,2040
38824.1,1434,445
38825.0,1121,454
38826.2,1674,1611
38826.3,578,1233
38826.4,975,1492
38830.9,747,1083
38831.6,835,1426
38832.5,603,1625
38833.8,2143,1322
38833.9,1904,572
38834.9,1224,928
38835.8,1453,33
38835.8,2092,1756
38836.5,659,1096
38837.8,1282,67
38841.2,265,1094
38842.4,1271,2061
38844.2,915,1412
38845.8,1997,1534
38846.2,1175,1317
38846.5,1563,1202
38847.7,1604,410
38849.3,1996,2045
38850.9,1821,1869
38851.1,658,579
38852.6,1259,1551
38854.3,346,1326
38857.7,970,139
38857.7,2034,45
38857.9,1488,245
38860.3,1950,1718
38862.4,1926,1789
38863.9,996,158
38866.8,443,1032
38867.3,1545,40
38867.5,1781,2112
38870.3,288,634
38872.1,153,2039
38872.6,26,223
38872.6,331,1425
38873.2,1418,897
38875.7,642,588
38878.3,1049,1305
38878.8,1786,1387
38879.1,743,520
38879.2,1266,1145
38881.0,776,1530
38882.4,1831,1646
38883.4,815,854
38886.9,976,324
38887.4,1339,170
38888.2,1430,1783
38889.4,266,53
38891.7,854,1684
38894.6,260,574
38895.6,1985,1193
38895.6,2058,463
38895.7,781,101
38897.2,938,595
38897.3,1286,542
38898.2,2127,1624
38898.4,960,30
38900.3,766,1175
38900.4,591,306
38901.3,193,1312
38901.9,213,777
38903.6,393,613
38905.0,218,1075
38906.5,1449,1724
38907.0,278,1113
38907.4,63,990
38908.4,1752,1446
38914.2,1880,284
38915.4,764,2046
38916.7,210,1526
38917.1,1873,1253
38918.0,151,1377
38918.7,627,921
38918.7,193,1521
38919.3,27,1264
38919.7,1602,442
38920.3,398,567
38922.6,905,1370
38922.7,1616,1535
38925.1,1772,226
38927.5,1474,119
38932.7,85,2094
38935.2,1526,1875
38935.9,1985,871
38938.1,1950,1018
38939.2,1263,1996
38939.6,1890,622
38942.2,170,781
38942.7,624,338
38944.2,1587,74
38945.3,110,565
38946.1,1114,2036
38946.2,1263,767
38946.5,933,689
38946.6,304,201
38946.8,1706,547
38947.2,1843,787
38953.2,446,897
38957.0,1021,30
38958.2,996,400
38965.4,1515,665
38965.7,53,849
38966.2,888,803
38967.9,740,2109
38968.6,628,1492
38969.3,1652,1608
38970.0,139,1366
38973.2,166,128
38973.2,1475,1432
38976.4,881,474
38976.9,1525,217
38980.0,1286,1104
38980.3,1364,1859
38981.3,202,1969
38982.1,1121,436
38984.1,2128,468
38984.6,467,1208
38985.0,1664,379
38987.8,1397,1034
38987.9,381,145
38987.9,1665,1488
38988.6,579,1620
38989.2,1482,1189
38991.7,1284,1362
38992.0,1634,900
38992.9,2032,1743
38993.6,1442,186
38993.8,936,1128
38994.2,543,954
38997.1,418,1752
38997.3,1561,1757
39001.9,2090,1268
39003.1,441,1605
39003.2,1576,656
39004.2,957,1654
39004.5,1372,244
39005.8,846,822
39006.0,1477,336
39007.2,316,806
39007.7,465,447
39011.4,19,671
39012.3,1185,1944
39012.5,1256,1868
39017.3,784,1825
39017.6,719,928
39019.4,451,1976
39021.2,311,1668
39022.3,696,1418
39023.2,1397,2140
39028.9,1119,807
39029.1,1286,2029
39029.5,1832,1259
39030.3,113,1849
39030.5,1952,620
39031.6,1719,427
39033.3,1422,1668
39033.9,1986,227
39034.5,2075,994
39036.2,1075,611
39036.7,353,2072
39036.7,1295,1067
39037.2,319,516
39037.7,1511,529
39038.6,1769,970
39039.1,1028,24
39039.1,1744,356
39040.5,196,1559
39040.9,480,1246
39041.4,869,1005
39042.2,1431,734
39042.3,1472,1561
39043.4,1130,1783
39047.0,447,1554
39048.5,1223,313
39049.0,1941,933
39049.3,1742,2120
39049.7,363,825
39050.1,2012,2075
39050.1,23,1994
39050.3,1533,1973
39051.6,1225,1412
39051.7,1468,404
39052.1,1471,1338
39053.1,775,1992
39055.6,1571,148
39059.5,1912,716
39060.6,1746,319
39063.0,2119,203
39063.9,988,2131
39064.9,280,1567
39067.1,1273,573
39069.5,695,800
39070.9,95,128
39071.6,71,1276
39073.2,1577,1128
39073.6,13,967
39073.6,28,1546
39075.0,1071,1464
39076.6,509,194
39077.5,2102,1963
39077.8,216,116
39078.1,1546,979
39079.7,568,1871
39079.9,846,2032
39080.2,1747,1327
39080.3,850,598
39083.4,1580,183
39084.0,196,1066
39084.7,1460,863
39085.2,576,672
39085.9,1499,1065
39087.0,214,1408
39089.5,1917,777
39091.4,1512,395
39091.7,1420,1779
39092.1,1723,242
39093.4,253,104
39094.5,1877,640
39095.3,45,1287
39095.5,992,468
39098.6,1584,1191
39098.7,282,364
39100.2,1778,1503
39100.9,202,640
39102.4,1181,709
39103.1,172,1690
39103.3,750,685
39103.6,1063,834
39104.1,1894,768
39105.1,1307,1231
39105.7,684,637
39106.2,1976,1141
39108.7,1319,720
39109.9,1823,1877
39110.4,1500,1288
39110.6,2109,2101
39112.0,1364,1784
39112.3,770,1753
39113.1,1734,1421
39115.0,238,860
39115.1,13,320
39115.3,292,1005
39115.6,2112,2019
39116.2,861,1072
39116.4,1234,1176
39118.1,878,1375
39118.5,1358,1859
39119.0,2074,946
39120.2,2131,820
39121.2,520,1482
39121.4,1172,881
39121.5,787,1399
39122.9,1391,708
39127.2,1441,258
39128.0,1173,1555
39128.7,87,1771
39132.5,621,1047
39133.3,1466,1948
39135.2,1700,431
39135.3,190,314
39135.3,873,82
39135.5,420,572
39135.8,1385,1488
39136.0,395,1710
39137.1,919,558
39137.4,1454,1062
39137.5,518,672
39138.2,944,545
39138.8,522,466
39139.3,1308,831
39142.3,435,1376
39143.6,1092,1318
39143.8,1608,2000
39144.8,1804,2022
39145.8,132,321
39147.2,1445,411
39147.5,1731,1222
39147.8,716,1610
39148.0,1455,1100
39148.7,166,850
39149.0,1584,771
39149.1,1397,1820
39149.2,1863,1013
39149.4,410,1450
39149.9,1386,563
39150.6,1922,1790
39151.9,662,1560
39151.9,746,881
39152.4,1164,89
39157.9,953,59
39159.2,1775,2084
39160.4,320,1528
39160.4,1788,2029
39163.9,1605,890
39165.3,443,505
39168.0,1189,1884
39168.4,482,709
39168.7,341,35
39168.8,1184,372
39169.4,463,2025
39171.7,1338,2128
39173.5,891,1855
39173.8,837,830
39174.1,1939,140
39174.2,1645,1672
39178.4,2054,1772
39180.5,1511,1100
39180.8,364,1577
39181.0,274,243
39182.6,1659,1452
39185.1,345,1248
39186.6,1036,1890
39186.9,1648,1489
39188.3,1188,823
39188.4,1392,1448
39189.2,271,185
39192.6,225,589
39193.3,1697,169
39194.4,1354,1568
39195.5,774,1358
39198.1,1226,834
39198.5,659,771
39198.6,1132,1365
39198.8,415,691
39199.4,1774,185
39200.1,20,2097
39200.2,182,1116
39200.3,472,1298
39200.4,1236,425
39200.9,1467,244
39201.9,58,324
39203.4,1090,1962
39204.7,661,1644
39207.7,1698,1043
39207.8,748,703
39209.8,1241,1852
39210.0,1093,897
39211.5,730,1168
39212.1,1629,53
39214.4,518,1038
39214.5,342,1857
39214.9,1132,566
39215.5,971,1639
39216.4,1382,760
39217.2,1771,2060
39219.6,78,400
39220.6,418,677
39220.8,1573,1596
39221.0,1063,653
39222.9,160,1999
39222.9,32,1917
39224.0,62,1783
39225.4,1466,415
39227.7,1303,317
39227.8,1399,873
39228.1,1801,224
39228.3,1434,834
39228.6,1941,6
39229.6,210,1263
39232.5,965,1915
39234.3,1415,1887
39234.5,1506,812
39235.3,2016,566
39235.4,470,1324
39235.7,930,101
39235.7,763,1378
39239.5,1702,1112
39240.2,1029,275
39240.5,966,286
39243.7,1461,374
39244.9,2060,928
39246.1,1233,646
39246.3,1770,808
39246.4,1239,869
39246.4,120,845
39247.7,1274,481
39248.0,1457,1560
39249.3,802,1553
39250.1,360,848
39250.7,1715,801
39251.2,1234,1330
39251.4,2109,555
39251.7,1331,886
39254.0,2095,1314
39255.6,1830,867
39257.2,1664,1455
39261.7,1868,1291
39262.7,906,1419
39263.0,2032,0
39267.9,1587,1205
39267.9,1774,1181
39268.0,803,312
39268.5,167,637
39269.0,1885,2060
39269.2,1853,1368
39269.3,1637,806
39269.5,85,776
39270.8,471,1035
39270.9,67,1418
39271.1,1625,823
39273.3,1693,1218
39273.5,625,303
39273.7,1663,1071
39275.2,1166,830
39275.8,1712,2087
39277.1,1970,1775
39278.0,1252,1596
39278.8,761,1582
39279.9,1672,796
39279.9,364,952
39280.2,543,1999
39281.4,552,387
39283.6,4,700
39284.9,1708,1982
39285.1,1576,288
39285.5,1159,385
39288.0,1441,489
39288.5,1882,1452
39289.2,504,1703
39290.8,855,1159
39291.9,1336,615
39292.6,1715,2111
39295.3,645,2055
39296.0,1283,1654
39296.1,346,44
39297.2,1557,1566
39297.3,1509,695
39298.5,778,647
39300.2,1850,188
39303.2,2067,1372
39305.2,177,1734
39306.3,783,224
39308.4,911,1169
39310.1,1976,291
39310.2,201,562
39311.0,100,569
39313.9,1485,1353
39315.4,398,570
39316.6,631,144
39317.4,602,806
39317.4,838,993
39318.0,614,911
39318.3,1471,276
39318.5,491,987
39319.7,2036,1923
39322.9,997,1874
39324.0,1798,1916
39324.7,1792,640
39325.0,31,1200
39325.3,1569,1671
39325.8,1247,1047
39327.2,2084,1543
39327.8,1109,810
39327.8,1650,635
39330.0,1565,264
39330.4,1223,505
39331.5,1798,578
39331.6,2105,324
39331.7,41,19
39332.6,973,894
39333.7,1186,344
39334.8,475,309
39336.3,1794,1680
39336.7,798,86
39337.9,5,1861
39339.7,1145,1391
39339.7,1156,1158
39340.1,699,1806
39340.2,680,24
39340.4,2130,1150
39345.1,1080,456
39347.1,1676,354
39348.6,872,1673
39350.6,1118,238
39351.6,1353,469
39355.2,1752,952
39355.4,2072,425
39355.7,57,1311
39356.5,1205,313
39356.5,1949,1683
39359.8,717,1697
39362.3,1370,1096
39362.4,1336,526
39363.0,861,1433
39363.1,1767,959
39363.6,2117,300
39369.9,485,1684
39370.3,1138,1776
39371.0,2049,1125
39373.0,435,778
39373.3,240,411
39375.1,728,413
39378.7,2135,1396
39380.1,403,1505
39381.1,494,217
39381.2,1572,186
39381.4,1518,1023
39384.2,1626,2086
39384.4,60,398
39386.3,197,465
39388.7,992,1378
39389.4,334,1634
39390.3,1566,1618
39390.3,1855,389
39391.0,737,1897
39391.9,1124,1919
39392.8,1883,367
39393.8,814,940
39394.3,1817,187
39394.8,363,51
39396.1,1046,1942
39396.5,6,125
39396.7,2118,674
39400.3,882,465
39401.8,1220,2093
39402.1,378,1232
39403.8,85,1122
39405.6,1266,1563
39406.6,1215,600
39408.6,1690,905
39409.1,64,87
39412.4,1849,1719
39413.4,926,1010
39413.8,29,250
39414.2,1491,365
39415.5,811,179
39415.8,1815,1593
39418.3,288,1952
39418.3,435,1588
39419.8,1646,1096
39422.2,1273,554
39424.2,126,2138
39425.1,1267,2143
39428.2,290,2096
39428.4,1594,1610
39429.5,927,1150
39429.9,1048,228
39430.4,1801,582
39432.8,1266,2041
39434.6,700,339
39436.5,1679,802
39437.9,1653,625
39437.9,304,1671
39437.9,1116,1206
39441.7,1954,645
39444.2,279,117
39444.3,228,1598
39445.0,1539,994
39447.2,549,409
39448.7,1486,882
39451.0,2103,1024
39452.6,208,1248
39453.5,1499,1870
39453.6,650,1706
39454.1,1419,1573
39456.5,1139,413
39458.0,1292,1618
39458.6,1874,389
39459.1,459,340
39461.3,574,159
39464.8,73,428
39465.7,72,1382
39466.9,785,1504
39468.0,2009,760
39470.0,1676,747
39470.6,1388,562
39471.1,1724,320
39471.7,973,768
39472.2,2102,1057
39473.2,2112,1711
39473.3,1765,2115
39475.0,783,41
39477.1,836,1147
39481.0,659,2031
39482.0,888,535
39484.2,507,13
39484.3,984,897
39487.2,889,39
39488.2,1149,30
39488.3,2006,1721
39488.8,1266,65
39489.0,1245,173
39491.6,1772,1363
39493.3,606,1441
39494.0,2000,152
39495.4,190,1330
39496.6,585,1888
39498.3,28,1110
39498.9,1617,278
39500.8,456,2114
39502.6,2136,1720
39505.3,768,1558
39505.5,1698,325
39506.2,794,1592
39510.0,1945,272
39510.8,1874,1303
39511.1,1683,1225
39514.5,736,1575
39515.7,1464,1114
39517.2,1892,360
39518.6,1084,394
39520.1,1056,1343
39522.4,1821,1934
39522.4,156,1935
39522.9,1384,167
39523.4,667,1087
39523.9,329,1578
39524.6,1507,102
39524.7,462,822
39525.7,254,1795
39528.9,330,1223
39531.5,89,414
39531.9,1268,867
39532.9,714,307
39536.3,1272,68
39536.8,724,1277
39537.6,1791,802
39539.6,1802,757
39539.9,665,1972
39543.0,952,194
39543.9,47,990
39544.3,1215,1269
39545.0,2048,1160
39547.0,1019,731
39549.3,172,1318
39549.7,1585,1714
39549.9,1886,770
39549.9,1934,12
39551.0,311,2051
39553.4,1142,1625
39554.1,279,1906
39554.1,1524,483
39554.2,162,882
39555.8,1438,1654
39557.5,667,1304
39558.3,1629,544
39558.4,137,583
39559.3,1419,1858
39561.1,1406,1530
39561.2,224,1051
39561.6,301,1410
39562.3,1565,975
39562.4,1533,1838
39565.2,2035,1527
39565.9,767,89
39566.1,1847,1307
39567.1,732,868
39568.2,89,1312
39568.4,119,481
39570.2,1958,1607
39571.7,118,1869
39572.0,886,625
39574.7,1143,2127
39579.7,791,576
39580.0,1906,1972
39583.2,1722,2013
39584.0,1109,1539
39584.6,1331,837
39586.8,1135,478
39591.1,1202,2069
39591.6,1714,2081
39596.1,144,1993
39596.8,1950,1170
39597.6,1411,1387
39599.0,1798,1522
39599.6,1225,1501
39599.7,735,1134
39599.9,991,1086
39600.5,521,1487
39600.6,1416,591
39600.9,2135,2009
39605.6,851,1336
39605.7,1912,1968
39606.7,985,1063
39613.1,278,1121
39613.5,1959,1987
39614.2,1822,1669
39616.1,1825,316
39620.0,74,791
39620.1,1797,733
39621.0,1712,224
39623.6,2070,2137
39625.0,1794,1158
39626.6,715,37
39627.1,124,1328
39627.9,1212,1652
39628.2,285,1659
39628.5,1666,1353
39628.6,1657,1302
39630.5,1417,953
39630.6,260,1200
39633.4,956,2135
39633.5,2055,1983
39634.8,1761,2084
39635.5,442,1038
39636.2,1678,217
39638.1,419,2024
39638.2,1433,970
39639.4,1896,151
39639.5,1371,1513
39641.0,675,753
39641.6,318,547
39642.0,1580,1532
39642.5,1479,1991
39643.5,801,1299
39643.7,976,571
39643.7,736,651
39645.7,1896,509
39645.8,330,2049
39645.9,586,336
39647.6,2125,210
39647.7,1040,1813
39652.2,1290,1363
39652.8,1990,1010
39653.2,887,613
39654.3,937,279
39654.5,271,987
39655.2,1075,2119
39655.6,2101,40
39656.5,1597,2113
39658.6,2036,845
39658.8,1856,1292
39659.7,1371,1748
39659.9,438,776
39660.7,588,1062
39663.8,1607,1133
39664.3,119,251
39664.9,115,1216
39665.7,812,223
39667.9,602,1743
39668.3,1358,2056
39671.1,2046,726
39676.5,1097,1230
39677.1,993,336
39677.3,1147,572
39678.8,175,707
39679.6,1006,181
39680.7,377,327
39680.9,155,744
39684.9,303,1397
39686.2,567,2079
39686.8,861,1569
39687.7,131,1329
39688.1,443,1588
39689.5,676,941
39690.3,5,1851
39691.2,1522,316
39692.4,189,842
39692.6,1765,108
39693.5,1175,1901
39694.4,1175,982
39694.6,1915,1050
39697.3,1268,1729
39697.7,897,317
39699.5,855,574
39699.9,950,1449
39702.0,994,1829
39703.5,1970,967
39703.6,1456,1404
39704.6,316,1731
39707.3,1137,1397
39708.5,1718,608
39708.7,843,381
39711.7,327,611
39712.3,1497,2053
39713.1,2128,800
39714.8,689,843
39714.8,489,1094
39715.0,1351,1914
39715.0,1689,1845
39718.0,1872,2040
39720.2,763,1229
39720.6,1407,1230
39722.3,1920,1334
39723.6,1794,284
39723.7,451,1531
39725.8,1700,1992
39726.1,169,534
39726.6,1585,1211
39727.0,1758,945
39728.1,1145,1750
39729.1,1520,2103
39729.4,407,51
39731.4,59,787
39733.8,1412,2062
39735.4,553,1548
39735.7,767,1939
39736.2,767,2010
39737.5,633,1592
39737.9,452,27
39738.2,1797,665
39741.5,2114,127
39742.4,1780,1696
39745.8,1259,2021
39745.8,1281,10
39747.5,479,1657
39748.8,1094,903
39750.6,981,1415
39751.2,773,1365
39753.2,705,299
39756.0,494,2083
39756.8,180,16
39756.8,573,732
39757.0,225,1470
39757.3,683,174
39758.3,962,1471
39758.9,201,124
39759.4,1568,290
39761.8,477,63
39764.3,1171,1925
39766.8,742,1079
39768.9,1443,408
39770.7,1995,784
39771.8,1606,1715
39772.3,1650,2109
39773.2,2058,1495
39774.0,1759,158
39774.3,806,496
39774.9,977,1426
39775.0,1250,1393
39775.0,816,518
39776.7,249,1431
39777.0,1127,360
39778.3,1750,1053
39780.2,1285,1766
39783.1,1562,1702
39783.7,1624,1041
39784.3,491,1138
39784.6,2068,1249
39784.6,20,55
39786.9,449,867
39788.7,1816,1077
39788.9,2091,1110
39789.8,399,70
39791.6,984,2079
39793.7,780,739
39793.9,913,914
39794.7,673,578
39797.3,856,963
39797.7,181,473
39798.2,485,1928
39799.1,1511,1891
39800.0,1726,1790
39800.1,206,146
39800.2,1439,353
39802.6,502,1561
39802.8,1098,2046
39804.0,977,881
39805.2,844,1234
39806.1,349,1168
39806.2,1616,1592
39810.4,922,353
39814.4,1423,1437
39815.8,195,77
39816.7,1517,2040
39818.6,1887,1345
39818.7,868,449
39819.6,914,556
39823.1,2011,222
39824.5,1150,1124
39824.8,1309,67
39825.0,811,358
39825.3,1502,1221
39827.7,1264,724
39829.0,658,1650
39830.6,1323,1857
39830.7,1924,1838
39831.1,1995,155
39831.2,1729,1480
39831.4,181,1417
39831.9,1992,339
39832.1,954,323
39833.4,638,1589
39833.6,1968,1916
39834.1,1,1778
39835.6,1231,474
39836.5,1590,43
39837.6,1472,1573
39838.3,410,347
39840.4,765,531
39843.0,71,1969
39843.4,1764,1246
39843.7,972,91
39844.9,1317,914
39850.5,1545,811
39850.6,1072,551
39851.5,1671,386
39852.4,1655,491
39853.8,1309,1616
39854.8,892,1025
39857.7,1125,1564
39861.2,694,706
39861.2,627,1385
39863.1,985,223
39863.1,1432,241
39864.5,1884,1508
39865.1,1006,1040
39866.8,396,160
39867.7,1425,952
39868.2,983,349
39871.0,763,1804
39872.6,670,1854
39875.0,1812,2072
39876.9,1181,192
39877.8,769,563
39881.3,2055,323
39884.8,364,1581
39886.2,352,2011
39887.0,384,488
39887.0,1165,178
39887.2,2012,896
39887.9,2040,1273
39888.4,1071,432
39889.2,271,2056
39889.6,23,73
39891.6,115,62
39894.2,369,932
39894.6,690,481
39895.0,75,1045
39898.1,326,383
39899.7,1012,662
39899.9,319,614
39900.7,2015,603
39901.1,1023,1836
39902.6,1183,1320
39903.2,2120,1270
39903.9,404,1529
39906.9,803,845
39909.9,1344,1815
39910.4,182,427
39910.8,1889,486
39912.0,61,2092
39914.0,912,2138
39916.7,1539,1423
39917.4,1925,1550
39918.4,288,555
39919.0,1685,484
39919.6,646,1874
39922.2,109,2057
39924.3,1738,1543
39924.8,1214,1737
39925.4,1842,1811
39926.8,1309,1900
39927.6,1975,876
39929.1,2076,64
39929.2,1893,1302
39929.2,1685,545
39929.5,1016,1945
39929.8,917,978
39930.2,1157,382
39933.5,719,1777
39934.4,2048,1656
39936.5,1838,213
39937.3,1507,1071
39939.6,12,1472
39939.8,1883,860
39940.0,1018,892
39940.0,1360,2105
39942.0,685,2080
39942.9,61,673
39948.1,640,1419
39948.6,2047,1631
39949.8,892,225
39950.7,881,2040
39952.8,130,1796
39954.0,280,41
39954.7,771,340
39955.2,1155,920
39957.1,1202,322
39958.1,2015,1270
39960.9,1860,12
39962.2,1168,1626
39963.0,457,1801
39964.8,648,1200
39966.0,1295,1544
39966.3,827,1730
39966.9,192,1026
39967.1,578,1604
39971.3,731,1089
39971.3,1554,671
39972.3,2017,232
39972.4,1010,584
39974.8,1524,1630
39975.5,253,258
39976.9,313,2092
39977.7,1903,455
39977.7,1366,650
39979.3,184,1951
39981.4,2112,91
39981.6,322,992
39981.7,1628,132
39982.2,781,1279
39982.8,368,1940
39983.2,368,1976
39986.0,1051,360
39986.5,1414,1491
39986.9,351,750
39990.9,845,1393
39991.5,307,1699
39993.5,1235,356
39994.0,1682,1663
39994.3,804,1564
39994.6,2099,1687
39996.1,2084,1636
39996.7,223,1828
40000.1,1072,855
40000.6,1298,5
40000.7,358,1692
40001.3,1628,1063
40002.1,1609,1782
40003.3,1965,1988
40004.2,405,851
40004.6,1265,1401
40004.8,1128,1774
40005.2,265,1295
40005.5,100,70
40006.9,804,1438
40008.5,310,2132
40008.9,1550,854
40010.1,1054,1654
40010.7,837,593
40013.8,351,201
40013.8,424,708
40014.6,1147,964
40018.8,1086,1933
40020.4,401,648
40021.7,1484,199
40025.0,389,1569
40027.5,979,620
40028.9,1601,520
40029.3,901,549
40031.9,1755,1479
40032.8,490,455
40037.9,691,1200
40042.7,442,573
40043.6,867,10
40046.3,1751,709
40048.9,461,2098
40049.2,696,1098
40049.8,1697,2022
40050.8,2021,1843
40051.5,1788,32
40052.3,349,388
40053.1,611,971
40053.5,1336,503
40053.8,858,1480
40054.1,1529,1012
40054.7,686,1885
40056.3,1274,1450
40057.8,90,1116
40059.4,114,1039
40059.5,1828,2033
40059.6,1757,679
40060.6,709,317
40061.6,526,1188
40062.0,659,396
40062.6,1537,533
40063.8,16,868
40064.7,1166,1798
40067.4,579,665
40067.7,569,565
40068.0,1772,819
40068.8,879,1608
40069.7,321,649
40070.2,426,1202
40070.7,558,2135
40072.6,1147,1953
40073.2,30,1136
40073.6,1159,369
40074.3,1278,879
40074.7,319,14
40075.2,1226,137
40075.8,1317,747
40077.6,888,723
40078.7,525,1098
40079.2,1100,950
40079.6,1532,486
40080.6,1511,1307
40083.8,1841,1977
40084.3,1080,2023
40084.5,495,1319
40085.9,113,1752
40086.6,1418,2
40086.7,1756,709
40087.0,1231,799
40088.3,1837,1816
40094.0,1061,1168
40095.0,1949,675
40095.4,1025,529
40096.1,1427,704
40099.4,973,23
40099.9,1740,546
40101.5,192,2083
40101.8,1941,2057
40104.2,2054,2107
40107.1,700,147
40108.2,529,1459
40108.4,471,16
40109.7,1121,590
40110.0,1415,1061
40110.8,335,866
40110.9,642,2006
40113.4,535,46
40113.7,355,93
40113.7,687,693
40114.5,557,1479
40116.8,2099,1014
40117.3,1026,867
40117.5,139,950
40117.8,699,1227
40117.8,18,1916
40118.7,131,51
40119.0,426,2009
40119.1,1421,201
40122.0,1342,607
40122.4,55,2073
40123.3,1512,662
40127.2,204,1337
40127.4,1466,345
40129.3,574,2089
40130.0,1569,186
40130.0,1870,1186
40131.1,448,421
40133.0,450,1528
40139.2,255,961
40139.8,2051,2000
40140.2,515,1408
40141.4,87,432
40141.6,1745,2073
40142.0,834,1102
40143.8,554,1808
40144.8,1746,2008
40144.9,1278,754
40146.9,1391,1327
40149.0,334,1237
40149.7,2034,211
40149.8,361,341
40151.5,192,951
40152.1,896,1645
40154.2,1430,608
40154.3,1925,735
40154.6,45,1386
40156.4,354,1527
40156.9,1777,1722
40157.2,451,1114
40158.6,1909,231
40159.2,263,1404
40159.7,474,460
40162.0,2137,2048
40163.2,1384,1051
40164.4,469,605
40166.0,1582,1332
40167.4,1375,481
40168.2,953,1613
40169.6,1732,1251
40170.6,1141,913
40170.7,1845,1080
40170.7,2,380
40171.8,237,479
40174.0,19,1678
40174.3,674,742
40174.7,1111,963
40174.9,1422,1087
40179.2,1287,328
40180.6,2052,493
40181.8,1995,2050
40183.2,1353,1334
40183.3,1843,461
40183.8,976,1641
40184.9,167,874
40185.3,1050,839
40185.3,1161,1117
40185.4,191,284
40185.4,23,1705
40186.6,1641,382
40187.7,884,770
40191.1,780,351
40191.8,689,1594
40193.8,1179,70
40195.6,973,197
40196.4,11,1379
40197.4,110,1763
40197.8,2113,472
40197.9,1832,451
40198.0,428,1808
40199.2,1513,401
40199.2,1335,664
40201.5,104,1566
40202.0,2043,1184
40203.1,1449,1463
40204.6,801,770
40204.7,1492,1780
40205.3,1360,1048
40208.1,1006,1047
40211.2,2089,434
40213.2,1680,2118
40214.2,508,29
40215.0,1539,976
40215.3,331,1901
40215.3,892,93
40216.2,494,1901
40217.8,526,1022
40222.1,707,1339
40222.6,466,347
40223.9,476,677
40225.6,1897,1714
40225.7,1485,390
40226.7,1842,2059
40229.2,1274,519
40229.6,1918,1780
40231.5,79,250
40231.9,569,1413
40233.0,1684,1292
40233.9,752,1386
40234.3,1433,1234
40236.3,1804,1445
40236.4,1601,261
40236.8,73,273
40242.2,1083,114
40243.7,87,1371
40244.1,1231,1274
40246.6,1731,696
40247.9,1532,592
40250.1,1724,1430
40250.5,1870,889
40252.5,197,1873
40255.4,1598,1647
40256.2,621,1051
40257.5,744,57
40261.8,985,425
40264.1,1313,1969
40265.2,2022,37
40265.9,1421,269
40266.0,536,1136
40266.6,239,1936
40267.3,957,1784
40267.6,174,1726
40269.3,199,421
40270.4,599,1882
40270.5,1713,1700
40270.8,937,1466
40271.0,1718,5
40271.1,1832,710
40273.6,1406,1375
40274.5,835,520
40276.5,1780,403
40276.7,1064,559
40278.9,22,336
40280.3,524,875
40280.6,543,235
40280.7,1328,912
40280.7,1634,1929
40282.4,69,1856
40282.5,1524,901
40282.9,317,1393
40283.5,2077,900
40284.0,1698,727
40287.8,1887,1390
40288.1,436,2085
40288.5,969,973
40289.1,617,453
40289.6,1699,1037
40290.2,2133,1912
40291.9,1549,1572
40292.2,857,193
40292.5,543,659
40292.6,2103,189
40293.4,391,2096
40293.6,342,1369
40294.1,1076,358
40297.0,1506,411
40297.3,780,798
40297.7,319,1921
40298.8,296,1245
40299.2,1400,1497
40301.9,1789,1590
40305.2,1543,616
40305.7,1683,1848
40308.0,419,1988
40308.1,558,176
40308.5,1502,1964
40309.9,500,1820
40310.5,1411,707
40310.8,23,193
40314.2,757,1198
40319.0,528,946
40323.3,1843,375
40324.0,1577,1274
40324.3,889,788
40326.0,1456,346
40328.1,1849,654
40331.2,270,281
40331.7,662,1810
40333.5,35,869
40335.1,1727,1929
40335.8,1051,514
40335.9,477,382
40336.7,1005,307
40336.8,164,469
40336.8,1074,1607
40336.9,1358,761
40338.2,191,1275
40339.3,1585,1710
40340.3,1640,1418
40340.4,820,1467
40340.7,743,554
40341.5,942,748
40343.2,33,682
40343.7,878,742
40344.1,91,2014
40346.0,1676,1784
40346.6,1937,1633
40347.0,873,1443
40351.2,672,409
40351.6,966,298
40351.8,1210,1402
40353.2,1061,1857
40353.6,269,312
40354.3,2086,1086
40355.7,1906,493
40356.7,593,669
40357.0,1091,1110
40358.3,1186,1140
40359.1,1237,1244
40360.0,1618,1271
40360.5,1345,329
40362.0,725,483
40363.2,1898,575
40364.4,381,1051
40364.6,227,1964
40364.7,831,349
40365.1,531,1805
40365.8,1153,1624
40365.9,541,866
40367.6,1440,1321
40368.0,603,1372
40369.6,457,851
40370.3,42,1692
40372.3,1807,891
40372.4,1887,108
40372.7,875,1045
40373.4,1618,659
40373.4,1961,1407
40377.8,868,474
40379.9,357,779
40380.9,647,2117
40384.4,343,2089
40386.7,863,1312
40386.7,967,2049
40387.2,1318,1391
40387.2,150,1602
40388.1,1416,384
40389.5,1085,1697
40389.7,2057,1366
40390.3,1666,659
40390.4,1608,663
40391.9,725,1268
40392.2,2070,504
40396.2,1249,1102
40398.8,1677,1437
40398.9,1099,1852
40399.4,143,285
40399.9,1576,870
40400.2,1071,1316
40400.7,1366,13
40400.8,582,572
40400.9,2134,2059
40401.4,410,837
40401.5,219,1465
40404.1,1003,229
40405.1,2131,959
40405.1,622,759
40405.4,162,675
40406.9,1264,282
40409.0,1747,1669
40412.1,1796,186
40414.3,1654,824
40415.8,650,674
40416.4,1674,1836
40416.8,75,29
40418.0,1969,1997
40418.3,1202,1677
40418.6,1433,74
40420.2,578,371
40420.5,1361,773
40420.6,662,1384
40420.9,813,1768
40422.6,1592,1759
40423.7,1904,252
40424.4,1344,1780
40424.8,93,862
40426.1,1097,2109
40426.3,489,303
40427.5,1066,1353
40431.4,2022,739
40431.4,1421,1535
40431.9,930,666
40432.0,1328,1440
40432.5,631,1587
40434.7,1167,1504
40434.7,2141,854
40436.3,220,1894
40436.5,2059,1154
40438.5,816,613
40440.4,1664,1589
40441.3,59,401
40441.4,1394,737
40442.3,1167,1276
40444.0,131,1286
40444.2,865,1741
40444.4,1042,391
40445.1,956,1823
40445.1,663,2034
40448.2,570,119
40448.2,1431,216
40448.5,1203,19
40451.2,1812,928
40452.4,1813,1940
40454.1,2099,341
40454.1,1075,2080
40454.7,410,1425
40456.6,101,1469
40459.1,699,1212
40460.1,1831,2141
40460.5,180,1262
40460.7,1258,2045
40465.0,1066,25
40466.4,2122,1896
40467.3,1430,317
40467.8,1640,657
40467.9,469,817
40468.7,138,258
40469.3,2144,1154
40470.8,1262,1956
40473.1,965,941
40473.1,1269,1928
40475.0,409,1248
40475.2,1287,761
40477.0,2053,1236
40477.2,1556,2008
40479.3,1870,1139
40479.5,1376,991
40481.4,1146,1671
40483.1,1805,1407
40485.3,843,1815
40485.4,1214,968
40486.0,465,386
40490.0,2121,1511
40491.1,1521,566
40491.6,2024,481
40492.3,2023,1232
40493.2,671,1288
40493.8,1015,1117
40495.5,835,709
40496.0,41,502
40498.4,110,678
40499.7,2143,831
40501.2,1097,276
40501.6,218,347
40501.7,529,186
40503.8,1856,1251
40504.6,381,1283
40506.1,1786,395
40512.5,1122,530
40512.8,2050,231
40513.0,277,707
40513.4,631,1075
40515.9,1957,35
40516.8,102,2040
40516.8,739,1889
40517.7,1486,1837
40518.1,790,1678
40519.6,670,1351
40520.0,1268,1891
40520.1,705,1581
40521.3,442,1304
40523.5,1196,1632
40524.2,539,6
40525.0,713,1880
40525.2,964,475
40526.8,2143,1792
40531.5,2083,1680
40535.1,986,852
40537.3,1239,1133
40537.9,1800,1474
40540.5,191,706
40541.6,83,823
40545.4,1319,1594
40547.0,2054,188
40550.9,1241,1140
40550.9,629,1846
40551.8,1719,540
40553.2,1130,1212
40553.3,1201,1875
40554.5,1081,1172
40555.3,335,1418
40555.6,2009,682
40556.2,73,1766
40556.3,529,1020
40557.7,600,46
40561.7,66,56
40563.1,705,1935
40564.1,1725,1973
40565.8,569,1098
40566.5,1284,829
40566.5,603,611
40566.7,696,495
40566.9,423,1633
40568.1,838,1311
40570.3,889,714
40571.9,612,932
40572.1,588,923
40572.6,566,1097
40572.7,1605,237
40573.6,333,1041
40575.3,1110,683
40581.3,672,879
40582.7,784,519
40583.0,1233,1740
40584.7,1618,489
40585.9,1821,332
40585.9,384,2084
40586.6,600,454
40586.9,928,1827
40590.4,1302,731
40590.5,1064,1412
40591.9,1236,1054
40592.6,632,1958
40592.7,210,1081
40598.5,2016,1078
40600.4,677,717
40601.8,1853,821
40601.8,2013,1036
40602.7,1493,213
40603.6,1793,1101
40606.0,594,206
40607.8,213,1639
40609.1,1009,8
40610.4,1862,1996
40610.8,1780,1563
40611.6,1488,2079
40612.1,2125,1809
40615.1,383,1299
40615.9,959,926
40616.2,910,2054
40616.5,152,755
40616.9,1192,229
40617.4,1185,1878
40618.0,429,691
40618.8,490,628
40620.5,179,1889
40621.7,1641,633
40622.1,147,1446
40622.3,1073,544
40624.1,1342,1747
40624.2,1842,1005
40627.1,1829,619
40627.2,1949,93
40627.2,1827,1315
40628.5,1363,1603
40629.3,1205,1965
40629.6,458,176
40632.4,1856,1243
40635.0,1066,2081
40636.0,173,2010
40639.8,1632,1999
40641.0,2127,2110
40641.1,74,678
40645.8,555,897
40647.2,7,39
40648.3,918,1239
40648.4,1965,493
40650.3,1281,74
40656.5,802,795
40656.6,941,2087
40660.2,40,779
40662.0,1103,842
40662.1,1021,1806
40663.8,447,618
40667.2,1512,118
40669.2,1108,2108
40670.4,443,2042
40671.9,1894,935
40672.1,726,545
40674.7,1970,159
40676.0,586,2137
40676.3,1622,862
40678.9,385,159
40679.6,127,1132
40683.4,1884,1698
40686.4,165,911
40687.4,1587,276
40690.5,1054,1609
40691.3,1915,1555
40692.8,1666,1050
40693.2,1122,263
40693.4,1437,335
40693.5,1405,1076
40694.8,1803,717
40695.3,1881,936
40695.4,419,2064
40697.1,2024,555
40697.6,1234,718
40700.0,67,537
40700.3,1947,736
40701.1,1525,648
40701.2,1408,688
40702.1,602,988
40702.2,493,1091
40702.5,277,1581
40703.1,957,649
40703.8,1798,1496
40705.8,1798,540
40706.6,1909,448
40707.9,2084,1126
40708.6,1443,772
40710.1,1233,1614
40713.3,1357,1803
40713.7,249,1560
40715.7,951,1063
40717.1,1788,2064
40718.0,1749,1189
40719.8,1640,648
40721.0,382,2037
40721.8,790,1595
40723.6,1333,988
40725.4,8,263
40725.5,52,95
40725.6,1928,968
40730.1,478,2123
40732.3,640,1673
40732.6,1024,289
40733.7,1985,195
40734.0,751,761
40734.5,2110,362
40735.8,945,614
40736.0,1057,1192
40738.6,1085,1433
40740.2,1161,1159
40743.3,656,1817
40744.2,2024,715
40744.6,1793,1882
40747.9,310,1866
40748.3,1671,1605
40749.4,1840,1068
40749.5,23,1539
40749.7,1934,1757
40750.9,677,782
40751.6,349,536
40752.1,836,121
40753.1,2120,2022
40754.1,286,724
40755.0,314,721
40758.7,660,1662
40759.0,457,1496
40759.7,307,137
40760.0,1592,701
40760.2,1329,418
40761.4,786,1298
40762.1,2078,1180
40762.5,1995,750
40764.5,752,2048
40764.9,406,687
40765.4,543,239
40765.5,1005,762
40765.6,284,641
40766.4,482,628
40766.9,1627,1715
40767.6,1910,2101
40767.9,789,399
40768.7,1091,205
40769.9,884,1947
40770.5,872,1994
40771.1,1056,460
40771.6,416,1559
40772.5,408,1190
40774.6,279,628
40774.6,1113,1747
40775.1,2100,1376
40775.2,1074,160
40775.8,1651,1187
40777.6,1421,876
40779.1,223,406
40779.1,1891,1489
40781.7,1854,1940
40781.9,1391,1935
40783.8,1314,193
40784.0,715,1377
40785.2,481,641
40787.9,756,1945
40788.2,1102,1169
40789.6,1498,1289
40790.8,1012,54
40791.6,1299,542
40792.1,1752,1922
40796.4,608,973
40797.6,1809,1986
40798.5,44,1817
40799.0,329,1667
40799.3,18,1641
40800.0,1656,1977
40801.2,1224,53
40802.4,157,1880
40802.7,557,695
40803.9,456,2046
40804.5,61,890
40805.2,1170,1457
40805.6,103,746
40806.8,1483,1566
40807.3,1330,2140
40807.7,1231,290
40812.7,1111,735
40814.8,917,1343
40816.3,139,547
40816.5,958,1460
40819.5,335,1997
40821.3,2093,1663
40821.6,993,189
40822.1,1037,1604
40826.3,1943,24
40827.7,1076,937
40828.2,429,1994
40828.8,784,329
40829.5,1728,268
40832.2,136,1076
40832.7,823,312
40834.5,1027,1830
40835.9,1626,425
40837.7,1727,1375
40837.8,1992,1475
40845.1,2071,1310
40845.4,1936,1953
40851.9,2095,333
40852.6,1717,2109
40853.9,1657,1351
40854.0,2078,1824
40854.4,1240,1944
40854.7,740,342
40855.5,1853,2084
40857.3,1201,1302
40858.1,1953,1892
40858.1,162,2133
40860.0,1400,1389
40861.0,2078,781
40861.4,1528,1696
40861.9,948,682
40864.3,1495,1262
40864.4,290,1317
40865.1,615,1936
40865.8,345,1410
40868.0,1568,662
40868.6,332,232
40870.8,515,1845
40876.3,612,108
40876.3,1334,1043
40877.0,417,1730
40878.6,1136,1675
40878.6,1645,1265
40879.7,823,658
40880.0,1371,1347
40881.5,862,2110
40882.4,921,928
40883.8,1078,1019
40885.1,1464,1169
40886.0,674,2054
40888.0,712,32
40891.6,1613,1759
40892.3,850,1059
40893.2,1836,359
40893.2,87,621
40895.6,337,0
40895.6,840,687
40897.4,1635,1676
40899.7,1910,53
40900.6,2094,1663
40902.6,1263,284
40903.3,588,2024
40904.8,1695,1415
40904.8,1208,662
40905.3,348,631
40905.5,476,1480
40909.4,1509,830
40910.2,640,1970
40910.3,1900,1618
40912.0,476,1539
40912.3,558,777
40912.6,101,448
40914.7,198,1943
40917.4,182,473
40918.2,1202,1263
40918.8,905,1212
40924.7,1537,1086
40925.7,1996,1324
40925.8,828,389
40929.1,839,911
40929.2,1306,926
40929.6,2042,1545
40929.9,2007,1174
40930.0,122,906
40930.7,428,1221
40930.9,1147,1672
40932.4,765,776
40933.6,1859,789
40937.4,535,1823
40938.4,131,652
40940.5,1187,1692
40940.8,1473,1500
40944.0,68,278
40944.2,331,1075
40947.4,1425,529
40947.9,1379,1496
40948.3,30,343
40950.1,1587,1494
40950.5,1998,237
40951.0,1187,1049
40951.6,410,1064
40952.1,288,18
40952.3,838,2065
40953.3,1951,6
40954.5,298,1011
40956.8,1759,90
40959.2,538,273
40959.4,406,25
40959.4,1668,1987
40960.6,1448,590
40960.7,247,1164
40961.7,1284,1227
40962.0,1356,1775
40965.5,2118,1571
40967.6,748,677
40968.8,1319,1090
40969.3,387,1884
40969.4,1422,1567
40970.2,588,886
40971.8,1685,134
40972.5,37,1556
40972.9,2114,2017
40973.1,984,1369
40974.9,769,1367
40975.0,1492,568
40975.1,1903,1978
40975.1,1254,2134
40975.4,29,1829
40976.0,1892,1018
40978.6,1482,1404
40978.9,645,1884
40981.3,1257,884
40982.3,638,1616
40984.1,660,522
40984.6,1743,852
40985.1,863,1865
40985.4,560,949
40987.9,292,1065
40990.7,1682,1051
40991.4,1488,122
40991.8,230,1338
40993.5,348,1291
40995.0,252,868
40996.1,430,178
40998.2,495,80
40998.6,1107,886
40998.9,1489,177
41000.0,218,988
41002.2,168,1674
41003.7,224,1969
41006.3,1655,2063
41006.8,1606,1530
41007.3,1241,636
41007.5,758,1902
41008.2,2140,1440
41009.0,1500,1780
41011.3,1201,1276
41015.7,718,2024
41016.6,94,354
41017.7,599,1472
41017.9,1670,1807
41018.4,1144,563
41020.8,708,369
41021.5,237,1455
41021.8,2085,419
41026.5,1843,310
41027.9,743,89
41029.6,910,1303
41030.3,2042,1840
41031.6,492,724
41031.9,1187,1005
41032.9,873,1536
41033.1,938,278
41036.2,1384,1438
41036.5,1912,819
41037.8,1978,1916
41039.1,891,255
41041.7,1779,1311
41046.4,1458,2086
41046.6,1765,1458
41047.1,1590,277
41047.6,2004,897
41048.9,1002,2013
41050.7,1313,421
41053.8,1277,519
41057.5,816,1672
41058.4,1678,468
41059.7,1884,1283
41059.7,1621,321
41059.8,1421,1446
41060.4,396,177
41061.3,1224,502
41062.3,1644,1561
41065.0,353,1524
41066.0,112,262
41066.9,2059,1795
41069.1,1868,32
41071.3,762,1698
41072.2,478,1458
41074.0,690,1068
41074.3,1598,198
41074.9,283,395
41075.5,1972,1709
41076.7,1406,1088
41077.1,623,1660
41079.7,513,275
41080.9,1218,1832
41081.0,5,536
41082.4,709,2034
41083.9,131,1940
41085.8,516,1393
41089.6,1496,573
41089.8,741,983
41091.9,830,1225
41092.8,251,1329
41093.4,1029,837
41099.9,334,1813
41100.0,322,235
41101.4,1146,1618
41101.7,273,291
41102.6,1582,1863
41105.2,272,2027
41106.1,857,1432
41106.2,1308,1232
41109.4,1481,776
41109.5,436,910
41114.1,608,1470
41114.5,1815,14
41118.5,2046,790
41118.9,423,966
41119.4,87,1400
41119.9,25,1841
41122.7,1686,1041
41124.5,1977,448
41125.8,1575,532
41127.1,1105,785
41127.7,453,776
41127.8,1364,958
41129.6,1152,34
41131.5,547,92
41133.7,1804,1024
41135.3,1420,2121
41135.7,1234,221
41136.0,661,1816
41137.6,1551,23
41137.7,222,1734
41139.5,1986,518
41140.0,1837,786
41141.8,1162,1042
41144.7,1437,503
41146.3,156,1661
41147.0,1217,588
41147.1,31,787
41147.1,854,1133
41147.6,2006,421
41147.6,2125,1049
41147.8,1820,1416
41155.4,758,938
41156.2,976,1382
41156.5,1057,1868
41156.6,1275,2136
41157.3,2087,793
41157.5,1361,905
41158.1,754,745
41158.8,1826,1071
41160.1,30,788
41160.5,1043,2015
41163.1,899,1953
41165.8,1390,2023
41168.5,2011,1372
41168.7,747,337
41171.1,656,184
41171.1,1250,50
41172.4,879,1151
41172.6,193,768
41172.9,1960,863
41173.9,1527,860
41174.5,134,222
41174.6,1285,1684
41175.0,812,1650
41175.6,1146,773
41176.2,1387,2079
41176.8,1245,290
41178.0,1964,1315
41180.4,467,900
41182.0,1268,1203
41184.0,1313,1014
41185.5,1596,2039
41186.4,2013,1291
41187.5,639,856
41187.6,1613,445
41188.2,1715,1638
41188.5,1226,756
41190.5,142,334
41190.7,1063,460
41191.3,705,1209
41192.4,1902,1869
41192.4,1459,1061
41193.8,466,289
41197.1,1067,129
41200.7,1755,1520
41202.0,2023,1625
41202.5,743,1736
41203.4,1120,71
41204.1,924,1427
41204.3,2103,1016
41204.7,1497,1692
41204.9,885,905
41205.3,1332,1728
41207.7,444,1370
41209.2,628,634
41210.7,875,215
41211.9,1226,1994
41212.5,1401,1748
41213.2,1491,1772
41213.4,1118,894
41213.7,1222,1057
41213.8,1564,1989
41215.8,1574,838
41216.7,613,1522
41218.1,413,1172
41219.4,916,1939
41223.4,1387,653
41224.6,2126,920
41224.7,328,1600
41226.1,2108,1727
41226.9,1081,1079
41228.8,1835,1789
41231.0,1844,816
41231.2,1873,259
41232.2,397,1654
41233.4,1028,469
41234.8,586,1613
41236.5,2040,336
41237.4,1912,232
41239.0,1404,935
41240.6,1893,1098
41244.4,85,1436
41246.2,316,264
41247.3,1225,1304
41248.6,497,500
41251.7,1182,690
41252.4,1275,536
41252.6,1818,1270
41252.6,1465,335
41257.9,681,2145
41259.4,2053,895
41260.7,122,472
41260.7,966,1415
41261.5,1130,916
41264.5,477,151
41264.6,734,1045
41265.2,493,617
41266.2,1469,1063
41267.6,1874,731
41268.2,933,410
41269.5,215,2097
41269.6,1781,1791
41270.4,216,1099
41273.7,529,1470
41275.9,1838,75
41280.4,1319,1141
41281.8,1586,1109
41282.0,650,910
41284.4,2051,1146
41286.5,2059,1987
41287.2,322,1714
41287.6,2123,1156
41287.7,719,329
41287.9,1153,1554
41287.9,836,2046
41288.0,1605,598
41288.8,924,1368
41289.0,1107,859
41289.6,454,1006
41291.9,2122,1942
41292.0,1312,1922
41292.1,1771,662
41294.4,2076,1147
41295.3,1530,1238
41296.2,183,215
41297.2,1044,1686
41297.4,1537,1145
41298.3,2099,1443
41299.0,180,501
41299.7,1731,2060
41300.2,1694,1861
41305.1,1800,1363
41305.4,561,1257
41306.6,1376,882
41307.8,168,929
41309.1,310,854
41309.3,88,1015
41311.2,1626,457
41312.5,1795,1168
41317.7,775,1609
41318.7,1840,35
41320.1,1851,325
41320.9,1774,1318
41321.9,87,1868
41322.3,1651,476
41323.8,161,1029
41326.1,1383,1238
41326.6,1300,1778
41327.2,1578,859
41327.8,464,855
41330.9,585,575
41333.6,863,238
41336.6,749,396
41336.7,2015,761
41339.6,1237,1826
41340.7,880,2041
41342.3,378,714
41342.6,1372,1832
41344.9,891,2024
41346.1,1421,28
41346.2,531,633
41349.0,278,959
41349.3,59,1170
41349.8,1942,1094
41351.4,1318,202
41354.6,1935,1215
41355.8,320,331
41360.8,636,550
41361.1,1685,1730
41362.8,981,605
41364.7,918,358
41365.1,56,78
41366.6,893,1022
41367.7,963,1776
41369.4,813,1657
41369.5,255,1162
41370.4,1695,313
41371.6,1494,1722
41371.7,1308,441
41372.6,306,47
41373.2,1181,619
41375.2,755,672
41378.6,260,2008
41380.3,1404,2140
41386.1,861,602
41386.1,158,2121
41387.6,29,1969
41387.8,605,580
41389.2,2038,1228
41396.3,1801,2125
41396.7,141,371
41397.9,1265,1095
41398.1,2084,833
41398.5,1103,1025
41398.7,1016,1989
41399.2,1092,1229
41399.3,2031,2052
41399.8,1076,1947
41401.5,177,636
41401.8,534,2076
41403.2,777,334
41403.3,269,1532
41404.0,280,383
41404.0,983,1821
41405.9,716,982
41410.3,371,115
41411.7,624,1232
41411.9,188,1319
41413.1,1597,832
41413.2,1542,645
41413.9,1201,1153
41416.7,1919,1917
41418.7,1699,358
41420.2,1751,1793
41421.7,1708,513
41423.3,81,1234
41423.5,2016,1503
41425.5,360,237
41429.3,1264,259
41429.3,119,614
41429.9,733,866
41429.9,1411,396
41430.1,1693,659
41432.4,1331,486
41432.9,622,2068
41433.8,172,1269
41435.0,1706,100
41437.2,1123,1715
41438.3,1529,176
41439.1,1368,356
41440.0,58,1061
41440.1,203,1158
41440.9,89,2145
41443.2,1807,1357
41446.5,1583,918
41446.7,2138,1041
41447.2,954,945
41448.6,1317,223
41451.1,302,244
41451.4,1952,61
41451.4,977,878
41451.9,570,812
41452.4,96,1788
41452.7,1270,338
41454.4,1515,1938
41457.2,2081,826
41457.5,1610,146
41457.8,1558,409
41458.3,1399,1145
41458.6,1246,459
41460.2,2060,619
41462.5,1417,1291
41463.3,1172,1723
41464.5,952,802
41470.3,231,1115
41472.4,888,180
41473.8,1388,333
41474.7,1475,2103
41480.0,967,1405
41480.0,1760,513
41481.2,1477,136
41482.8,1130,258
41487.1,1030,983
41487.8,802,975
41488.1,721,838
41489.6,1560,1445
41490.1,1396,242
41492.6,560,39
41493.8,73,1532
41494.1,1216,2031
41498.0,626,1842
41499.1,267,869
41501.6,1146,1622
41502.1,773,1514
41504.7,407,1044
41505.4,685,182
41505.6,1086,166
41507.2,2074,924
41507.7,22,1842
41509.8,309,1725
41511.1,409,127
41512.1,902,449
41514.5,1807,989
41515.0,1762,831
41515.3,1507,1472
41515.6,987,1901
41518.1,1312,827
41518.2,1340,537
41520.4,1538,409
41522.4,649,1046
41531.3,192,134
41531.5,808,2023
41533.8,1368,342
41534.7,1407,156
41536.0,757,595
41537.1,1095,52
41541.8,2011,1523
41546.8,1999,2116
41548.4,558,937
41548.9,155,655
41551.0,1273,742
41551.1,1235,571
41553.7,2091,1216
41553.8,952,1140
41556.4,2011,1918
41557.7,765,1986
41559.0,1704,814
41560.3,617,23
41560.8,329,1502
41562.5,1905,22
41564.5,1454,773
41566.1,946,45
41566.6,1024,1115
41567.6,1481,2095
41569.8,1593,2115
41570.6,1192,903
41571.0,2017,844
41571.1,1077,46
41571.3,86,931
41576.3,207,435
41578.2,30,909
41579.4,287,475
41580.7,51,2013
41581.2,1917,1789
41581.5,1705,880
41581.8,1251,1179
41582.2,243,1366
41582.5,1068,1961
41587.0,1452,86
41589.0,605,938
41590.0,399,1614
41590.1,1872,349
41591.2,1339,2111
41592.2,118,2009
41592.5,587,1984
41592.7,1559,914
41593.2,1205,583
41594.2,1780,2128
41596.3,879,1818
41596.5,857,683
41596.8,913,634
41598.6,1972,248
41599.1,1071,979
41601.7,575,1953
41606.0,1198,116
41606.2,1444,1404
41607.2,739,1074
41607.8,206,677
41608.1,1015,494
41608.2,407,2065
41608.7,1144,97
41610.9,380,1036
41611.2,2114,2137
41612.8,1940,923
41613.6,1091,188
41614.7,1061,1147
41615.6,373,270
41617.2,590,1213
41619.0,1664,613
41621.7,1167,1675
41621.8,887,1438
41622.2,774,1012
41623.0,691,1317
41623.5,1600,782
41623.9,490,1086
41624.1,1447,1897
41628.9,453,231
41630.6,1031,553
41630.8,772,1756
41631.5,559,1497
41633.0,1060,435
41634.2,2099,739
41636.0,1834,1139
41636.5,1853,1127
41637.1,1429,615
41644.0,72,1998
41644.7,779,929
41645.5,944,1701
41645.9,824,1530
41647.7,944,2029
41647.8,401,1196
41648.5,217,2044
41648.5,237,1346
41649.5,84,1053
41649.7,1607,888
41649.9,271,203
41650.2,1470,1309
41653.8,2036,1152
41654.6,1192,819
41655.2,2009,933
41655.7,588,407
41656.4,2131,1012
41656.8,683,2079
41657.9,1144,15
41659.2,833,1091
41662.2,1602,1145
41663.0,804,1490
41663.3,1376,1595
41663.5,430,1329
41664.0,1707,546
41666.2,1861,332
41670.1,647,1677
41671.8,251,367
41672.1,267,377
41672.7,1799,896
41673.0,583,492
41674.5,1874,1834
41680.1,1134,274
41680.6,1992,1962
41682.2,98,1147
41682.8,916,1812
41684.4,1586,1869
41685.6,1782,563
41686.3,615,1119
41686.7,1676,204
41688.5,904,158
41688.5,1907,708
41688.8,885,312
41689.6,2009,837
41691.0,1494,1715
41691.3,758,304
41691.4,1858,423
41693.2,581,1569
41694.4,1955,1793
41694.8,479,196
41695.3,1893,869
41695.8,1687,2143
41696.3,8,150
41697.5,1836,1069
41698.3,670,958
41700.7,1632,406
41701.3,1685,631
41704.3,166,1822
41705.4,543,1612
41706.4,1569,951
41707.7,1748,2006
41708.4,1751,944
41709.7,1579,943
41712.2,524,1946
41712.5,46,75
41714.5,1854,1479
41715.1,1051,37
41716.4,1129,467
41718.0,2090,947
41719.9,208,400
41720.0,1299,611
41721.9,536,18
41724.0,1921,49
41729.4,1979,2058
41731.0,1646,506
41734.1,713,1530
41734.8,281,1696
41735.5,164,700
41736.5,15,537
41739.3,107,592
41739.5,735,1232
41740.0,1588,1774
41740.1,1692,1334
41740.2,1472,1773
41740.8,750,1652
41741.4,2039,214
41741.8,894,823
41742.1,719,809
41747.5,2138,1085
41747.5,484,766
41749.4,318,1864
41750.0,1043,1496
41750.8,1214,686
41751.5,1290,1072
41755.3,1871,105
41756.9,1318,1228
41757.7,196,546
41758.4,1590,1340
41760.5,1691,1881
41762.1,1028,1930
41762.2,318,1758
41762.9,178,2007
41763.2,468,188
41763.3,324,1834
41764.3,1924,1645
41765.0,190,214
41765.2,56,101
41766.5,1023,1761
41767.0,535,889
41767.9,559,1016
41768.4,740,577
41768.5,1273,415
41768.7,1064,1377
41770.0,1644,761
41771.3,444,605
41773.0,94,693
41773.5,107,1034
41773.7,774,1649
41774.2,1425,652
41774.7,1282,399
41775.4,1595,1308
41776.1,902,1727
41776.6,1325,106
41778.8,723,1669
41779.0,1974,1518
41780.4,2011,625
41780.5,784,406
41780.9,804,41
41781.6,1226,968
41783.7,2089,2049
41787.4,1187,1854
41787.4,87,1697
41788.6,465,526
41788.9,1934,292
41789.0,1242,241
41789.8,428,915
41791.2,1039,1736
41792.2,221,1576
41793.7,1912,2108
41794.2,105,775
41795.4,582,1886
41797.4,1982,152
41797.9,2046,1363
41798.0,2076,1396
41798.3,1030,739
41804.1,1849,220
41804.4,1894,2021
41804.7,2104,13
41807.2,1035,370
41807.6,793,675
41808.9,1711,1279
41810.2,504,32
41812.4,546,840
41814.5,57,137
41817.3,1584,1492
41818.3,712,778
41821.8,1063,1990
41822.8,938,1222
41825.2,381,260
41828.1,1793,1157
41828.8,1289,1992
41829.1,1297,346
41830.6,1025,446
41831.2,1719,286
41831.9,777,353
41832.2,926,612
41832.3,1876,630
41832.7,1940,1632
41838.6,1894,1121
41838.6,1341,836
41840.2,160,1360
41843.2,2132,1109
41843.4,1838,639
41844.2,1110,228
41844.9,2008,1350
41845.2,930,745
41845.9,22,421
41847.9,1310,224
41851.0,539,538
41852.2,827,183
41853.3,592,309
41855.1,847,1903
41855.1,1318,170
41855.4,2106,1677
41859.9,2032,673
41861.2,794,142
41861.8,2063,1873
41862.1,1123,1372
41862.3,1512,478
41863.5,597,1375
41864.0,1571,2044
41865.2,991,489
41865.8,162,632
41866.6,1741,803
41871.0,1212,1806
41873.1,1481,1605
41877.9,391,545
41878.8,226,1672
41880.0,1427,1302
41881.9,646,511
41882.1,1356,868
41882.2,450,1368
41882.8,1600,1933
41884.4,1382,1817
41886.1,864,1098
41886.2,534,603
41887.5,2128,274
41887.5,690,870
41888.5,1329,741
41888.9,1639,1308
41890.4,1465,1187
41894.6,176,2053
41895.1,1069,2120
41897.8,2106,179
41898.4,206,1253
41898.8,1945,2109
41899.7,1182,1247
41901.6,4,1620
41901.6,1589,143
41902.7,1498,1259
41902.7,543,431
41907.4,75,767
41910.5,2035,1904
41911.4,209,2060
41914.1,1350,941
41914.1,902,846
41914.4,1586,1904
41915.1,1415,577
41916.2,559,1447
41916.5,1259,414
41918.0,590,1838
41919.2,425,918
41919.4,902,1018
41919.5,1464,2130
41921.3,2085,1065
41923.2,71,1244
41925.0,1730,707
41925.8,726,561
41925.9,459,361
41927.7,1335,1233
41929.0,1269,2106
41930.7,63,596
41932.2,1669,299
41932.2,288,1592
41934.4,383,14
41935.3,1010,1974
41936.1,2005,948
41936.2,1371,390
41937.7,1612,42
41938.4,2021,704
41938.5,162,996
41939.8,1222,37
41940.2,83,420
41940.4,1822,1402
41944.3,840,1271
41944.6,284,1121
41945.1,133,347
41945.3,64,1029
41945.7,653,1780
41946.6,1740,1752
41947.4,1414,1570
41947.9,2054,824
41948.5,844,617
41948.5,1156,2141
41950.2,1664,2078
41952.5,780,349
41955.2,6,1933
41958.9,136,275
41960.7,1558,462
41964.0,1923,232
41966.0,670,1951
41967.5,935,530
41967.9,1597,1890
41968.8,947,365
41969.3,1589,1147
41969.5,118,2081
41971.6,719,973
41971.8,1084,812
41973.0,1768,1249
41977.6,1834,2009
41977.9,608,1020
41978.8,1047,674
41980.0,355,1011
41980.3,1252,21
41983.6,294,2117
41984.2,1182,1655
41984.3,1622,612
41987.3,1033,1519
41987.3,1500,1665
41988.6,2145,687
41989.2,1759,388
41989.4,911,2139
41990.9,289,639
41992.7,192,759
41993.2,1605,693
41993.3,1812,1106
41994.1,194,1227
41995.8,238,1217
41996.0,444,1182
41996.2,1705,1290
41996.8,1730,288
41999.3,224,1050
42000.0,1008,109
42002.6,110,1796
42002.9,1896,1611
42005.7,41,1462
42007.6,892,293
42009.9,1968,859
42010.7,1956,1541
42011.3,918,2019
42012.1,1972,759
42012.5,721,1052
42012.8,2088,1277
42014.7,295,721
42017.0,2013,1688
42018.9,434,547
42020.7,2067,592
42021.4,432,653
42021.8,1890,1836
42023.0,1173,2068
42023.1,1276,152
42023.7,498,727
42026.1,1421,1645
42030.3,43,1205
42033.3,1742,1934
42035.6,768,586
42036.1,2134,1608
42037.0,1090,2132
42037.1,1550,654
42037.5,304,1585
42038.0,1604,795
42039.2,1717,1298
42039.3,746,104
42039.9,454,1453
42041.8,2057,107
42043.5,2052,1724
42046.2,1226,1902
42048.0,31,465
42048.7,1537,567
42051.8,618,980
42052.1,514,2013
42058.2,1638,1520
42060.1,295,853
42062.2,1355,1585
42063.7,826,1342
42064.1,925,1496
42065.4,277,666
42066.6,78,1275
42067.1,1702,897
42068.7,1450,1490
42068.9,196,1390
42071.2,234,1136
42073.5,359,89
42075.1,1561,1668
42075.1,2103,181
42076.2,640,1069
42076.5,2063,349
42077.0,2094,1008
42077.3,1534,2003
42077.3,453,439
42078.0,1599,1648
42082.5,177,658
42084.6,745,383
42085.0,2072,1613
42088.0,1779,387
42090.3,1975,452
42094.2,1498,1057
42095.6,770,1572
42097.6,282,1294
42098.0,902,911
42101.7,1591,1251
42102.1,805,1158
42102.9,1154,936
42103.0,1206,580
42103.7,1907,1098
42105.8,1620,1778
42107.5,264,446
42109.3,1434,1634
42110.3,315,1675
42113.5,1568,1258
42114.9,1515,1797
42115.8,1752,1710
42115.9,311,1929
42119.3,645,1560
42121.7,1164,1929
42122.0,1853,1197
42125.2,116,612
42126.0,2039,548
42129.6,2032,828
42129.6,1750,1248
42130.3,1527,624
42130.4,1196,1523
42131.7,1287,1091
42132.0,1735,1211
42134.2,927,92
42135.6,2140,1120
42135.8,1243,1531
42136.5,1448,1422
42140.3,1861,806
42141.3,268,1402
42142.5,1851,1920
42143.8,329,1408
42147.2,343,770
42148.5,512,928
42150.9,1970,1649
42151.3,369,1615
42152.8,1163,2045
42153.1,1846,1610
42154.0,1570,1501
42155.1,1673,1210
42160.4,2046,447
42161.4,328,1975
42162.0,929,1090
42162.0,1770,441
42167.3,1807,1409
42167.5,1988,1294
42168.2,893,1159
42170.3,239,1689
42170.4,482,142
42171.5,1568,747
42172.2,1701,1719
42175.5,665,1863
42177.4,2065,978
42177.7,728,1553
42181.0,2015,816
42181.1,1691,2116
42181.3,792,1722
42182.4,292,517
42185.1,183,1763
42186.0,1838,646
42186.6,493,1517
42190.9,353,1235
42192.5,1919,60
42192.6,865,1046
42194.0,1198,321
42196.7,1564,1129
42197.3,1996,440
42197.9,4,1767
42199.1,1611,1422
42202.2,1358,820
42202.3,1066,1342
42202.9,2085,1638
42203.9,1374,746
42204.1,516,214
42204.1,1576,1419
42205.7,1959,1850
42206.1,472,1216
42206.5,230,339
42207.4,10,863
42210.6,589,5
42212.2,1913,708
42212.3,2046,112
42212.7,1757,1711
42213.7,1935,112
42217.7,495,2002
42218.9,580,509
42219.0,1776,1980
42219.1,963,166
42219.5,1404,2078
42219.8,1627,1494
42221.0,9,393
42221.7,1700,1466
42222.7,416,920
42223.3,1669,670
42223.6,627,157
42224.6,257,112
42224.7,973,85
42226.3,1488,100
42228.9,1560,967
42230.1,1065,1986
42231.1,1206,294
42232.6,1624,25
42234.4,595,1065
42235.9,1236,63
42241.8,1918,1239
42245.1,1272,1276
42245.5,462,1913
42247.7,1542,1758
42250.0,365,1631
42250.3,911,697
42255.8,965,739
42257.1,40,469
42260.2,1979,1575
42260.3,795,551
42262.4,1605,1391
42264.8,2057,18
42269.3,1882,614
42269.9,1949,138
42272.5,1359,310
42274.2,919,876
42277.5,253,75
42277.9,2091,358
42278.6,1925,764
42279.7,337,995
42279.7,528,135
42279.8,1497,251
42281.7,655,1958
42282.0,320,1796
42284.7,1438,1683
42285.5,760,1124
42285.7,2091,1595
42288.9,96,1017
42293.0,2114,1278
42293.2,392,1449
42295.2,764,653
42295.5,729,1111
42295.8,1079,112
42297.4,1638,1769
42300.7,351,1415
42301.8,724,524
42302.0,2009,1576
42303.5,1136,1583
42303.6,770,688
42304.1,1382,486
42304.6,723,304
42306.6,1976,698
42307.0,1546,248
42308.9,315,2096
42309.1,156,1695
42309.3,1850,2102
42309.3,2025,454
42309.6,917,2122
42311.2,1811,803
42311.4,1086,634
42314.3,1466,1901
42314.4,914,1764
42315.0,1532,765
42315.5,105,2017
42317.1,1963,643
42318.3,1072,1763
42320.0,294,284
42321.6,587,351
42323.0,933,1966
42323.0,1765,292
42323.6,378,1582
42326.7,1945,740
42328.8,219,618
42329.0,1197,324
42329.1,678,1711
42329.3,67,845
42329.3,845,764
42329.3,354,1244
42330.9,500,973
42331.9,1045,272
42333.8,1015,370
42335.2,2114,686
42335.5,1973,947
42335.6,1895,584
42336.7,2127,1932
42338.8,1844,1889
42338.9,167,1239
42339.1,951,2078
42339.9,1634,2065
42342.8,28,57
42344.5,1983,1879
42345.7,1153,644
42347.3,1870,141
42348.4,1894,1508
42348.7,1007,268
42348.9,2144,1321
42351.3,278,924
42351.5,1886,1069
42351.8,1372,497
42353.8,1468,1035
42354.3,698,913
42354.6,1046,169
42354.8,2073,1485
42356.8,260,38
42357.7,623,423
42358.5,5,2143
42359.8,1120,1331
42360.2,1390,1775
42360.6,1625,45
42361.6,1837,551
42363.8,1387,1027
42364.7,2031,2041
42365.2,2094,484
42366.9,1781,920
42367.5,529,1127
42368.3,326,458
42368.3,484,1749
42368.5,2130,1967
42368.9,1167,1726
42370.0,825,368
42370.7,363,1412
42372.1,300,1590
42372.5,470,77
42373.4,1109,1139
42373.9,1543,1182
42376.2,740,977
42377.9,1558,1743
42378.0,56,469
42378.8,1112,2120
42382.8,1201,671
42387.2,661,1100
42389.7,1900,488
42390.9,255,1567
42392.4,1214,1997
42395.5,100,1963
42396.1,1393,834
42396.3,1119,853
42396.8,1479,464
42397.1,927,283
42400.1,1673,1526
42403.1,804,546
42403.4,1129,1701
42404.5,1436,1458
42404.6,2032,2115
42406.6,2034,1939
42407.4,646,219
42407.9,2038,494
42408.8,1118,580
42409.6,455,1539
42411.2,1742,1295
42411.9,1455,1472
42413.5,664,2133
42413.9,832,1090
42414.8,1644,1227
42416.5,1091,1254
42416.5,1609,2120
42420.4,1228,612
42420.9,661,2110
42421.2,951,22
42423.7,123,300
42423.9,2004,716
42424.0,777,774
42425.7,673,146
42427.2,1449,1753
42428.4,1398,1832
42431.1,673,831
42432.1,504,1671
42433.8,312,1759
42433.9,442,999
42437.5,1766,1108
42442.2,1692,1362
42445.8,131,1479
42447.6,308,2097
42449.7,190,1213
42451.0,1998,988
42451.6,964,495
42452.5,1236,1884
42454.7,261,1588
42455.0,675,1281
42455.6,915,942
42456.3,20,752
42456.6,601,379
42457.5,548,432
42457.6,714,284
42458.0,1321,303
42458.0,1857,351
42459.2,1440,2133
42459.3,1883,1718
42460.7,1363,1544
42460.9,888,144
42462.0,1878,1844
42462.7,2110,1379
42464.3,808,1069
42466.3,1578,1121
42466.8,637,1327
42467.1,842,1953
42467.4,899,40
42467.5,28,1115
42468.3,1561,1658
42470.4,620,964
42470.8,723,1499
42471.1,191,495
42474.2,365,1180
42474.2,15,444
42474.3,1408,549
42474.4,2058,418
42475.3,1196,400
42475.8,1425,1704
42478.0,968,1845
42478.0,152,1067
42479.9,965,1944
42480.2,1867,1504
42480.3,966,1530
42484.3,1315,1439
42486.0,1753,677
42486.2,1230,1876
42488.0,1657,1585
42488.1,1994,1256
42490.0,5,373
42491.3,1558,441
42492.5,1529,402
42493.1,1218,395
42494.0,1518,1217
42494.1,1273,2087
42501.6,1645,1372
42502.3,1024,1583
42503.3,1109,1114
42504.5,1285,1547
42506.2,1912,1893
42506.8,1754,272
42507.0,1194,70
42507.1,335,1342
42507.2,107,1203
42507.3,366,1463
42507.3,1763,675
42508.4,1107,699
42508.5,605,447
42509.2,759,172
42510.4,911,1047
42510.6,100,2120
42513.9,1216,346
42515.3,1472,1897
42516.0,2097,1944
42516.3,452,980
42520.4,610,851
42520.4,1871,925
42520.9,407,868
42521.5,281,2052
42522.3,1040,2037
42523.2,1473,855
42524.9,1488,667
42525.4,1305,1011
42527.5,1325,1394
42527.6,1106,431
42532.0,1016,1724
42535.4,1183,982
42536.4,520,1175
42536.7,2099,1204
42537.7,1656,133
42538.4,1077,486
42541.8,1222,1229
42543.5,1485,204
42544.5,1563,786
42544.9,2035,1359
42546.4,199,413
42546.9,1456,68
42547.8,4,1753
42548.1,1391,2132
42548.6,1112,1422
42548.6,1313,740
42552.9,1593,1408
42553.3,188,1041
42554.1,2057,252
42555.3,1450,1623
42556.3,1281,222
42556.8,971,1132
42557.3,123,746
42558.1,1485,1072
42559.3,216,509
42562.4,726,1390
42562.4,824,1752
42563.5,1559,921
42563.9,633,420
42564.1,1101,1416
42564.6,2128,168
42565.8,1178,1593
42565.8,1472,768
42568.8,872,84
42570.0,1682,1790
42573.1,808,1269
42574.3,1700,1539
42576.8,1531,1323
42577.7,778,163
42578.0,1378,1211
42578.3,762,909
42578.6,866,302
42580.1,304,191
42581.1,481,166
42581.4,2003,1930
42581.7,106,137
42585.4,2045,2115
42585.5,1650,1855
42588.6,1705,1579
42592.2,2086,2076
42592.7,818,803
42596.2,1775,1312
42596.2,875,922
42599.1,270,736
42600.0,1201,182
42600.1,1103,223
42600.7,816,942
42601.1,2116,2134
42601.5,1004,2110
42604.1,1016,1296
42606.2,1995,728
42611.1,2118,51
42611.2,1377,950
42612.6,1510,2134
42613.0,1692,625
42615.6,144,837
42615.8,920,144
42616.0,457,555
42616.6,1632,247
42619.0,2011,938
42619.9,1324,1491
42620.5,202,1415
42620.6,376,1910
42623.0,1543,375
42623.4,1581,1717
42623.6,1252,928
42624.3,1955,12
42626.5,367,355
42626.5,164,218
42627.8,731,1609
42630.6,422,831
42633.9,1952,1059
42636.2,1470,1657
42636.6,1523,614
42637.5,879,369
42638.2,287,27
42638.8,945,1809
42639.0,1466,1679
42639.5,917,853
42640.4,1054,784
42642.8,303,247
42642.8,126,100
42643.1,724,90
42646.1,295,542
42646.9,1538,115
42647.5,1629,544
42648.1,1517,1928
42649.1,1211,1221
42649.2,529,2060
42649.7,1175,715
42649.8,718,1991
42650.2,608,318
42655.2,1049,225
42656.6,1176,1936
42657.6,353,829
42658.3,453,1788
42658.4,1710,1206
42660.2,2063,308
42661.5,1572,964
42663.0,519,1849
42665.6,1263,354
42666.1,1409,13
42667.2,979,864
42667.5,188,2135
42668.3,908,2105
42668.5,1122,696
42671.6,1475,638
42672.4,1196,1826
42673.7,947,1137
42674.1,1252,1596
42676.8,1206,1568
42677.2,1054,1775
42679.6,496,1021
42679.7,59,288
42683.5,1525,520
42685.7,303,382
42686.3,1455,295
42686.5,1743,1686
42687.1,2081,708
42687.5,971,1521
42687.6,1009,1346
42689.1,707,1321
42690.8,1172,1481
42691.5,856,327
42692.3,420,229
42694.5,354,878
42696.7,1139,1924
42696.8,1969,770
42696.8,405,1198
42696.9,739,912
42697.7,1794,1129
42699.2,1121,1532
42701.7,501,1808
42703.5,949,793
42703.5,1664,1387
42705.0,1074,2079
42705.8,1510,1837
42706.8,1521,301
42707.4,1446,1375
42708.7,380,1796
42708.9,1584,1026
42709.1,887,1778
42709.2,465,1966
42711.8,1245,1981
42714.8,655,710
42716.9,514,1163
42717.4,404,1660
42719.0,1299,333
42719.6,1190,403
42720.6,63,1365
42721.0,42,114
42721.9,920,2120
42723.6,55,1119
42725.4,77,1909
42727.2,1629,438
42728.7,152,1896
42729.9,1744,1348
42731.6,326,926
42731.7,2046,90
42736.4,2143,1881
42737.3,313,1365
42738.1,1068,493
42738.8,1990,275
42739.5,1312,1775
42740.3,1761,1762
42741.1,1351,484
42742.8,728,94
42743.1,1505,597
42744.4,1498,1917
42745.6,247,270
42748.2,1381,1181
42751.6,341,1506
42755.1,1634,2106
42757.1,1392,366
42757.2,373,329
42757.8,2007,2006
42758.1,2094,227
42759.1,1312,478
42760.6,1653,1684
42761.4,1876,410
42762.9,1559,1296
42763.3,575,786
42763.5,822,1176
42767.6,1576,804
42768.8,1567,1409
42769.6,900,1446
42770.4,186,435
42771.1,1197,1423
42771.2,597,689
42772.8,254,713
42773.2,1823,774
42773.2,472,1210
42774.9,1607,210
42775.3,1622,753
42777.0,1730,590
42779.9,657,616
42780.5,1462,831
42781.2,688,486
42783.6,1473,816
42783.9,1822,530
42784.6,556,164
42785.3,1896,1509
42789.8,61,1490
42793.3,2038,876
42797.4,985,1871
42797.9,990,1935
42799.8,1533,248
42803.5,2115,834
42803.5,1641,568
42804.6,2114,503
42807.0,211,1139
42810.6,1719,1999
42810.8,1222,555
42811.6,345,287
42812.3,869,1851
42813.8,2142,119
42813.8,1832,598
42813.8,691,874
42814.9,1999,11
42816.8,1803,1950
42816.8,283,1294
42818.2,1229,708
42823.4,1161,1018
42823.6,517,889
42825.7,387,88
42828.5,1654,1932
42829.8,1081,144
42829.9,755,1395
42832.1,1079,602
42832.9,2109,881
42833.1,2105,499
42836.7,248,971
42838.6,770,120
42841.7,428,1236
42843.9,889,171
42847.3,1258,1414
42847.3,540,2023
42848.6,1624,2123
42849.2,396,2020
42849.6,1224,1705
42850.9,1057,639
42851.2,700,1632
42855.6,1040,676
42857.7,34,1240
42858.4,1891,383
42861.8,1988,1198
42862.0,1482,1222
42865.1,1668,1783
42867.0,614,1105
42867.6,341,287
42868.3,154,411
42868.5,1107,469
42870.8,430,414
42872.3,216,1869
42872.9,414,94
42874.0,1637,667
42874.7,741,378
42875.3,1111,1920
42875.5,76,640
42875.6,798,284
42877.5,277,142
42880.6,535,1151
42881.0,745,1463
42882.8,1216,17
42884.1,1784,1599
42884.6,1613,505
42886.1,2013,708
42887.9,1875,563
42890.0,854,279
42890.9,2010,151
42891.6,194,1264
42892.0,582,70
42892.3,1153,1179
42894.0,1947,300
42895.1,312,1787
42896.5,819,1153
42898.0,303,1041
42898.2,374,406
42898.6,1898,317
42901.1,1788,1558
42903.3,540,40
42904.2,785,2120
42906.3,1195,708
42907.1,901,1085
42907.3,2004,232
42907.9,1217,547
42908.1,523,1288
42909.6,398,1725
42911.2,1191,203
42913.2,1147,2052
42916.2,1474,667
42916.6,1089,909
42917.8,1489,1756
42918.3,1616,893
42919.5,325,2050
42919.5,368,571
42921.2,182,1579
42921.5,1449,2023
42922.0,1954,1118
42923.2,1292,1657
42924.0,1714,1148
42924.6,1728,2031
42925.2,1807,1046
42929.4,380,900
42929.8,2090,422
42930.4,1140,49
42930.7,1235,580
42931.0,1733,1047
42932.7,817,556
42935.3,1162,1175
42936.7,545,491
42937.2,389,54
42937.2,2104,784
42937.7,175,216
42938.2,2057,410
42940.0,786,1730
42940.6,1199,1639
42941.7,1321,350
42942.7,929,1971
42943.4,837,1873
42944.4,135,148
42944.9,887,1046
42945.0,202,2039
42945.6,1359,241
42947.0,866,1324
42947.4,1525,459
42947.7,1760,1127
42947.7,1221,717
42952.1,611,178
42953.4,1362,1316
42953.4,783,408
42953.6,396,1474
42954.2,1461,1508
42955.2,708,1097
42955.3,1799,455
42956.0,1384,1321
42959.1,887,1552
42961.1,483,353
42961.3,1926,1
42961.6,181,1019
42961.8,1454,823
42962.8,1625,290
42965.4,1095,496
42966.2,639,289
42967.5,1384,300
42968.0,494,258
42968.1,1205,1672
42969.1,728,1553
42969.3,2021,960
42970.1,708,500
42970.7,1054,1433
42970.8,836,1484
42971.3,1627,1889
42971.6,814,439
42971.8,831,305
42976.2,756,1271
42976.5,1561,1554
42978.0,524,455
42982.1,1544,730
42982.2,929,1130
42986.1,1056,59
42987.9,9,314
42990.2,1193,1716
42991.8,537,38
42992.3,1127,1152
42992.7,1850,1524
42993.0,819,1743
42996.0,114,1964
42996.5,446,827
42998.9,773,1513
42999.2,1001,1755
43002.2,1127,258
43004.8,1434,454
43005.7,13,1836
43007.0,1583,1505
43008.0,1376,1343
43008.4,977,2073
43009.1,1538,361
43009.3,1394,2134
43010.1,8,1384
43010.1,842,171
43011.7,253,1971
43014.2,1024,1285
43014.8,1017,1584
43015.5,1810,793
43015.6,875,1656
43017.4,2126,1624
43017.7,1879,1368
43018.2,94,483
43019.6,743,342
43020.0,1468,781
43022.9,931,1063
43023.1,1822,697
43024.0,610,2093
43024.1,1438,1706
43024.7,1564,56
43025.2,719,1903
43025.6,1885,1903
43028.7,1575,1149
43029.7,842,981
43030.2,2140,649
